:10100000804900201D5D00006D080100095D0000A1
:10101000095D0000095D0000095D0000000000009E
:10102000000000000000000000000000895E0000D9
:10103000095D000000000000255E0000095D000061
:101040003D60000065A800003D6000003D600000BC
:101050003D6000003D6000003D6000003D6000001C
:101060003D6000003D600000A9D400003D6000002C
:101070003D6000003D6000003D6000003D600000FC
:101080003D6000003D6000003D6000003D600000EC
:10109000C9A800003D6000003D6000003D60000008
:1010A0003D6000003D6000003D6000003D600000CC
:1010B0003D6000003D6000003D6000003D600000BC
:1010C0003D6000003D6000003D6000003D600000AC
:1010D0003D6000003D6000003D6000003D6000009C
:1010E0003D6000003D6000003D6000003D6000008C
:1010F0003D6000003D6000003D6000003D6000007C
:10110000014B1B689B68184700000020014B1B68BF
:101110001B69184700000020014B1B685B691847DA
:1011200000000020014B1B689B691847000000204D
:10113000014B1B68DB69184700000020014B1B684E
:101140001B6A184700000020014B1B689B6A184768
:101150000000002010B4034C2468E468A44610BCCE
:10116000604700BF0000002030B50346114890F9E9
:101170001C209A4219DD90F924209A4217DA9A1A13
:10118000846AA05C0C4A15569D420DD00E3200298F
:1011900018BF01309442C0B206D129B1013BDBB285
:1011A000012B01D80130C0B230BD0D20FCE700207A
:1011B000FAE700BF380800209821010008B5054B68
:1011C00093F91C30984203DAFFF7CEFF024B1B560F
:1011D000184608BD380800209821010010B51C4CA5
:1011E00094F82C3073B9012384F82C3000F09EF869
:1011F00048B1184BA362D823236284F82430082313
:10120000A361237710BD00F0A7F80028F1D100F00A
:10121000ADF80028EDD100F06BF838B10E4BA362A9
:10122000D823236284F824300423E9E700F06AF825
:101230000028F3D100F070F80028EFD100F080F81A
:101240000028EBD14FF4DF71742000F019F800BFD3
:1012500038080020D3210100A6210100BFF34F8FE1
:101260000549064BCA6802F4E0621343CB60BFF342
:101270004F8F00BFFDE700BF00ED00E00400FA055E
:101280001FB572B6134B5D688DB9FFF7E7FFB2FB70
:10129000F6F2DCB20133002AF9D104F110036B44F9
:1012A00003F80C2C0A2234B901A8A847EDE702463E
:1012B00000230A26EDE7631E04AEDCB256FA83F380
:1012C000B0FBF2F602FB1600303003F80C0C30468F
:1012D000E9E700BFC80C00204FF08052034BD2F862
:1012E00030111960D2F834215A607047040D002083
:1012F000034B1868A0F10F0358425841704700BFD4
:10130000040D0020034B1868A0F10A03584258410D
:10131000704700BF040D0020034B1868A0F10E03B6
:1013200058425841704700BF040D0020034B186815
:10133000A0F1100358425841704700BF040D00202F
:10134000044B1868062803D0431C58425841704784
:1013500001207047040D0020034B1868A0F10D0315
:1013600058425841704700BF040D0020034B1868D5
:10137000A0F1080358425841704700BF040D0020F7
:1013800081F0004102E000BF83F0004330B54FEA36
:1013900041044FEA430594EA050F08BF90EA020FA3
:1013A0001FBF54EA000C55EA020C7FEA645C7FEA36
:1013B000655C00F0E2804FEA5454D4EB5555B8BF59
:1013C0006D420CDD2C4480EA020281EA030382EACA
:1013D000000083EA010180EA020281EA0303362D5C
:1013E00088BF30BD11F0004F4FEA01314FF4801C2F
:1013F0004CEA113102D0404261EB410113F0004F41
:101400004FEA03334CEA133302D0524263EB4303F7
:1014100094EA050F00F0A780A4F10104D5F1200E95
:101420000DDB02FA0EFC22FA05F2801841F10001F0
:1014300003FA0EF2801843FA05F359410EE0A5F1C4
:1014400020050EF1200E012A03FA0EFC28BF4CF0F5
:10145000020C43FA05F3C01851EBE37101F00045AB
:1014600007D54FF0000EDCF1000C7EEB00006EEBB8
:101470000101B1F5801F1BD3B1F5001F0CD3490842
:101480005FEA30004FEA3C0C04F101044FEA445299
:1014900012F5800F80F09A80BCF1004F08BF5FEA20
:1014A000500C50F1000041EB045141EA050130BD00
:1014B0005FEA4C0C404141EB0101013C28BFB1F512
:1014C000801FE9D291F0000F04BF01460020B1FA5D
:1014D00081F308BF2033A3F10B03B3F120020CDA30
:1014E0000C3208DD02F1140CC2F10C0201FA0CF00E
:1014F00021FA02F10CE002F11402D8BFC2F1200C73
:1015000001FA02F120FA0CFCDCBF41EA0C01904028
:10151000E41AA2BF01EB0451294330BD6FEA040471
:101520001F3C1CDA0C340EDC04F11404C4F120025C
:1015300020FA04F001FA02F340EA030021FA04F36E
:1015400045EA030130BDC4F10C04C4F1200220FAC5
:1015500002F001FA04F340EA0300294630BD21FA03
:1015600004F0294630BD94F0000F83F4801306BFC9
:1015700081F480110134013D4EE77FEA645C18BFBD
:101580007FEA655C29D094EA050F08BF90EA020F54
:1015900005D054EA000C04BF1946104630BD91EA4C
:1015A000030F1EBF0021002030BD5FEA545C05D14F
:1015B0004000494128BF41F0004130BD14F580048E
:1015C0003CBF01F5801130BD01F0004545F0FE4102
:1015D00041F470014FF0000030BD7FEA645C1ABF37
:1015E000194610467FEA655C1CBF0B46024650EA6E
:1015F000013406BF52EA033591EA030F41F400219A
:1016000030BD00BF90F0000F04BF0021704730B51F
:101610004FF4806404F132044FF000054FF00001F4
:1016200050E700BF90F0000F04BF0021704730B5B5
:101630004FF4806404F1320410F0004548BF40428A
:101640004FF000013EE700BF42004FEAE2014FEADF
:1016500031014FEA02701FBF12F07F4393F07F4FBA
:1016600081F06051704732F07F4208BF704793F0BD
:101670007F4F04BF41F40021704730B54FF46074D0
:1016800001F0004521F000411CE700BF50EA0102D3
:1016900008BF704730B54FF000050AE050EA01027C
:1016A00008BF704730B511F0004502D5404261EBEC
:1016B00041014FF4806404F132045FEA915C3FF42D
:1016C000D8AE4FF003025FEADC0C18BF03325FEACA
:1016D000DC0C18BF033202EBDC02C2F1200300FA7B
:1016E00003FC20FA02F001FA03FE40EA0E0021FAA0
:1016F00002F11444BDE600BF70B54FF0FF0C4CF48E
:10170000E06C1CEA11541DBF1CEA135594EA0C0F3F
:1017100095EA0C0F00F0DEF82C4481EA030621EA7A
:101720004C5123EA4C5350EA013518BF52EA0335B5
:1017300041F4801143F4801338D0A0FB02CE4FF067
:101740000005E1FB02E506F00042E0FB03E54FF097
:101750000006E1FB03569CF0000F18BF4EF0010E8F
:10176000A4F1FF04B6F5007F64F5407404D25FEA8B
:101770004E0E6D4146EB060642EAC62141EA55513E
:101780004FEAC52040EA5E504FEACE2EB4F1FD0C80
:1017900088BFBCF5E06F1ED8BEF1004F08BF5FEAFE
:1017A000500E50F1000041EB045170BD06F00046B0
:1017B00046EA010140EA020081EA0301B4EB5C045D
:1017C000C2BFD4EB0C0541EA045170BD41F4801155
:1017D0004FF0000E013C00F3AB8014F1360FDEBF7A
:1017E000002001F0004170BDC4F10004203C35DA56
:1017F0000C341BDC04F11404C4F1200500FA05F3D9
:1018000020FA04F001FA05F240EA020001F0004279
:1018100021F0004110EBD37021FA04F642EB0601EF
:101820005EEA430E08BF20EAD37070BDC4F10C0419
:10183000C4F1200500FA04F320FA05F001FA04F2DD
:1018400040EA020001F0004110EBD37041F10001C9
:101850005EEA430E08BF20EAD37070BDC4F12005D4
:1018600000FA05F24EEA020E20FA04F301FA05F23C
:1018700043EA020321FA04F001F0004121FA04F2E4
:1018800020EA020000EBD3705EEA430E08BF20EAB4
:10189000D37070BD94F0000F0FD101F000464000EE
:1018A00041EB010111F4801F08BF013CF7D041EA70
:1018B000060195F0000F18BF704703F00046520074
:1018C00043EB030313F4801F08BF013DF7D043EA45
:1018D0000603704794EA0C0F0CEA135518BF95EAFB
:1018E0000C0F0CD050EA410618BF52EA4306D1D182
:1018F00081EA030101F000414FF0000070BD50EAA1
:10190000410606BF1046194652EA430619D094EA2A
:101910000C0F02D150EA013613D195EA0C0F05D114
:1019200052EA03361CBF104619460AD181EA030168
:1019300001F0004141F0FE4141F470014FF0000020
:1019400070BD41F0FE4141F4780170BD70B54FF0BB
:10195000FF0C4CF4E06C1CEA11541DBF1CEA13553B
:1019600094EA0C0F95EA0C0F00F0A7F8A4EB05041D
:1019700081EA030E52EA03354FEA013100F0888014
:101980004FEA03334FF0805545EA131343EA1263DD
:101990004FEA022245EA111545EA10654FEA002692
:1019A0000EF000419D4208BF964244F1FD0404F54B
:1019B000407402D25B084FEA3202B61A65EB0305A7
:1019C0005B084FEA32024FF480104FF4002CB6EB64
:1019D000020E75EB030E22BFB61A754640EA0C00E4
:1019E0005B084FEA3202B6EB020E75EB030E22BF24
:1019F000B61A754640EA5C005B084FEA3202B6EB65
:101A0000020E75EB030E22BFB61A754640EA9C0023
:101A10005B084FEA3202B6EB020E75EB030E22BFF3
:101A2000B61A754640EADC0055EA060E18D04FEAB1
:101A3000051545EA16754FEA06164FEAC30343EA51
:101A400052734FEAC2025FEA1C1CC0D111F4801F1E
:101A50000BD141EA00014FF000004FF0004CB6E717
:101A600011F4801F04BF01430020B4F1FD0C88BFB6
:101A7000BCF5E06F3FF6AFAEB5EB030C04BFB6EBC1
:101A8000020C5FEA500C50F1000041EB045170BDB4
:101A90000EF0004E4EEA113114EB5C04C2BFD4EBE1
:101AA0000C0541EA045170BD41F480114FF0000E65
:101AB000013C90E645EA060E8DE60CEA135594EAE1
:101AC0000C0F08BF95EA0C0F3FF43BAF94EA0C0FE4
:101AD0000AD150EA01347FF434AF95EA0C0F7FF459
:101AE00025AF104619462CE795EA0C0F06D152EAAD
:101AF00003353FF4FDAE1046194622E750EA410691
:101B000018BF52EA43067FF4C5AE50EA41047FF4A1
:101B10000DAF52EA43057FF4EBAE12E74A0011D253
:101B200012F5001211D20DD56FF47873B3EB625237
:101B30000ED44FEAC12343F0004343EA505323FA43
:101B400002F070474FF00000704750EA013002D1B8
:101B50004FF0FF3070474FF00000704753B94AB95B
:101B6000002908BF00281CBF4FF0FF314FF0FF30A5
:101B700000F00CB8ADF1080C6DE904CE00F067F888
:101B8000DDF804E0DDE9022304B07047704700BFD0
:101B900008B5FFF7A1FBBDE80840FFF71FBB801A9F
:101BA00000F3070038B540B20D4659B21446FFF7AE
:101BB00005FB0023287020446B7040B238BD002321
:101BC000036070477047002070474FF0FF30704748
:101BD0004FF0FF30704770474FF0FF3070470020E4
:101BE0007047002070470023037070470022FFF702
:101BF000D6BF002070474FF0FF3070474FF0FF30E6
:101C000070474FF0FF307047704700280CBF6FF0EF
:101C10001500002070470020704707230370002044
:101C20007047002070470020704710F8012B11F812
:101C3000013B012A28BF9A42F7D0D01A70470346C9
:101C400013F8012B002AFBD1181A013870472DE92F
:101C5000F04786468C460846089E15467446194647
:101C6000002B40F0C2808542B2FA82F245D94AB1D7
:101C7000C2F1200300FA02FC2EFA03F3954043EA76
:101C80000C0C94404FEA154EA8B2BCFBFEF8230C96
:101C90000EFB18CC08FB00F943EA0C43994528D900
:101CA000EB1808F1FF3704D2994502D9A8F10207D1
:101CB0002B44A3EB0903A4B2B3FBFEFC0EFB1C33C5
:101CC0000CFB00F044EA0344A04214D92C190CF197
:101CD000FF3304D2A04202D9ACF102032C44241AEF
:101CE00043EA07401EB1D440002334607360BDE86E
:101CF000F0874746DDE76346F1E792BB431B0121CE
:101D00004FEA154EAFB2B3FBFEFC200C0EFB1C33AA
:101D10000CFB07F840EA0343984562D9EB180CF135
:101D2000FF3004D2984502D9ACF102002B44A3EB5A
:101D30000803A4B2B3FBFEFC0EFB1C330CFB07F73D
:101D400044EA0344A7424ED92C190CF1FF3304D2C4
:101D5000A74202D9ACF102032C44E41B43EA004041
:101D6000C0E7C2F1200320FA03F1954090402EFA1B
:101D700003F303434FEA154EAFB2B1FBFEFC0EFB7B
:101D80001C10190C0CFB07F841EA0041884504FAC5
:101D900002F422D969180CF1FF3004D2884502D927
:101DA000ACF102002944A1EB08019BB2B1FBFEFC9F
:101DB0000EFB1C110CFB07F743EA01439F420ED9AF
:101DC000EB180CF1FF3104D29F4202D9ACF10201B1
:101DD0002B44DB1B41EA004192E76046E3E76146A2
:101DE000F7E76046A3E76346B7E7834206D916B92B
:101DF000002108467BE7C6E900E0F9E7B3FA83F77C
:101E00008FB9834201D3724508D8BEEB020460EB60
:101E1000030301209C461EB9002168E73846FAE713
:101E2000C6E9004CF8E7C7F1200CBB4022FA0CF4DD
:101E30001C432EFA0CF120FA0CF3B84001434FEA90
:101E400014490EFA07F5B3FBF9F81FFA84FE09FBF3
:101E500018300B0C08FB0EFA43EA00439A4502FACD
:101E600007F240D9E31808F1FF3004D29A4502D9AD
:101E7000A8F102002344A3EB0A0389B2B3FBF9F8EB
:101E800009FB183308FB0EFE41EA03418E452CD9AD
:101E9000611808F1FF3304D28E4502D9A8F102037C
:101EA000214443EA0040A0FB0298A1EB0E0141450A
:101EB000CE46434602D306D14D4504D2B9EB020EBD
:101EC00068EB04030138002EA6D0B5EB0E0261EBDF
:101ED000030101FA0CFC22FA07F34CEA0303F94070
:101EE000C6E9003198E74046C5E74346D9E7000018
:101EF0002DE9F04FD0E9006389B0884603938389C8
:101F000005931546B36803995B6806AA304698475F
:101F1000002831DBDDE9064BA8FB0423049208FB13
:101F20000B380498DFF8609015A3D3E900234146ED
:101F3000FFF714FE049B4FF0FF3A9A4579EB080334
:101F4000074619D3A5FB044305FB0B3529460CA313
:101F5000D3E900232046FFF701FEA24579EB0505F2
:101F6000034609D38742B26806D3059900911468E5
:101F700003993A463046A04709B0BDE8F08F00BF4C
:101F800000CA9A3B00000000FFC99A3B0000000015
:101F9000B0B588B0002402AF14222146381D7C80E1
:101FA0000FF026FEBB1CFB6002233B6101250A23C8
:101FB0003B75BD603E488368391D5B689847031ECA
:101FC00008DA3C4A3C4829460DF096FA2046183774
:101FD000BD46B0BD6D468AB0397D7B7D02AA3748CB
:101FE000C2E907130523C2E9050442F8103F32484D
:101FF00023464FF4235101F0BBFEB7F90240304AAB
:102000002D48AD46234603210DF076FA2046FFF712
:10201000F9FA23A3D3E90023FFF76EFB22A3D3E948
:102020000023FFF793FCFFF779FD264A264D04466F
:102030000346032120480DF05FFA642303FB04F2FA
:102040002249A2F5A722A2F576728A429CBF40F2ED
:102050000233B2FBF3F32B601D4A174800940321AF
:102060000EF048FA2B680E2B13D81A4B1B7883B945
:10207000194B1A786AB901221A7000220023CDE99F
:10208000002316480DF030FA154A0B4803210DF0D5
:1020900029FA204600F0EEFB98E700BFAFF300807E
:1020A0006D1AD0A6016D6A3F25EA59555555E53F91
:1020B000241E01004E280100DC20010068280100D8
:1020C000B7280100CA280100D8150020C92F010037
:1020D000DA280100C32C0020C42C00207805002041
:1020E000FE28010008B50548054A03210DF0FAF95C
:1020F000BDE8084003480BF0A5BE00BFDC2001008E
:1021000014260100B815002007B5084B1B784BB901
:10211000074B1B7833B100220023CDE9002305488B
:102120000DF0E2F903B05DF804FB00BFC32C002002
:10213000C42C002040050020032802D0042806D02B
:102140007047054B01221A7004480BF0F1BC024B9A
:1021500000221A70704700BFC52C0020F80600202E
:102160002DE9F74F694D2B782BB9694803B0BDE8CD
:10217000F04F0DF0C3B9674F674EDFF8A0813868A4
:102180003278D8F800104400B2FBF4FC04FB1C23A6
:1021900009B1614557D9624A98421478614A10D909
:1021A0005343B3FBF0F2082C00F2AC80DFE804F0FC
:1021B000A5A7AA051C36383A3C001446002215464D
:1021C00014E01B1A5343B3FBF0F3D21A082C00F2AD
:1021D0009980DFE804F092949705092325272900C8
:1021E00014460022002501E0154600244D494E48C2
:1021F000FFF77EFE4B494D482A46FFF779FE2246FF
:1022000048494B48FFF774FE33780133337000229E
:102210000023CDE9002340F2676267E05508E4E758
:102220001446DFE71446CAE700296BD13848297005
:1022300031700DF063F93F4A3F48032103B0BDE818
:10224000F04F0DF04FB904FB112232235A43B2F57F
:10225000FA7F4FF0000456D32246324932482C70A0
:102260003470FFF745FE22462E493048DFF8CCA0F7
:10227000FFF73EFE22462B492D48FFF739FE244842
:102280000DF03CF99AF80040A4B3DFF8B4B0013C7B
:10229000ABF10C090C22624359464846E4B20FF0F8
:1022A0008DFC8AF800402CB301232B701C4B1BF8CB
:1022B0000C2C1A70D9F8043099F80820C8F80020BE
:1022C0006333B3F57A7F38BF0A234FF0000224BF8F
:1022D0006421B3FBF1F33B600123327089F80930CC
:1022E00040F267620023CDE9002300220848002362
:1022F0000DF0FAF803B0BDE8F08F002472E7154640
:10230000002272E70024254622466FE7C82C0020F1
:102310002006002034160020C72C0020CC150020F9
:10232000B4040020404B4C00582201004822010018
:10233000382201003F260100DC200100C62C0020CD
:10234000EC1500202DE9F04F85B0DFF8E880DFF8CC
:10235000E8B0DFF8E8A00FF048FBD8E900574FF4E9
:102360007A73A0FB030603FB0166C40B55EA07035F
:1023700044EA46444FEAD63651D040F2E739F103F9
:10238000E00310EB090041EA54414FF47A724FF038
:10239000000341F10001FFF7E1FBF90341EA554178
:1023A000ED03039015EB09004FF0000341F100012C
:1023B0004FF47A72FFF7D2FB039B181A63EB030307
:1023C000B0F5803F73F1000329DADBF80030591CC7
:1023D000E3B102291DD01FDC4FF416020023CAE925
:1023E0000023174ACBF80010032116480DF07AF8A5
:1023F000DAE90023C8E900461348CDE900230022AA
:1024000000230DF071F805B0BDE8F08F4FF4702295
:10241000E4E74FF4B402E1E74FF4F002DEE7002313
:102420004FF4F012CBF800300023CAE90023074A2A
:10243000DAE700BF500D0020DC1500204800002026
:1024400061260100DC200100E80500209026010043
:1024500007B503210A4A0B480DF044F84FF4F01277
:102460000023CDE900230848002200230DF03CF8AA
:10247000FFF768FF054B00221A7003B05DF804FBFC
:10248000C7260100DC20010008050020C22C002026
:1024900008B5064B064801221A700321054A0DF0C3
:1024A00021F8BDE80840FFF7D3BF00BFC22C0020D1
:1024B000DC200100E526010008B5064B0648012294
:1024C0001A700321054A0DF00DF8BDE80840FFF72A
:1024D000BFBF00BFC22C0020DC2001000A27010082
:1024E00037B5154B154C187821786278884202D19F
:1024F000587890421DD01248197002250570258821
:10250000A0F805505A7008F093FD60B923786278FE
:102510000C48009203210C4A0DF0ECFF03B0BDE81B
:102520003040FFF70FBF094A064801210CF0DAFFDF
:10253000F4E703B030BD00BFC02C0020EE2C00201B
:10254000C92C0020DC2001002D27010042270100BA
:1025500030B585B00D4B0093012408230193CDF8CD
:1025600008D003940A480B49836800221D6802AB17
:10257000A847034618B9FFF7B3FF05B030BD064AB8
:10258000064821460CF0B8FFF7E700BFEE2C00200C
:10259000841E0100B40100205B270100DC20010043
:1025A00038B5072805D8DFE800F02B17041A1E22DB
:1025B000252800242546224612491348FFF798FC97
:1025C0002A4610491148FFF793FC22460D4910484E
:1025D000BDE83840FFF78CBC0A4D0024EBE700252E
:1025E000084C2A46E8E7074D0024064AE4E7094D6F
:1025F0000024FAE7034C0025F7E7024C2546F4E7F0
:102600000024FBE7404B4C00582201004822010007
:1026100038220100A0252600F7B5244A2448254E7B
:10262000234F03210CF05EFF0024032508F0F8FC83
:1026300070B90134032100952346324638460DF027
:1026400059FF4FF4247000210FF056F9032CEDD1FF
:1026500008F0E6FC28B90323174A154819460CF080
:102660004BFF16480CF04AFF15480CF047FF154881
:102670000CF044FF14480CF041FF14480CF03EFFEE
:1026800013480CF03BFF08F07BFB124812498368AB
:102690005B6898470820FFF783FF104A044803212E
:1026A00003B0BDE8F0400CF01DBF00BF742701006F
:1026B000DC200100AD270100CB2701000805002028
:1026C0007805002040050020B005002020060020ED
:1026D000E8050020841E0100B4010020E527010068
:1026E000F7B52E4B1C7834B12D4C2478062C02D92A
:1026F00012B103B0F0BD1ABB1C782A4A14B1147889
:10270000082CF6D06331B1F57A7F4FF001041C70CC
:1027100024BF6423B1FBF3F1234B10704FF0000290
:102720001A70224B38BF0A21196040F267620023F9
:10273000CDE900231E48002200230CF0D5FED8E787
:10274000DFF85CC01B4C9CF800500C266E43A719A8
:1027500001353A7200227A721A78A05579608CF8A5
:102760000050002AC5D101221A700E4B22781A702F
:102770006368217A6333B3F57A7F24BF6422B3FBA5
:10278000F2F30D4A1160084A4FF000011170074A38
:1027900038BF0A23136001236372C6E7C82C0020E8
:1027A000C62C0020B4040020C72C002034160020C2
:1027B00020060020E0150020CC15002013B5144C95
:1027C0002368072B0CD8134B187848B903224FF411
:1027D0007A71FFF785FF23680133236002B010BDD3
:1027E00000230D4823600CF089FE0C4B1B78002B56
:1027F000F4D0084B1B78002BF0D100220023CDE948
:10280000002307484FF4160200230CF06DFEE5E7A5
:10281000CC150020C32C002040050020C42C002033
:102820007805002007B5114B1878012288B14FF4C4
:10283000FA611046FFF754FF00220023CDE9002380
:102840000B484FF4803200230CF04EFE03B05DF8CD
:1028500004FB40F6B831FFF743FF05480CF04EFE8D
:10286000082003B05DF804EBFFF79ABEC32C0020EC
:10287000B00500202DE9F74F06460FF0B6F8374FA8
:102880004FF47A73A0FB034503FB0155D7E90023FE
:10289000E40B44EA4544A21A4FEAD53565EB03033D
:1028A000B2F57A7F73F100034FF0000839DBDFF8EF
:1028B000B0A0DFF8B090DAF8003043B3F31A962BEB
:1028C000294B31D94FF0010B83F800B000220023CF
:1028D000CDE9002325484FF4804200230CF004FE8C
:1028E000234B244883F800800CF008FE22480CF0AB
:1028F00005FEDAF80030214A21480321F31A0CF0D2
:10290000FBFD424640F6C4115846FFF7E9FED9F8F0
:102910000030CAF80060C7E900459E4288BFC9F888
:10292000006003B0BDE8F08F1A78002AEFD041F2C2
:102930005D029642EBD90D480CF0E0FD0A4B114ABE
:102940000F4883F8008003213346C9F800600CF07B
:10295000D3FD424641460820D7E700BF480D00207E
:10296000D4150020D0150020C32C0020B005002075
:10297000C42C00207805002040050020FD27010020
:10298000DC2001002B28010073B5044608F00AFC86
:1029900020B9174A174803210CF0A4FD164A062354
:1029A0000026CDE900361546082305F8053BCDF88D
:1029B00001406B4603CBC2F805001046696008F081
:1029C00037FB80B90D4A0B48032123460CF094FDD8
:1029D0000222C8210120FFF783FE082002B0BDE8D3
:1029E0007040FFF7DDBD02224FF496713046F2E7EA
:1029F0001C290100DC200100C92C0020382901001D
:102A000010B5FFF7C5FA044620B9104A1048012155
:102A10000CF068FD0F4B1B684A2B11D8312B11D8D5
:102A2000182B11D8B3FA83F35B09D800012240F6C2
:102A3000B831FFF755FE2046BDE81040FFF7A4BFB0
:102A40000120F3E70420F1E70520EFE74D2901001D
:102A5000DC200100D8150020F0B587B0A74AA848AF
:102A600002AF03210CF03EFDA648A74C0AF052FD30
:102A7000206020B9A54AA24801210CF033FDA44AE8
:102A80009F4803210CF02EFD0023A24920682D222F
:102A900003F03CFEA04A9A4803210CF023FD206875
:102AA0000DF037FF034620B19C4A954801210CF0F8
:102AB00023FD9B4A924803210CF014FD994802F033
:102AC00017F8034620B1984A8D4801210CF014FDF7
:102AD000964A8B4803210CF005FD4FF080430022FD
:102AE000C3F8002101221A60D3F80021002AFBD08C
:102AF000002121200EF000FF8D4A814803210CF0B7
:102B0000F1FC8C4B0121C3F8FC1FD3F8FC2F8A4247
:102B100040F08381884A7A4803210CF0E3FC87481F
:102B2000874BC360042383720823437440F201136C
:102B300001244382834B43600480047208F058F9F7
:102B4000034620B1804A6E4821460CF0D5FC7F4BED
:102B50007B60381D08F03EFB20B17D4A68480121AA
:102B60000CF0C0FC7B4A1068516807F1080303C3EE
:102B70000821781808F048FB20B1774A6048012105
:102B80000CF0B0FC022008F067FB034620B1734A4A
:102B90005B4801210CF0B0FC08F004FB034620B1B7
:102BA0006F4A574801210CF0A7FC6E496E4800227D
:102BB000FFF79EF96B496D480022FFF799F96949C3
:102BC0006B480022FFF794F96A4A4D4803210CF044
:102BD00089FC694C20460EF02FFC034690B96D46E7
:102BE00088B0216802AA6548C2E905014FF4007166
:102BF0009183634942F8101F41484FF4E25101F0BC
:102C0000B7F8AD46A3685F491B685B489847002842
:102C100006DA5D4A00900023394801210DF06AFC74
:102C20005A495B480EF078FD5A480EF005FC20B971
:102C3000594A334801210CF055FC584958480CF0CA
:102C40003CFC034620B1574A2D4801210CF054FCAE
:102C5000504CA568AE69002E00F0E6804FF080630E
:102C60004FF0A07206212046B047034620B14E4ADD
:102C7000234801210CF040FC4C494D4B4B60402354
:102C80008B60EB69002B00F0D2804248012298470C
:102C9000034620B1474A1A4801210CF02DFC3D485B
:102CA0000EF0CAFB20B9444A154801210CF01AFC69
:102CB000424943480CF001FC034620B1414A104808
:102CC00001210CF019FCA468A569002D00F0B28068
:102CD0004FF000732F484FF0A0720821A847034619
:102CE00020B1394A064801210CF006FC3749384B1F
:102CF0004B604FF480738B60E3696BE08A290100BD
:102D0000DC200100B3290100C8150020B929010009
:102D1000D2290100382D0100EE290100FE29010011
:102D20001D2A0100392100002E2A01004B2A010032
:102D3000652A010000100040822A0100A001002045
:102D40006400050051250000BB2A0100AB12CD3400
:102D5000D32A01002F2D0100F02A0100072B0100CA
:102D6000282B0100404B4C00582201004822010052
:102D700038220100472B0100241E0100572B0100BF
:102D8000030000016E220100702B0100012A0000E7
:102D9000B8150020DC1D01009B2B01002000010064
:102DA00084220100AF2B0100DC2B0100441600201F
:102DB00091240000132C0100432C0100100001009D
:102DC0007C220100552C0100802C010038160020C7
:102DD000B92400008BB31A4801229847034620B15A
:102DE000184A194801210CF087FB184A164803219C
:102DF0000CF078FB0321164A13480CF073FB4FF4D8
:102E000020320023CDE900231248002200230CF0D9
:102E10006BFB00201437BD46F0BDD3F8FC3F0E4AD3
:102E200009480CF069FB7AE66FF057031FE76FF073
:102E300057032FE76FF0570353E76FF05703CFE7C0
:102E4000DC1D0100B52C0100DC200100E32C010099
:102E5000082D010008050020932A01002DE9F04FFC
:102E600091B08407009302F004030293C2F3C203FB
:102E700003F10103DDF86880039205460E460593D1
:102E800040F0BA81041D30B1072909D86FF01B004A
:102E900011B0BDE8F08F01F007063444C6F1080612
:102EA000009B4FF00009591E4FF0040A4FF0FF330A
:102EB0000193CDF810904F46CB4653460DB1009A82
:102EC00022600598002800F3E8809848009A824222
:102ED00003D397488242C0F0E080039AA4EB050E2A
:102EE00092074FEA9E0000F103810F2F00F2B1809C
:102EF000002D00F0058107F140020DEB020C019A54
:102F00000CF8200C0CF8102C049801300490E7E029
:102F10007A285DD84B280ED8472859D829282DD88B
:102F2000252852D054D820287AD02338D0F1000B4D
:102F30004BEB000B74E04C382E2849D8DFE800F04A
:102F40007048484848484848484848484B484848D6
:102F5000484848484859484B4B595959704B6D4857
:102F60007048184B184848827F4B48484B487F00B0
:102F700000204FF0000B4FF0040A38E02A38C0B2AE
:102F8000012202FA00F010EA0E0F49D110F0625C43
:102F90002FD110EA020B43D06046013C5444B4FBED
:102FA000FAF40AFB04F4002D61D0A3EB050CA44451
:102FB000B4453FF66BAF002868D1042B47D158F8D1
:102FC000043B2360043404232AE0019A013A01926D
:102FD0004FF0000B24E011F8010C6C2834D111F8EB
:102FE000023C00206C2B8346C5D14FF0080A5346A3
:102FF000D3E708F1070828F007080734F8E802AB20
:1030000024F0070435B106982044B0423FF63EAFA5
:10301000C4E900AB08344FF0000B4FF0080A5346E8
:1030200011F8010F002878D0BBF1000F7FF470AFCA
:103030002528F5D1019B013301934FF0010B4FF08F
:10304000040AECE7584694E700208346A5E7082BDE
:1030500002D06FF015001BE708F1070828F00708F9
:10306000F8E80223C4E9002308340823D8E768B944
:10307000042B02D108F10408A4E7082BE9D108F1D8
:10308000070828F0070808F10808EDE7059A013A53
:10309000059258F8042B009210E7039A900720D568
:1030A000A4EB050E4FEA9E004FF0010CBEF5007F29
:1030B000CFD20F2FCDD8F5B107F140020DEB020EA4
:1030C000C0B2019A0EF8200C0EF8102CBCF1000FC3
:1030D0003FF41AAF60F07F000EF8200C09F10109EF
:1030E0000137C5F10802043406924FF6DA7E97E7FD
:1030F0004FF0000CDAE7BCF1000F01D00136EFE72A
:10310000029802360028EBD10098CDE90631FEF78F
:1031100096FDDDE906310644E2E7631BB3F5806FF7
:1031200097D23DB9A6F10804E018B1E6EC1C010005
:10313000A83E0100029A28609B082B709DF8103071
:10314000C2B1EB7085F80290B9F1000F05D008A864
:103150000022C5F1010C97420ED1C5F101030DF11A
:1031600020084FF0000A01930DF1300B574512D1A2
:10317000601B8DE66B70E5E710F8013B190608D57A
:103180000CEB040EB64503F07F033FF67FAE04F868
:10319000013B0132DFE7B9F1000F03D098F90020BD
:1031A000002A17DB029BD3B11AF80B2004F8012B7D
:1031B0000022019B18191044B0423FF667AE98F800
:1031C000000004F8010B0099039220460EF0E8FC81
:1031D000039A14440AF1010A08F10108C6E798F8B5
:1031E000002055F822300093029B45F822300098C9
:1031F000FEF725FD421CDCE76FF00D0048E600BF3E
:103200002DE9F04F97B000AF90F802A0D7F880B04A
:103210003B62CBF3C0030446FA62BB61894641B905
:10322000457800780AEB800020444D4517D8A0EB84
:103230000409E378FB61BAF1000F02D01BF0010F23
:1032400016D1FB6953BBFB6A1BB13A6A494620465B
:1032500098474D4628465C37BD46BDE8F08F461C72
:103260003046FEF7ECFC0130304409F10109DCE79F
:10327000237862687A62FA6A9900796104EB8301C3
:10328000002A40F000814D460E4601EB0A094FF03E
:1032900000084E454CD101EB0A0610E01BF0020F6E
:1032A000D1D023789A007A6162687A62FA6A04EB74
:1032B0008301002A77D14D4601EB0A0690461BF0A8
:1032C000050F0CBF02230123FB62FB6906EB430AD7
:1032D0000BF00203BB625645BCD016F8021B16F871
:1032E000013C54F82390994B994502D3984B99454A
:1032F00036D3BB69002B40D0786A0CF0DFFB002886
:103300003BD0E9468AB06A46924B53617B6AC2E978
:1033100006314FF4007313848F4B42F8103F8F48EF
:1033200000234FF4125100F023FD023DCD46D2E7B9
:1033300016F8013BF96254F82300FEF780FCD7F839
:103340008430F96A01304BB1D7F8883098453EBFD8
:10335000D7F8843023F8180008F10108054498E7ED
:10336000BB6923B1786A0CF0A9FB0028C9D11BF016
:10337000010F05D1FB6AED1AADE7BB6A002BAAD09D
:103380004846FEF75CFCD7F8843053B1D7F8883054
:1033900098453FBFD7F88420431C22F8183008F125
:1033A0000108054497E7BAF1000F72D01BF004063C
:1033B00072D0D046002607F1480052463B61B96200
:1033C0000EF0EEFBB96A3B6901EB0A02BA62FA69D8
:1033D000F9695200FA60BA6A02EB41023A610BF0F5
:1033E0000202BA603A69B96A8A4257D162787A624F
:1033F0001BF0020F32440CBF4FEA580100211BF0B2
:10340000010FD2B240F09F801BF0040F14BF404662
:103410000020BB616270A070E1703A6A7969FB6A52
:1034200020469847051EFFF615AFBB6923707B6ADF
:103430006370FB69E37041463A6AFB6A84F802A054
:1034400007F148009847B0F10008C0F2BB807B69E3
:103450003A6AA9EB0A01C91AFB68C91AD7E90A0333
:1034600098470028C0F2B080A84408EB00054FF050
:10347000000B07F1380AB34572D300213A6AFB6AA0
:1034800008469847E6E656464FF0000807F1380030
:1034900093E75646D04697E7B04695E7BA6A12F8E2
:1034A000021BBA6212F8015C284A54F825009042C7
:1034B00002D3274A90421ED3BA6932B1786A7B6040
:1034C0000CF0FCFA7B6800288CD1BA6802BB08F1CA
:1034D000280207F1300C08F10100944407F158026A
:1034E00052FA80F008F102080CF8101C5FFA88F814
:1034F00000F8105C76E7BA693AB1786A7B600CF044
:10350000DDFA7B6800287FF46DAF1BF0010F09D056
:1035100006F1280207F13000711C161806F8205C2D
:10352000CEB25FE71BF0040F3FF45CAF08F1280256
:1035300007F1300008F1010102EB000808F8105C07
:103540005FFA81F84EE7002063E700BFEC1C010042
:10355000A83E0100712D010004000001EC200100D3
:103560001BF80A3087F8373054F82390D7F88430A6
:103570002BB3D7F888309B4521D2D7F8843033F865
:103580001B803A6AFB6A012107F13700984700283F
:103590001ADB0544B8F1000F06D14846FEF74FFB91
:1035A00000F101081FFA88F83A6AFB6A414648466A
:1035B0009847002808DB05440BF1010B5BE74FF04F
:1035C0000008DEE7454645E6054643E6014B186040
:1035D000704700BFC801002080B505460E4617465B
:1035E00098460AF09FFF03460EF076FBDFF818902E
:1035F000044649F80030424630463946A84754F858
:10360000090002F0F9FB00BF080000002DE9F047B7
:10361000058B04462807904611D4022905F00705BA
:1036200040F0CC8020460CF0F9FC78B10138218BB9
:10363000042811D8DFE800F0C2106D85950001293B
:103640000CBF45F0100545F02005258388F311884F
:10365000BFF36F8FBDE8F08701F0070AAA4500F0BD
:10366000A5800027B9463E46A368002B00F0BC8029
:1036700041F00801218388F31188BFF36F8FA1689F
:10368000002900F0BA800D68002900F0B680D1F85A
:103690000480334652462046C047002D76D02B6822
:1036A00029461D46F0E701F007035A1F012A1BD8DF
:1036B000002221F00701062B276889B2C4E9002205
:1036C00009D13B4603E0628B013262831B68002B09
:1036D000F9D141F00201218320460CF09FFC002823
:1036E0007AD041F0200176E0042B0AD121F00701C5
:1036F00089B2218320460CF091FC10B141F02001E9
:103700002183218B01F0070AAA454FD00027B94633
:10371000AAE7236921F0070141F00601062DD3F83D
:10372000009021832DD1B9F1000F3FD041F0080165
:10373000218388F31188BFF36F8F3A492046C84729
:1037400029E021F00701236941F0040189B2042D29
:10375000D3F804902183E6D000273E464FF0040AB8
:1037600082E721F00701236941F0050189B2052DA7
:10377000D3F808902183D6D000273E464FF0050AA3
:1037800072E700273E464FF0060A6DE72B4687E7B3
:10379000B9F1000FD1D1EFF31188402383F31288E0
:1037A000BFF36F8F238B23F008032383258BEA0657
:1037B0002ED525F01003238305F007056669218BBC
:1037C000002EBFF670AF00232768C4E9003321F054
:1037D000070141F001012183218B01F0070AAA456D
:1037E0004FF000097FF440AF002F9CD041F008015A
:1037F000218388F31188BFF36F8F002FC8D03D68F5
:1038000039463346524620460CF034FC2F46F4E746
:10381000AB067FF51BAF25F02003238305F00705DA
:1038200000E700BFA10001002DE9F047DFF8588054
:10383000044607464FF0010914B93846BDE8F08741
:1038400094FAA4F5B5FA85F509FA05F32E0108EB0B
:1038500005156FEA030A24EA03042B7B002BEBD047
:1038600058F806301B694BB9464404227368284651
:10387000196807EA0A0700F067FADDE72846984763
:103880000028D9D1F0E700BF7C21010030B51049F4
:10389000104889B000220EF0EFF80F4D0F494FF499
:1038A00000320023CDE9062300240E23CDE90334A2
:1038B000CDE901440A4B00944FF4407228460AF0C7
:1038C0007BFB084928460DF065FF204609B030BD56
:1038D000E9380000E0110020580D002000300020E1
:1038E000ED3B0000252E010001480AF021B900BF80
:1038F000E80600202DE9F04780461F480F460CF0EF
:1039000060FD0646002830D000252846BDE8F08737
:10391000237B6BB12368DB680BB120469847236893
:103920001B69D3B9636804221968204600F00CFAB9
:10393000013610344C45EBD3B8F1000FE5D0002D23
:10394000E2D02846FFF770FF0546002FF7D0002190
:103950004FF4A4700DF0D0FFF1E7204698470028FF
:10396000E0D00AFA06F31D43E2E7044CDFF81090BA
:1039700005464FF0010ADDE7601600207C210100BA
:103980008C210100014B53F820007047A022010058
:1039900008B5034608462BB1044A136000F07EFCCC
:1039A000002008BD6FF01500FBE700BFCC01002030
:1039B00010B5044C237813B903480AF0B9F8012371
:1039C000237010BDF62C0020E806002010B5044638
:1039D0000B480CF0F6FC5CB1BFF35B8F094B53E86E
:1039E000001F013943E80012002AF8D1BFF35B8FB2
:1039F00005480EF04DF80548BDE810400AF098B8AB
:103A0000581600205C160020E0110020E806002077
:103A10000020064BBFF35B8F014653E8000F43E8DD
:103A20000012002AF9D1BFF35B8F704758160020AF
:103A300070B5FFF7EDFF084C084E0546B44200D3C1
:103A400070BD63685B792BB123685B6813B129464D
:103A5000204698471034F1E77C2101008C210100B9
:103A600010B5044C044920460CF056F9034B1C6079
:103A700010BD00BFCC0400208C2201005016002095
:103A8000084A094808B500231370084A1360084A19
:103A90004FF400411360FFF77BFFBDE80840FFF7DC
:103AA000DFBF00BFF72C0020BF0301005816002025
:103AB0005C16002001460022014800230CF04DB99D
:103AC000CC04002001480CF0E6B900BFCC04002073
:103AD000024B014618680CF032BA00BF50160020A5
:103AE00001480CF067BA00BFCC04002070B5284B29
:103AF000187800284BD0FFF7E5FF054690B1BFF3DB
:103B00005B8F244B53E8001F013943E80012002A61
:103B1000F8D1BFF35B8F204C204EB4422DD3284602
:103B2000FFF7D6FF1E4B1F4C1B68002B19DD0DF055
:103B30005CFF4FF47A72A0FB020302FB0131C30B5E
:103B4000D4E9002043EA41439B1A4FEAD13140F2C5
:103B5000E93261EB0001934271F1000101D3FFF7FB
:103B600067FFD4E9003213F57A7342F10002C4E929
:103B70000032BDE87040FFF7B3BF63685B7923B1E3
:103B8000236829461B68204698471034C5E770BD56
:103B9000F62C00205C1600207C2101008C21010005
:103BA00058160020D811002070B50D4D297861B944
:103BB0000120FFF79FFE0B4C0B4EB44206D3FFF7DC
:103BC00095FF0028FBD101232B7070BD63685B79E2
:103BD0001BB1236820469B6898471034EDE700BF6F
:103BE000F72C00207C2101008C21010000212DE90F
:103BF000F0470846FFF77EFE044658B340F2676878
:103C00004FF000090EF068F81B4B1C4A1B5813605C
:103C100033B11B4B1B68092B02DD1A4809F088FFE2
:103C2000194FDFF860A0002544B12046FFF7FCFDE6
:103C3000044618B94FF0FF384FF0FF39FFF756FF31
:103C4000064628B9B5B942464B46504609F0A4FF8E
:103C50003546E9E74FF0FF384FF0FF39D2E72B68E0
:103C60009B691BB100221146284698471035BD427A
:103C7000F5D3E8E7054DFAE70800000054160020E8
:103C80005C160020E80600208C2101007C21010048
:103C900013B518480CF095FB174B1B7873B1EFF375
:103CA0001184402383F31288BFF36F8FFFF71EFF49
:103CB00084F31188BFF36F8F02B010BD0F4B1B68E8
:103CC000002BF9D050B900220023CDE900230C4885
:103CD0004FF4004200230AF0F1FEEDE70928EBD192
:103CE00007480DF0D5FE074802B0BDE8104009F0C6
:103CF0001FBF00BF5C160020F72C002054160020C8
:103D0000E0110020E806002010B5064B1B680446B1
:103D100098472146A06004480CF09EF8BDE810408A
:103D2000FFF7B6BFCC010020CC040020044A054BAD
:103D30009B1AB1EBD30F34BF52F83100002070470B
:103D4000DC2001007C210100084BC31A10B41B11B8
:103D500044680133237143689A714368196043686A
:103D600001225A7110BCFFF723BE00BF7C21010065
:103D70002DE9F04F8FB004AFC1F34A28B8600D466B
:103D800091467B600C0DB8F1000F63D0002607F15F
:103D900014034FF0040B4FF00A0AC7F80C80C7E970
:103DA00007667E620193CDF808B0CDF800A007F158
:103DB0001C03F96832464846FFF722FAB0F5006F57
:103DC00003461CD36C468AB0D9F8041004AB2648CD
:103DD000C3E9050140F2FF71D9611A464FF4007141
:103DE0001984224B42F8103F214833464FF41251B8
:103DF000FFF7BEFFA5462C37BD46BDE8F08FC0F3E8
:103E00000A0804F11700184420F0070080083B60FE
:103E1000FFF750FE68F35325044690B13B68154AFE
:103E2000C7E9083600F1100107F11403F961CDE983
:103E300000A3CDF808B0F96807F11C034846FFF766
:103E4000DFF968F353257B68B9682A4620460CF0F1
:103E5000EEFAD0E704F1170020F007008008FFF722
:103E600029FE0446EDE700BF3A2E010004000001E0
:103E700014210100030401002DE9F04F87B0DDE9B2
:103E80001279DDE9105A0446039193469846BFB172
:103E9000CDF800903B46524610210020CDF81490FA
:103EA000FEF7DCFFB0F5006F06460AD3184A194842
:103EB00040F2FF73022107B0BDE8F04F0CF010BBD9
:103EC0003E4605F11700304420F0070004F00704D7
:103ED0008008FFF7EFFD0BF0070BE40044EA8B14BA
:103EE00044EA462444EA0554054640B13FB1CDF8C2
:103EF00000903B46524631461030FEF7AFFF039923
:103F000043462246284607B0BDE8F04F0CF08FBA72
:103F1000792E010014210100406820B1034BC01A22
:103F200040F3CF0070474FF0FF307047DC200100B6
:103F30000EB403B503AB014653F8042B04480193B8
:103F400002F002FA02B05DF804EB03B0704700BF64
:103F500043050100CA0605D48B064CBF024903493C
:103F6000FFF7E6BF704700BFB22E0100B12E01007F
:103F70002DE9F04F89B09B46149B06939DF84CA009
:103F8000159B0593169B179E049304460D46904679
:103F9000BAF1000F00F09D8006F4807307930CF0D7
:103FA0002EFA06F00209024600283ED0914920462A
:103FB000FFF7BEFF0746B9F1000F08D016F0440F17
:103FC00035D18D492A462046FFF7B2FF074406F057
:103FD000010353B1894B8A4953F82A20894B204663
:103FE000002A08BF1A46FFF7A3FF06F48073002BD0
:103FF00049D006F00803002B63D1B8F1000F66D05A
:10400000814942462046FFF793FF0546069B3D4403
:10401000002B6DD1049B002B73D1F30700F1E480DA
:1040200031462046FFF796FFD8E00746C3E7774BB7
:1040300018680028CAD0764B4FF47A791B68B5FB14
:10404000F3F54FF46163B5FBF0F100FB115509FB8B
:1040500005F54FF03C0CB1FBF3F203FB1211B5FB7D
:10406000F0FEB1FBFCF300FB1E550CFB131109FB2A
:1040700005F50091B5FBF0F56649CDE901E520466F
:10408000FFF756FFA2E706F00803EBB1624B634966
:1040900053F82A202046FFF74BFF0546B8F1000FE2
:1040A00005D0594942462046FFF742FF0544BBF17F
:1040B000000FABD05A495A462046FFF739FF054456
:1040C000A4E74FF0000BE1E706F00805E6E74546F8
:1040D0009CE7BBF1010F069B06D1002B64D1049B2A
:1040E000002B7BD000250CE0002BF8D04D485CE085
:1040F0004D48069B4D4922460BF0AFFC049B002B1C
:1041000068D0DFF82C81DFF82C91049F3146102F06
:10411000204628BF1027FFF71DFF4FF0000B5D451D
:1041200045DC059B49461A782046FFF701FF4FF012
:10413000010B1BF0070F03D141462046FFF7F8FEA5
:104140005F453BD9059B494613F80B202046FFF7F6
:10415000EFFE0BF1010BBBF1100FEAD136492046FF
:104160004FF0000BFFF7E4FE5A46059B9A5CA2F164
:1041700020015F2928BF2E2230492046FFF7D8FEB4
:104180000BF1010BBBF1100F1DD01BF0070F03D17A
:1041900041462046FFF7CCFE5F455A46E5D84146EA
:1041A0002046FFF7C5FEEBE71F485546A1E741460D
:1041B0002046FFF7BDFE0BF1010BB0E7204920467A
:1041C000FFF7B6FEC5E7059B3B440593049BDB1B4D
:1041D00004939AD1BAF1000F7FF41FAF204609B0C3
:1041E000BDE8F04F0CF0A0B9064A05492046FFF79C
:1041F0009FFE15E7B92E0100BD2E0100B02201007F
:10420000783A0100B42E0100E22E01006816002069
:1042100064160020C62E0100C4220100E62E010013
:10422000EC2E0100790501004305010049630000FF
:10423000F92E0100F12E0100FB2E0100FD2E0100E0
:10424000F72E010073B542F20F738B4228BF0B4665
:1042500005680F4A0446052168460AF0A5FE636812
:104260000C495B6806460B2228460CF04FF9636840
:104270003246694628465B680CF048F9636806498F
:104280005B681B2228460CF041F902B070BD00BFEC
:104290003F2701001C2F0100002F0100074A0021C9
:1042A0000123904206D8064A01B901231360054B49
:1042B0001860704740085B000121F2E740420F00A0
:1042C00064160020681600202DE9F3414368124867
:1042D0001C680DF1070165680CF0B1F930B99DF863
:1042E0000710012902D10C4800F030F801232B758A
:1042F0002568D5E90136D3E900482F6824B96B68F1
:104300001C6002B0BDE8F081214630464246B84705
:10431000241A0644F2E700BFF41D0100F8B5074F68
:104320000D4604464618B44201D12846F8BD14F89B
:10433000011BBB6801485B689847F4E7F41D010066
:10434000014B0360002070470C23010070B54469E5
:104350000D46002C3FD0244A2379565CB3423DD011
:10436000224A525C9A423CD1A3689847002814DA4A
:10437000022D10D0032D0FD110F1860F0BD0BFF3FB
:104380005B8F54E8003F43F0020344E80032002A08
:10439000F7D1BFF35B8F267170BD022D267101D05E
:1043A0000020F9E7BFF35B8F54E8003F23F00403DC
:1043B00044E80032002AF7D1BFF35B8FBFF35B8F75
:1043C00054E8003F23F0020344E80032002AF7D10A
:1043D000BFF35B8FE4E76FF05700DDE76FF0770026
:1043E000DAE76FF08500D7E77B2F0100772F010018
:1043F000F0B40C4B0C4E5F6A0C4BB34203D36FF01E
:104400008500F0BC70475D68BD4209D31C693CB1B2
:1044100095F802C00579AC4502D12346F0BC184797
:104420002433EAE79016002034080020EC0700202F
:104430002DE9F047134CDFF85080DFF85090054627
:104440000E461746444503D36FF08500BDE8F0875C
:104450006268D9F824309A4212D3A36983B1907864
:104460002979884205D13A4631462846BDE8F047C9
:1044700018475279012A03D13A46314628469847CF
:104480002434DFE7EC0700203408002090160020D9
:104490002DE9F0410B4CDFF8308005460E461746FB
:1044A000444502D36FF0850009E063690BB92434F9
:1044B000F6E73A463146284698470028F7D1BDE846
:1044C000F08100BFEC0700203408002010B504463E
:1044D0000CF042FA10F1780F00D050B9054A20468E
:1044E0000CF0DAF8D2F8C43023EA0003C2F8C43082
:1044F000002010BD90160020024B00221A605A6066
:10450000704700BF4B17002070B50B4B0B4CA342FC
:1045100001D3002070BD196A1E7F00220439D5B274
:10452000AE4201D82433F2E7013211F8325085420D
:10453000F5D10120EEE700BFEC0700203408002091
:1045400008B509480378C3F341130A3350F8233000
:104550003BB100F1080200F110019847C043C00FC1
:1045600008BD1846FCE700BF9016002004282DE97E
:10457000F14FDFF8989004460F4616D001282DD150
:10458000DFF88C8098F8B93043B300F0D7FD214DA7
:104590004D4520D2D5F820B04FF0000A2B7F5FFAAE
:1045A0008AF6B34204D82435F2E7FFF7A5FFE7E720
:1045B0000BEBC6060AF1010A30790CF0CDF9024680
:1045C00030790CF069F8D8F8C430002A23EA0003E7
:1045D000C8F8C430E2DA002388F8B9300D4D4D45F3
:1045E00008D30B4B1B6A6BB13946204601B0BDE8BE
:1045F000F04F1847EB681BB13A46214628469847CA
:104600002435ECE701B0BDE8F08F00BF340800208E
:1046100090160020EC07002073B5C4B263060D4667
:104620008DF8074007D02046FFF76EFF78B10D4B9D
:1046300093F8BA0058B10B4E204655B102F004FD74
:10464000F3691BB10DF1070108209847012002B062
:1046500070BD02F02BFDF369002BF7D00DF10701BF
:104660000920F2E79016002073B586788DF8006077
:10467000037942791C4C43EA0223ADF80230C37837
:10468000304603F003038DF804300CF005F8D4F83D
:10469000C430184205460BD0304600F031FD30469C
:1046A000FFF714FF0DF070F810B9962009F0F6FE30
:1046B000684602F09BFC10F1780F03D010B1002087
:1046C00002B070BD9DF8000002F02CFD10F1780FD3
:1046D00001D00028F3D1D4F8C43001202B4384F852
:1046E000B900C4F8C430EBE7901600202DE9F0477C
:1046F000924DAB6904460E461746C3B9207800F0C8
:104700001F00012876D0022800F0DC8000BB94F95D
:1047100000103A68637800292EDA062B0CD0082B9B
:1047200025D0ABB9537001231370022303E19847DE
:104730000028E3D100200DE06388190A0A1F012A2E
:104740008C4605D9072903D8DAB26B6A1C781CB9E4
:104750006FF01500BDE8F0875D78654503D18242B2
:1047600000F0E48001302344F0E71B78E3E095F8A3
:10477000BA3013700123DEE0052B11D0092BE7D1ED
:1047800063886E6A002B32D1FFF7B6FE638885F826
:10479000BA30EB69002BCDD0694903209847C9E7AF
:1047A000A07802F0E5FB0028C4D0D1E77378042B91
:1047B00010D0052B11D0022B04D177796388BB422E
:1047C00008BF012033781E443378002BEED1002837
:1047D000BED0D9E796F80380F4E76388BB42F1D1F5
:1047E000B8F1000FEED13046FFF73EFFEAE7FF27B2
:1047F000B846E9E795F8BA30D7F800C0002BA7D043
:104800006F6AA28894F804E03B46187800289FD08D
:104810005978022904D193F80480F04500F292807F
:104820000344F2E78CF800308CF80130316081E706
:104830001F4493E00B2B8BD100264FF0FF08C1469D
:10484000B24606E07B78042B0FD0052B21D03B78B5
:104850001F443B78002BF5D1EB6913B1514607207B
:104860009847002E7FF466AF72E797F80280A3881E
:1048700097F803909845EAD163889945E7D1B8F154
:10488000070F1CD805EB0803BA4683F8BB90012636
:10489000DDE7A3884345DAD1A3784B450AD0BE783B
:1048A000304600F02DFC3046FFF710FEB0FA80F6DF
:1048B0007609CCE73846FFF7D7FE0646C7E7BA4683
:1048C0000026C4E794F900206378002A18DA002B48
:1048D0007FF43EAF24793F6863060AD02046FFF795
:1048E00013FE00283FF434AF95F8BA30002B3FF4A4
:1048F0002FAF3946204602F0F9FB00237B7014E706
:10490000012B08D0032B7FF423AF6388002B7FF4A7
:104910001FAF012103E0618800297FF419AFA0884F
:10492000FFF77AFE00287FF405AF11E702293B600C
:104930007FF41BAF5B883360FCE600BF901600205D
:104940004A17002094F9000063780028BFF672AF80
:10495000002B3FF467AF0A2B7FF4FAAE3B78002BB5
:104960003FF4F6AE797804297FF462AFB9788A42D1
:104970007FF45EAF072A96BF5219002392F8BB302E
:104980008CF80030F6E600BF13B5164C237DF3B962
:10499000E268A168019201AB80200BF08BFE019AC6
:1049A000A3681344A360E3689B1AE3606BB962B128
:1049B0002369E2889A4208DD94F8C82093FBF2F15B
:1049C00002FB11330BB90123237502B010BD002384
:1049D0001A4619468020237502B0BDE8104002F047
:1049E000CBBB00BF9016002030B585B00023024637
:1049F0000D460193002858D1002935D108220B46D5
:104A00000DEB02010BF0C1FF002804DA802002F058
:104A10001BFB05B030BD2A4C029A2260039A6260EB
:104A200004F13802A2609DF90820BDF80E3025750A
:104A3000002AC4E903550ADB802B04D9802002F048
:104A400003FB0020E3E713B1C4E90333E1E7FFF719
:104A500077FD0028DAD0E28823699A42D4BFE26069
:104A6000E360FFF791FFD4E7154CD4E90215002D60
:104A700001AB04DC0BF089FF0028CADAC6E72A463E
:104A80000BF083FF0028D9DB019AA3681344A360CD
:104A9000E3689B1AE360002BBBD104F13803A360E9
:104AA000FFF74EFD0028DCD1B0E78028B1D1044BE0
:104AB000DA68002AD5D11B7D002BD2D1A9E700BF2F
:104AC00090160020054B064A9A62064ADA62064AA8
:104AD0001A63064A58629A610020704790160020B7
:104AE000ED460000F1430000914400003144000015
:104AF0002DE9F3410446474D47484FF0FF334FF04F
:104B0000FF3208F01BFF95F8B830002B7BD16B6AA1
:104B100083B142482C62E8616E6A02F06FFC02F0D9
:104B2000F5F9041E10DA3C4808F080FF204602B078
:104B3000BDE8F08100F0BEF8FFF7C4FF6B6A002B00
:104B4000E7D14FF0FF34EEE700F01AFB041EEADB7A
:104B50007378012B5AD1F379002B57D00026684681
:104B600085F8C830ADF802308DF804608DF800602B
:104B700002F03CFA041ED6DB802768468DF80070F0
:104B800002F034FA041ECEDB2549304602F022FC46
:104B9000041EC8DB2249384602F01CFC041EC2DB9E
:104BA000204CDFF8848044451AD3002002F0BAFA82
:104BB000041EB8DBD5F8C430802043F00103C5F8EB
:104BC000C43002F0AFFA041EADDBD5F8C43043F4B4
:104BD0008033C5F8C430012385F8B8300024A2E73B
:104BE000276A0026227FF3B29A4201D82434DAE7FA
:104BF00007EBC30257F83310107902F0EBFB0136D4
:104C00000028EFD09DE76FF077048CE76FF0150474
:104C100089E700BF90160020C40600206D45000003
:104C2000E9490000EC0700203408002030B51F4B94
:104C30008BB005AA03F1100518685968144603C41F
:104C40000833AB422246F7D11B7823701022002193
:104C500001A80CF0CDFF1222002115480CF0C8FF6E
:104C6000102101A80BF0DAFF00281BDD0828B8BFCF
:104C70000820093801AB0E491A18002012F8013F2C
:104C80000AAC04EB131403F00F0328336B44013018
:104C900014F8144C13F8143C0C7008284B7001F1F4
:104CA0000201EBD102480BB030BD00BF7F2F0100E5
:104CB000FA2C00202DE9F04F724B93F800B087B02A
:104CC000BBF1000F03D0704807B0BDE8F08F6E4C09
:104CD00000264FF0011AB0463546B14623783BB95D
:104CE0006A4B02349C42F3D1664A01231370EAE70F
:104CF0006378052B1BD8DFE803F08E03C38E1D39C4
:104D0000402304A88DF810B0ADF812308DF814B01F
:104D100002F040F940B1082304A8ADF8123002F0C7
:104D200039F908B1ADF812B0BDF81230E37123784B
:104D30001C44D3E7E378002BF9D1A3786BB108F1D9
:104D400001085FFA88F8F2E76B689C4207D02435C7
:104D50004F4B9D42F8D30020B6E74E4DF8E7AB68C5
:104D6000002BECD0414620469847E8E7002DF2D0D2
:104D700000222B7F9A42EED2296AA07801EBC20171
:104D80000B79984201D00132F3E70127E07800F077
:104D900003008DF81400207994F805C040EA0C2037
:104DA000ADF8120094F902000028FBB228DA07F1EE
:104DB00010004FF0010C0CFA00F010EA0A0F26D197
:104DC00043F080008DF8100004A8CDE90213019291
:104DD00002F0E0F8DDE90121039BC0B99DF8102045
:104DE000A27012F0800F18BF10330A7118BFDBB227
:104DF0004FF0010214BF9A40BA404AEA020A96E70D
:104E00000120B84010EA0A0F01D11846DAE701374D
:104E1000102FBBD1B7E7032E1AD1FFF707FF0746C4
:104E200050B1FCF70CFF024630B11028A8BF102289
:104E30003946A01C0CF0B4FE23786FF00201E21892
:104E4000091B04EB5303D14213D50136F6B26EE7CA
:104E5000002EF1D1B9F1000F3FF47DAFA4EB0903AF
:104E600089F80230C3F3072389F8033089F80480F6
:104E7000EBE702F801BC13F8010902F8020DE2E7C2
:104E8000A14654E7F92C002018070020EA0700206B
:104E900034080020EC07002010B5094B00211A4609
:104EA0001C78844204D15C6814B102EB811010BDFF
:104EB0000131042903F14003F2D10020F7E700BFDC
:104EC0005C1700202DE9F34150F8283C10F82C6CB9
:104ED000103304460AD1036950F8202C980736D5C0
:104EE000D2B9590715D5002344F8283C54F8283C7A
:104EF00010330BD054E9077554F8148C0CF044FCB3
:104F000000284FD02E4821460CF022FC02B0BDE80C
:104F1000F08143F00403236154F8241C01AB3046B4
:104F20000BF0C8FB10B16FF01503DDE7019A54F8E0
:104F3000243C134444F8243C54F8203C9B1A44F885
:104F4000203C54F81C3C134444F81C3CCEE754F875
:104F5000241C01AB304602F099F90028E3D1019DF1
:104F600054F8243C2B4444F8243C54F8203C5B1B6C
:104F700044F8203C54F81C3C2B4444F81C3C002DC5
:104F8000B1D0304602F040FAB5FBF0F303FB105508
:104F9000002DA8D154F8203C002BA4D0304602F0BC
:104FA000CBF9A3E744F8180CA4F1100008F0C0FDF9
:104FB000002DABD0424639463046A847A6E700BF91
:104FC000181200204B1E012B73B506460D460FD854
:104FD000FFF762FF044668B9012D09D101AB012238
:104FE0000DF10301304602F051F9019B002BF5D180
:104FF00002B070BD0CF0C8FB04F12C0108B1012D0A
:1050000005D1084602B0BDE87040FFF75BBF03481A
:1050100002B0BDE870400CF09BBB00BF181200202E
:105020002DE9F74F06460191154698460BF08AFB8D
:10503000044600285BD1EFF3118A402383F31288E2
:10504000BFF36F8FDFF8ACB000220023584608F0A2
:10505000A3FD70B9DFF8A090A70109EB8414636881
:1050600013F1100F14D10193584608F061FD019B14
:1050700006E00134042C0BF1400BE5D16FF00B037B
:105080008AF31188BFF36F8F184603B0BDE8F08F25
:10509000019B2061C4E902350C9B63610D9BA361F8
:1050A00030466FF00F0309F80760C4F83C80636076
:1050B00002F0AAF958B1304602F0A6F9B5FBF0F3B8
:1050C00003FB10551DB1E36B43F00403E36318F0D9
:1050D000020F07D007F12C01084849440CF038FBB7
:1050E0000023CDE7304602F027F90346C8E76FF00A
:1050F0000F03C9E7781700205C1700201812002062
:1051000010B5EFF31184402383F31288BFF36F8F40
:10511000FFF7C2FE50B14368103307D16FF08B0325
:10512000436000F12C0104480CF012FB84F3118859
:10513000BFF36F8F10BD00BF18120020F8B50E4CE2
:1051400004254027EFF3118687F31288BFF36F8F92
:105150006368103307D16FF08B030848636004F174
:105160002C010CF0F5FA86F31188BFF36F8F013D27
:1051700004F14004E6D1F8BD5C17002018120020AD
:1051800070B50A4C0A4E0025314620460CF0C4FA90
:105190000122A4F11000114601350CF081FA042D12
:1051A00004F14004F0D1002070BD00BF881700203A
:1051B000C54E00000169012381F84B300B6833B103
:1051C00091F849301BB1024808310CF0C1BA704760
:1051D000181200200169012381F84A300B6833B1AD
:1051E00091F848301BB1024808310CF0B1BA704751
:1051F0001812002070B50569EFF31186402383F380
:105200001288BFF36F8FD5F890000BF051F8044669
:1052100086F31188BFF36F8F30B10448002200235A
:1052200005F1180108F052FE204670BD181200204A
:1052300070B5012382F8483013680D4614463BB11F
:1052400092F84A3023B10E4802F108010CF080FABE
:10525000D4F890309A681B699A4205D17DB904F15F
:10526000180140F6CD4204E004F11801002DF8D0F9
:105270000022BDE870400248002308F027BE70BD40
:105280001812002070B504460E46017915481546DF
:105290000BF034FA10B394F900206378002A16DB7F
:1052A000202B04D0222B0ED06FF085000AE02B6853
:1052B0001A6840F8102C9A8820F80C2C9B7900F87A
:1052C0000A3C002070BD638800F8093CF9E7212BF7
:1052D000EAD11038072328603360F2E76FF012003C
:1052E000F0E700BF5C18002008B5014603480BF04A
:1052F00013FA10B1012300F8073C08BD5C18002028
:105300000D4A03460021A0F848101068C3F8940025
:1053100090889279A3F8980083F89A2083F89C10DB
:1053200083F89B10A3F89E1083F8A010402203F18D
:105330004C000CF05DBC00BF28220100F0B5D0F895
:105340008C305B681B6A1F7D85B0044638460BF0C5
:10535000F9F90646F8B994F88630E3B1A06F4FF436
:10536000806203A90AF0C3FF0546A0B18306A4F139
:10537000180308BF00F1FF3584F830600193074B34
:10538000039900932A4602233846FFF749FEA06F8F
:1053900029460AF0CCFF05B0F0BD00BF3152000035
:1053A00010B504690023C4F8A8300C4BC4F8A4005D
:1053B000596804F1A80269B9C3E9002204F10800A0
:1053C00007490CF0A9F904F1180006490CF0D0F9CE
:1053D000002010BD0A605A60F0E700BF5C18002092
:1053E0006F0701003D53000073B504698DF8071085
:1053F000002384F848304025EFF3118685F31288A6
:10540000BFF36F8F0122D4F890000DF107010AF06D
:105410004FFF86F31188BFF36F8F01280AD00CF07D
:10542000B3F910B994F8A1306BB9094B1A780AB9DD
:1054300001221A702122002304F11801054808F006
:1054400045FD02B070BD002121200CF055FAD3E7D4
:105450000C2D00201812002037B514460A1E0546F0
:1054600020DDD4F88C0004F14C010AF021FF012367
:1054700084F8493023683BB194F84B3023B111488C
:1054800004F108010CF064F9D4F88C104B684A69F7
:105490009A1ACB699B1A3F2B04D8012384F8A030B9
:1054A00003B030BD94F89E30002BF9D0064B00932A
:1054B00001940123402204F14C012846FFF7B0FD7E
:1054C000EEE700BF1812002059540000F7B50D4652
:1054D00001461D480BF006F9044610B30646691E46
:1054E00056F8A4395F6805291BD8DFE801F01C1ABB
:1054F000031C222610F8061C99B9012300F8063C6B
:105500003B6A3246187BFFF7A7FF14F85C2C42B9C0
:105510003B6A187D0D4B0093019602231146FFF75D
:105520007FFD03B0F0BD304603B0BDE8F040FFF7AB
:10553000E7BE012304F8053CF3E710F8053C002B17
:10554000EFD00023F6E700BF5C18002031520000C6
:1055500037B5094D0949002400944FF0FF334FF44B
:105560008062284608F074FC054928460CF012F9C0
:10557000204603B030BD00BF181200204033002089
:10558000A32F010008B504480AF0BFFABDE808409F
:1055900002480AF0BABA00BFB22F0100E72F01009B
:1055A000014809F059BB00BF0C23010038B504467F
:1055B00018B90F4B0F485B6898476168B1F5683FB1
:1055C00010D0B1F5680F0DD00B4DA9420AD011F4DF
:1055D0006861206807D0014608480BF085FF00236A
:1055E0002360656038BD14220CF002FBF9E700BFB0
:1055F00054040020153001002C5F5CA9641D0020BC
:1056000008B520B34368B3F5683F10D101220368A1
:10561000BFF35B8F53E8001F002903D143E800204C
:105620000028F7D1BFF35B8F0DD1002008BD094AD8
:1056300093420AD000684FF0FF324FF0FF3308F07A
:105640007DF90028F1D00448F0E70448EEE76FF454
:10565000E040EBE72C5F5CA9E98FFFFFEA8FFFFFDB
:1056600008B5D8B14368B3F5683F10D1002203688C
:10567000BFF35B8F53E8001F012903D143E80020EB
:105680000028F7D1BFF35B8F0BD1002008BD074A7C
:10569000934208D0006808F0C9F9F6E76FF4E040DB
:1056A000F4E70348F2E70348F0E700BF2C5F5CA98A
:1056B000E98FFFFFEA8FFFFF10B5044618B91D4BB5
:1056C0001D485B6898476368B3F5683F2FD0B3F512
:1056D000680F2CD0194A934219D1236803BB18488C
:1056E0004FF0FF324FF0FF33214608F0F9F808B9C8
:1056F00023681BB90F4B13485B6898472068142236
:1057000000210CF075FA4FF46863636008E0B3F5AC
:10571000683F0DD83A2B03D040F6BA629342DED1EF
:1057200020680BF02BFF636843F03A03636010BD01
:10573000054AF3E754040020153001002C5F5CA9F2
:10574000641D00203B3001003A00003A08B50649CC
:105750000648402314220BF0B9FEBDE80840044976
:10576000044809F0EBBA00BF64180020641D002053
:1057700014230100282301002DE9F047064600AF5D
:105780000C46002936D0E9468AB0D1E90012A36858
:105790006D462148A8464FF0050AC5E90501C5E94F
:1057A000072348F810AF1D48424600234FF421510B
:1057B000FEF7DEFACD46D4E903126369AD46184818
:1057C000C5F810A0C5E90501C5E907231348002362
:1057D00042464FF42151FEF7CBFACD46E369114A18
:1057E0000E4801210AF07CFEA3690F4A0B480121F3
:1057F0000AF076FE012E07D1EFF305830B4A074826
:10580000103B31460AF06CFE2146304607F0B6FEEA
:10581000BD46BDE8F08700BF683001003C210100B3
:1058200097300100C6300100D5300100033101007E
:1058300030BFFFF7FDBF00BF2DE9F0410B4EDFF891
:10584000308006EB0807CC1B054632460949204646
:105850000CF0A6F9A01942460021083C0CF0C8F94A
:105860002C6707F10800BDE8F08100BF00000000D0
:10587000040000008C210100074A936893F90E1080
:10588000002907DB526993421FBF044A536843F063
:1058900080535360704700BF882A002000ED00E06D
:1058A00070B5294C06460D46284829490AF0E5FFFF
:1058B000A36AD9043CD5254826490AF0DEFF172003
:1058C000A36A1A0504D5214823490AF0D6FF1820F7
:1058D0001D4CA36A9B0512D51C4820490AF0CDFF38
:1058E000A36BA26A100409D51D4A184801210AF0C9
:1058F000F7FD1EB1A36A23F40043A3621920124CE2
:10590000A36A590504D5114816490AF0B6FF1A20B2
:10591000A36ADA050ED50D4813490AF0AEFF1B2025
:10592000094A936A43F47F43936200232B7070BD4E
:105930001620C5E7A36A9B04F2D504480B490AF078
:105940009CFF1C20ECE700BF00ED00E03C210100C3
:10595000163101002C3101003D31010050310100B0
:10596000693101007E31010099310100B13101003E
:1059700010B5204C204921480AF07FFFA36A990105
:1059800036D51E481E490AF078FF1E20A36ADA01A8
:1059900004D51A481B490AF070FF1F20154CA36A52
:1059A0001B0304D5154818490AF067FF2120A36A94
:1059B000590304D5114815490AF05FFF22200D4C08
:1059C000A36A9A0304D50D4811490AF056FF232013
:1059D000A36ADB0304D509480E490AF04EFF2420D0
:1059E000044A936A6FEA03436FEA1343936210BD5C
:1059F0001D20CBE700ED00E0E03101003C2101007B
:105A0000F83101000B320100253201004332010060
:105A100068320100823201002DE9F843364D80469C
:105A200089463648364917460AF027FFAB6ADE0634
:105A300027D5344931480AF020FF1124AB6A1D07ED
:105A400004D531492D480AF018FF12242A4DAB6ABB
:105A5000980718D52D4929480AF00FFF6E6BAB6ADD
:105A6000190646D52A4A2548334601210AF038FD51
:105A7000B9F1000F03D0AB6A23F08003AB621324AB
:105A800003E01024DAE76FF015061B4DAB6ADA0766
:105A900004D5204919480AF0F0FE1424AB6A9B068D
:105AA00004D51D4915480AF0E8FE1524124B9A6AE0
:105AB000D50602D49A6A90070AD55B68190507D5FE
:105AC0004146304600F074FA10B180F30988022490
:105AD000094B9A6A920642BF5A6A22F400525A62ED
:105AE0009A6A42F0FF029A6200233B702046BDE8AA
:105AF000F8836FF01506C2E700ED00E03C210100DD
:105B0000AD320100C33201003D310100F632010027
:105B10000E33010024330100B13101002DE9F041C1
:105B2000664B8AB0D3F8048000AF0446C8F308057A
:105B3000002686F31188BFF36F8F02F07F43B3F125
:105B40007F4F07D102F00C03082B12D15C495D484E
:105B50000AF093FE002634460023FB71EB1E092B4E
:105B600000F28A80DFE803F00A80837C88888888D6
:105B7000888610074CBF0C460126EDE75249514874
:105B80004E4D0AF07AFE0023FB71EB6A9A0705D5A9
:105B90004E494C480AF071FE002332E0EB6A002BBC
:105BA00001DA4B49F5E7EB6A5B00F5D54949454811
:105BB0000AF063FE6B69A26943F480736B61BFF303
:105BC0004F8FBFF36F8F6B6932F8022C23F4807311
:105BD0006B61BFF34F8FBFF36F8F4DF602739A4225
:105BE00008D0AB6ADBB273B3FA1D01212046FFF780
:105BF00013FF37E02368384A324801210AF070FC6D
:105C00002368FA79DAB907F1080504F1200C206855
:105C100061682A4603C2083464451546F7D17A6A9A
:105C2000002E45D0C2F3080121B96FEA52226FEA73
:105C300042227A6207F108011846FFF79DFD2837D6
:105C4000BD46BDE8F081AB6A13F47F4F04D0F91D67
:105C50000120FFF725FE05E0AB6AB3F5803F9BD33B
:105C6000FFF786FE0346CCE7FA1D0021BEE7F91DCB
:105C70000020EEE719498CE7194A1A4B18F4F87F0F
:105C8000E8468AB018BF13466A461749C2E90513A9
:105C90004FF400731384103D144BD56142F8103F4C
:105CA000084800234FF41151FEF762F8C54673E728
:105CB00022F4FF7222F00102BBE700BF00ED00E01A
:105CC000713301003C2101009C330100B33301001A
:105CD000D4330100E2330100013401001D3401001E
:105CE0005833010043330100413401000400000136
:105CF000044B5A6942F010025A615A6922F00802B4
:105D00005A61704700ED00E0EFF30880EFF309817E
:105D100001B57246FFF702FF01BD00BF002080F30E
:105D20001488BFF36F8F0F4880F3088805F04AFD91
:105D300000200D490860BFF34F8F00F02BF8402082
:105D400080F3118809484FF40461401880F30988F2
:105D5000EFF314800221084380F31488BFF36F8FA0
:105D600000F0EEF88049002094ED00E0C03B0020F8
:105D70000749D1F890200023C2F307221846934226
:105D800000DB7047C1F89830C1F8A0000133F6E796
:105D900000ED00E008B572B6002383F31388FFF727
:105DA000E7FF144B4FF0FF32C3F88020C3F8842084
:105DB000C3F88820C3F88C20C3F89020C3F894203F
:105DC000C3F89820C3F89C20C3F88021C3F884212D
:105DD000C3F88821C3F88C21C3F89021C3F894211B
:105DE000C3F89821C3F89C2162B6BFF34F8FBFF36D
:105DF0006F8F08BD00E100E0084B9B6883420BD128
:105E0000EFF3058343B1064B5A6842F080525A6063
:105E10005A6A22F400425A6208F08ABB882A00209B
:105E200000ED00E015498A684FF030001044EFF3B0
:105E3000098C80E8F01F402080F31288BFF36F8F39
:105E40000F4F4FF000664A698A603E604FF0700461
:105E5000141920680B4C2060506F0023536780F3A7
:105E6000118804B5104600F007F9BDE8044002F1BE
:105E7000300090E8F01F8CF309887047882A0020D2
:105E800004ED00E0801D00201EF0040F0CBFEFF3B6
:105E90000880EFF30980816911F8021C0229FFD004
:105EA00001B572460AF0DEFC01BD00BF40B2002819
:105EB00007DB044A4109012300F01F00834042F838
:105EC0002130704700E100E040B200280CDB4309BC
:105ED000064900F01F0020330122824041F82320B0
:105EE000BFF34F8FBFF36F8F704700BF00E100E03B
:105EF000054B420900F01F0053F82220012303FA4A
:105F000000F01040704700BF00E100E040B2D3074E
:105F100054BF023100210028ACBF00F16040074AA5
:105F20004FEA4113ACBF00F5614000F00F00DBB257
:105F3000B4BF135480F80033704700BF14ED00E085
:105F40000B4A08B50B4B22F07F029A60BFF34F8FCC
:105F5000BFF36F8FD3F8882022F47002C3F8882033
:105F600007F0F8FB08F004FC00F05CF807F036FCE2
:105F70000010000000ED00E042F8203C009B42F8D9
:105F80001C3C0A49019B42F8183C029B42F8143C15
:105F900021F001014FF0807342F8043C42F8081CE4
:105FA0000023203A02654367704700BFD9350000DF
:105FB000094A0346906870B113F1160F006E05D0C0
:105FC000A0F140029A4205D8834203D2814228BF01
:105FD0000020704700207047882A002008B5154629
:105FE000094A0A4B9060026F1A600E4600F044F8AE
:105FF0002C4686F309880020054B9847204600214F
:1060000000220023034C2047882A0020801D002006
:106010008B080100D9350000014B10221A6170472E
:1060200000ED00E0044800234021C2180133302B6A
:1060300082F80013F9D1704700E100E008B5EFF3F2
:106040000583064A103B02EBC30152F8330049684E
:106050008847BDE80840FFF70FBC00BF9C1E010049
:10606000024B034A0348012100F08AB800000420D3
:106070000000002038230100026E054B403A1A60F0
:10608000044A4021C3E901121846012100F082B8F8
:10609000841D002000000B1508B503461048D0F8F9
:1060A0009020C2F30722013A934207D90D480E4AC5
:1060B00001210AF015FA6FF0150008BDC0F89830FC
:1060C0000A6822F01F021A4342F01002C0F89C2016
:1060D0008A6842F00102C0F8A0201846EDE700BF30
:1060E00000ED00E02C21010058340100F0B50E460F
:1060F00085B01F4604460025B5420DDA606810B32E
:1061000097B1431E18420AD0104A11482B4601216C
:106110000AF0E6F96FF01502104605B0F0BD1F2831
:10612000F2D921680B42EFD1236801930AF0D0FB2A
:10613000A36801A90343D0B20393FFF7ADFF10F1A9
:10614000160FE7D0421C01350C34D5E77E34010030
:106150002C210100044B0522C3F89420BFF34F8F7C
:10616000BFF36F8F704700BF00ED00E0BFF35F8F9C
:10617000024B0022C3F89420704700BF00ED00E0FE
:1061800010B5034C01232278FFF7B0FF207010BD3B
:106190000D2D002008B50B4A00231278FFF7A6FF4B
:1061A00010F1160F07D0084A0021D2F89030C3F33F
:1061B0000723984200DB08BDC2F89800C2F8A0107F
:1061C0000130F2E70D2D002000ED00E02DE9F04355
:1061D00057485849D0F890300D68C3F307239D42C3
:1061E00085B000F2A180FFF7C1FF49680022954207
:1061F00001F10C011AD1504C504F25706846FEF742
:106200009FF8DFF83C81DFF83C9106460025AE425E
:106210001FD1237846490020D1F89020C2F30722ED
:1062200093427BDBFFF796FF00204CE0C0F89820FC
:1062300051F80C3C23F01F03134343F01003C0F844
:106240009C3051F8043C43F00103C0F8A030013207
:10625000CDE7009800EB05114FEA051CCB683B40E9
:10626000B3F5000F44D00AD8B3F5001F2ED0B3F514
:10627000800F34D0B3F5801F10D00135C7E7B3F1DC
:10628000807F3ED0B3F1007FF7D150F80C308868A2
:106290004A680AF01DFB40F4802009E050F80C30F9
:1062A00088684A680AF014FB40F0885040F43020B7
:1062B000039001A92078CDE90123FFF7EDFE002826
:1062C00028DA6FF0150005B0BDE8F08350F80C3007
:1062D00088684A680AF0FCFA40EA0800E8E750F8E3
:1062E0000C3088684A680AF0F3FA40EA0900DFE7F0
:1062F00050F80C3088684A680AF0EAFA40F0827078
:10630000D6E750F80C3088684A680AF0E1FA40F0A5
:106310008870CDE7237801332370AEE7C1F8983059
:10632000C1F8A000013377E74FF0FF30CBE700BFA3
:1063300000ED00E0442301000D2D00200000F0FFDF
:106340000000081100000202F0B587B007460E46B3
:1063500014460021102268461D460BF049FC02231A
:106360008DF802302A46054B019321466846CDE957
:10637000047608F045FE07B0F0BD00BFF10801004B
:1063800008B5024B1B689847002008BD901D0020EF
:10639000034B044A1860937843F0020393707047EC
:1063A000901D00205002002008B50649064821F043
:1063B0000701C1F1005202F5802209F0F6FA00202F
:1063C00008BD00BF87580020941D00200E4A0123FD
:1063D000C2F840354FF080424FF08051C2F8783516
:1063E000D1F83001082808D1D1F83411052904D892
:1063F0000648415C09B1C2F838364FF080430122AB
:10640000C3F880250020704700E00140B03401004F
:1064100020B1034B800143F001031847704700BFD0
:10642000302201004FF08043D3F84036DB072ED5F1
:106430004FF01023D3F8043303F00703072B26D1C2
:10644000144A0123C2F80435D2F80034002BFBD0E3
:106450004FF01021D1F8043323F0070343F0040375
:10646000C1F804330023C2F804350A4AD2F80034D4
:10647000002BFBD0BFF34F8F0749084BCA6802F4CB
:10648000E0621343CB60BFF34F8F00BFFDE70020F6
:10649000704700BF00E0014000ED00E00400FA0595
:1064A0000346024A024802210AF01AB8BA3401002F
:1064B0006C21010070B504460D4601460A480AF0F9
:1064C0002BF920B92046BDE87040FFF7E9BF022D47
:1064D00008D150F8083C2BB11B691BB1BDE87040D6
:1064E0000068184770BD00BFB81D002080B500AF20
:1064F00088B06A46064BC2E90530032342F8103FD4
:10650000044800234FF4C451FDF732FCBD4680BD62
:10651000E03401006C21010070B506460D460146CD
:1065200025480AF0DFF8044620B93046BDE870403F
:10653000FFF7DCBF0A2D3DD8DFE805F0060D181A7D
:1065400023252C3C3C3C22001C4A1D48BDE87040E1
:1065500003210AF0DCB91B4A194803210AF0D7F9D4
:10656000002304F8043C04F8033C09E0164AECE775
:10657000164A134803210AF0CAF9012304F8043C1F
:1065800070BD134AE8E7134A0D4803210AF0BFF92A
:106590000123E8E7104A0A4803210AF0B8F914F881
:1065A000033C002BECD00D4A054803210AF0AFF95B
:1065B0000023D8E70A4AC8E7B81D002001350100CA
:1065C0006C2101000E350100243501003535010034
:1065D000473501005B3501006C3501007B3501005A
:1065E000883501002DE9F04104460F4601791E4827
:1065F00090460AF083F8064648B9A3881B481C4A0F
:10660000022109F06DFF6FF01200BDE8F08194F9EE
:10661000003000686578002B13DA012D09D0AB1E1D
:10662000012B0BD9134A11482B46012109F058FFC1
:1066300004E056F8083C0BB11D686DB96FF0850099
:10664000E3E7092D02D0A5F10A03E9E756F8083C73
:10665000002BF3D05D68F0E743463A462146AC464E
:10666000BDE8F041604700BFB81D00206C2101006B
:1066700096350100BD3501002DE9F04190F900305B
:10668000002B04460D46174603DB6FF01500BDE8EE
:10669000F081038823F0E0039BB240F20162934251
:1066A000F3D190F80480468815484146360A0AF02E
:1066B00025F830B9134A14484346022109F010FF67
:1066C000E3E7212E04D0222E0FD06FF08500DEE705
:1066D0000368E1885B685B6813F8092F914294BFF7
:1066E00029602A603B600020D1E7E38850F80C2C39
:1066F0009A4294BF2A602B6050F8103CF2E700BF2A
:10670000B81D0020963501006C21010010B5046908
:10671000C4E90012A36000236361064B206159683D
:1067200004F1140211B9C3E9002210BD0A605A60D5
:10673000FBE700BFB81D0020020600F07F0312D562
:10674000082B05D1010700F00F0306D50E4870474E
:1067500010F0780F12D100F00F034C2000EB431023
:106760000A4B18447047082B05D1020700F00F03AD
:1067700006D50748704710F0780FF6D00020704714
:10678000044800EB431070470C1F0020C01D002080
:106790002C2000202C1F0020014902480AF0D8BFFD
:1067A000E81D0020B8120020014601480AF06DBF24
:1067B0000807002002480022002307F087B900BF25
:1067C0000807002013B5124800F0A8FF114B9842AB
:1067D0001AD1114805F064FE0024104805F0A6FE09
:1067E0000F49104800944FF0FF334FF4806207F0D8
:1067F0002FFB0D490B480AF0CDFF0C480C490AF05D
:106800008BFF204602B010BD6FF00400FAE700BF16
:10681000C16D00000000AD0B0F38010068230100BE
:1068200080370020B8120020DE350100E81D00206E
:10683000B169000010B50E49BFF35B8F002351E82A
:10684000002F012A03D141E800300028F7D1BFF31F
:106850005B8F0CD151F8044C1439204609F0BBFC75
:10686000783004D12046BDE8104009F090BC10BD3E
:10687000E01D002038B5002464F07F00C0B2FFF7AF
:106880005BFF01340AF04FF8082CF5D10E4D0024BF
:10689000E0B2FFF751FF036903B9056101340AF063
:1068A00042F8082C05F14005F2D108480AF03BF8FF
:1068B000074BD3F87C2212B9064AC3F87C2206485B
:1068C0000AF031F8002038BD502400200C1F0020B1
:1068D000C01D0020502000202C20002010B5054CA9
:1068E000FFF768FF20B1416820460AF0FDFDF7E799
:1068F00010BD00BF5806002007B500231448002231
:1069000001A906F0EDFFE8B1124A134801210AF08F
:106910001DF8FFF7E3FF0E480022002301A906F04F
:10692000DFFF30B10D4A0C4801210AF00FF80020BA
:106930000AE00198042340600374FFF735FFFFF776
:106940002BFFF4E70198406003B05DF804FB00BF43
:1069500058060020E93501007421010007360100C6
:106960000346024A0248012109F0BABD233601005C
:1069700074210100022810B511D80B4A145CFFF7EE
:10698000BBFF80B1002202740472FFF70DFF074BBA
:1069900093F824303BB1BDE81040FFF7FDBEBDE8E1
:1069A0001040FFF7DDBF10BD0C380100C01D0020F6
:1069B0002DE9F043A24CDFF88C9285B08046FFF7BA
:1069C000F9FE074610B905B0BDE8F08394F825201C
:1069D0003B7C3AB9002B00F09A80796899480AF01C
:1069E00083FDECE7042B00F27581DFE813F09000E3
:1069F000050012013D015E0118F8043C33B9BB6883
:106A00005B7A914A9148012109F06AFD3B7BBD68A0
:106A1000032B37D8DFE803F0023D63686E698C4BC7
:106A2000002232607260D3F880143170D3F884147D
:106A30007170D3F88814D3F88C0441EA0021718076
:106A4000D3F89014D3F8940441EA0021B180D3F82C
:106A50009814D3F89C3441EA0323F3800823EB60B5
:106A6000306871687B4B03C311462B68687A98477E
:106A700096F90030002B08DBF38833B1A4F88C3290
:106A800001F09AF979684846A9E70023A4F88C3206
:106A9000F8E76B7F002BF5D02B7F002BF2D0002680
:106AA0004FF0FF326C486E774FF0FF332E7709F0CE
:106AB0004FFF6B6901936B68CDE9023601A9687AD3
:106AC00000F082FE654A9042034604D0644A5F4863
:106AD000012109F005FD604809F03CFFD2E72B6871
:106AE0000121687A9847CDE7AB7A6BB9EB7F5BB948
:106AF00059484FF0FF324FF0FF3309F029FF01F002
:106B000061F9554809F026FF2B680221E9E73B7A35
:106B1000042BB7D8DFE803F059032367730000F0B4
:106B2000BDFD05460028ADD100F0F8FCBFF35B8F3A
:106B30004C49012351E8002F002A03D141E80030DD
:106B40000028F7D1BFF35B8F9CD141F8085C41F876
:106B5000105CE0696361143909F0C2FA92E700251C
:106B600065F07F00C0B2FFF7E7FD037A13B1407A0A
:106B700001F08CFA0135082DF2D194F854311BB193
:106B800094F8550101F082FA0025E8B2FFF7D4FD30
:106B9000037A13B1407A01F079FA0135082DF4D166
:106BA00094F874321BB194F8750201F06FFA00206A
:106BB00000F058FD012384F825302368002B3FF4B2
:106BC00061AF0021022098475CE7002584F825503A
:106BD00001F0C2F9FFF72EFE2368002B3FF452AFFD
:106BE00029460420EFE7002A3FF44CAF00F060FD97
:106BF0002368002B3FF446AF00210520E3E723681C
:106C0000002B3FF43FAF002A3FF43CAF00210620A9
:106C1000D9E708F110054FF0FF334FF0FF32284657
:106C200009F096FEFFF726FE284609F093FE58F875
:106C3000283C002B3FF426AF00210120C3E700BF12
:106C4000C01D0020580600203E36010074210100BE
:106C500000700240C41D0020F81D00200000AD0B94
:106C600064360100E01D002094F8743263B1012500
:106C700084F8895284F88852FFF73EFE60B9184ABA
:106C80001848294609F062FE58F8283C002B3FF4CA
:106C9000F9AE00210A2096E7134A05740573826055
:106CA000FFF782FDFFF778FDEEE7104A0D4801215E
:106CB00009F04CFE0AF07AFA01F04EF900F024FCDB
:106CC000FFF70CFEFFF7D6FD0AF069FA084800F05E
:106CD00025FDD7E6074A0348012109F001FCD1E66A
:106CE0008A360100742101002C2000209E3601000C
:106CF000C16D0000B5360100F7B587780646384605
:106D0000FFF71AFD3B06F47805461DD554B1032C58
:106D100006D0284A284800972346012109F0EAFBBB
:106D200003B0F0BDFFF7E8FD03460028F8D00122CC
:106D3000AC770274032202739D60FFF735FD03B048
:106D4000BDE8F040FFF728BD54B1012CE1D1FFF7B9
:106D5000D3FD03460028E3D06C7704740473EBE79B
:106D6000FFF7CAFD0028DBD0B278144B12F0800F79
:106D700002F0080111D041B1D3F8A836EB6001232D
:106D80000374022303738560D7E702F00F02142116
:106D900001FB0233D3F80836F0E711B1D3F8A83776
:106DA000ECE702F00F02142101FB0233D3F808379D
:106DB000E4E700BFCD3601007421010000700240FD
:106DC000F0B514228BB0064600210DEB02000AF04C
:106DD0000FFF3378013B052B21D8DFE803F08B034D
:106DE00014147B1603238DF81C300024FFF784FD58
:106DF0000346A0B1047400F10802DDE9070182E84E
:106E00000300184626E00423EDE7B7783846FFF77D
:106E100093FC837A054623B1013B022B54D90BB076
:106E2000F0BD3B06F4781CD54CB1032CF7D0324AA8
:106E3000324800972346012109F05CFBEFE7FFF79A
:106E40005BFD03460028EAD00122AC7702740322DE
:106E500002739D60FFF7A8FC0BB0BDE8F040FFF7A0
:106E60009BBC54B1012CE2D1FFF746FD034600283C
:106E7000D5D06C7704740473EBE7FFF73DFD04464F
:106E80000028CCD002230127037307748560B078F3
:106E900005F10C0109F095FD034620B1184A174889
:106EA000394609F01DFB174AE968B2F88C328B426B
:106EB00006D95B1AA2F88C3200F07EFF2046C9E7A3
:106EC0000023A2F88C32F9E730460BB0BDE8F04061
:106ED000FFF712BF03A800F04DFF9DF80D30052B02
:106EE00004D19DF80C3013F0600F98D0064B079337
:106EF00001247BE7022479E7CD36010074210100EB
:106F0000F9360100C01D00202C1F002038B5164D99
:106F100095F824402CBB05F138000AF02FFB2046E1
:106F200001F06AFC22460121E8612720FEF7EEFF0E
:106F30000AF035F9FFF79EFC044610B9012385F8E5
:106F400024300A4B1B680BB1FFF726FC4FF080433F
:106F5000D3F83834DB0702D50020FFF70BFD2046BD
:106F600038BD0024FBE700BFC01D0020080700203B
:106F7000074B93F824203AB193F82530002B14BF27
:106F800000206FF0120070476FF01200704700BFD2
:106F9000C01D002008B50378027903F00F0142B943
:106FA00091B10D4A01210D4809F0D0FC4FF0FF309E
:106FB00008BD082901D90A4AF4E7012A04D11B07B0
:106FC00007D4084A0221EEE713F00800F0D0064A81
:106FD000F8E70020ECE700BF193701007421010039
:106FE00038370100573701006D37010038B5134BB2
:106FF00093F824300446EBB105782846FFF79CFB54
:1070000088B14572237983726388436020786188F0
:1070100010F0080F0AD14B1E0B4207D0084A09484E
:10702000012109F093FC6FF0150038BD09F0C4FC94
:107030000020FAE76FF01200F7E700BFC01D002044
:107040008A3701007421010038B5154B93F82420CC
:1070500005460AB393F82530F3B1FFF76DFB0446FC
:1070600010B96FF0150038BD817A01290FD007D90A
:107070000239012907D96369A3610020E060F2E7C2
:1070800000F0A6FEF7E7284600F048FEF3E7054AC1
:10709000054809F05BFCE4E76FF01200E3E700BF8E
:1070A000C01D0020B23701007421010038B50E4B1D
:1070B00093F82420054682B193F825306BB1FFF791
:1070C0003BFB68B115F008040AD1284600F048FEE1
:1070D000284601F013F8204638BD6FF01200FBE798
:1070E0006FF01500F8E700BFC01D002038B50C4B4D
:1070F00093F8242005460C4662B193F825304BB135
:10710000FFF71AFB48B144B1284600F00FFE20708B
:10711000002038BD6FF01200FBE76FF01500F8E7B4
:10712000C01D002070B5134E96F824300446C3B13C
:10713000FFF702FB0546B8B1230705D4204600F04F
:107140000FFE204600F0DAFF2B7A83B901232B7261
:1071500096F825300BB9002070BD204600F096FF50
:10716000F9E76FF01200F7E76FF01500F4E76FF042
:107170007700F1E7C01D00202DE9F043DFF8F4802F
:107180001E4698F8243085B0074689461546002BE0
:107190006DD098F82530002B69D003060BD5FFF78A
:1071A000CBFA044638B1037A5BB9334A33483B46DD
:1071B000012109F095F96FF01504204605B0BDE8EE
:1071C000F0834FF0FF334FF0FF3208F1380009F041
:1071D000BFFBA37F33B108F1380009F0BBFB6FF0B0
:1071E0000A04EAE7A37A05B37BB30123A3774FF040
:1071F000000801A93846CDE90195CDF80C8000F0D2
:10720000E3FA1F4A904203462DD084F81E800EB147
:10721000C6F800801B4A1948012109F061F96FF096
:107220000404194809F096FBC7E7E27F02B1E5774D
:10723000002BDAD100F0D2FD8742D6D000F0C2FD9B
:10724000114809F087FB0024B7E7B8F80A309D42DF
:10725000F0D26268B5FBF2F302FB1353002BE9D1C5
:107260000123E377E6E706B135600024D9E76FF044
:107270001204A2E7C01D0020D437010074210100D0
:107280000000AD0BF3370100F81D00202DE9F0419F
:107290001D46254B174693F8242080460E46002AAB
:1072A0003FD093F82530002B3BD010F0800F0ED14B
:1072B00001B967B94046FFF73FFA044638B1037A8F
:1072C00043B91A4A1A484346012109F009F96FF0F7
:1072D000150013E04FF0FF3316484FF0FF3209F06E
:1072E00037FBE3689F42B84628BF984646B93FB986
:1072F00005B12B600F4809F02DFB0020BDE8F0819F
:10730000A169424630460AF04BFCA3694344A3619D
:10731000E368A3EB0803E360002DEBD0C5F8008021
:10732000E8E76FF01200E9E7C01D0020D437010044
:1073300074210100F81D002070B5224D95F824300D
:107340000646002B3AD095F82530002B36D00306A0
:107350000BD4FFF7F1F9044638B1037A43B91A4A5E
:107360001A483346012109F0BBF86FF0150070BDD3
:107370004FF0FF334FF0FF3205F1380009F0E8FA23
:10738000E368B3B9012663692677A361637F83B19C
:10739000FFF7B2FA30B905F1380009F0DBFA6FF007
:1073A0000B00E4E7067484600673FFF7FDF9FFF74E
:1073B000F3F9074809F0CEFA0020D8E76FF0120081
:1073C000D5E700BFC01D0020D437010074210100A3
:1073D000F81D002010B5084B93F824300C462BB153
:1073E000FFF7AAF928B10460002010BD6FF0120069
:1073F000FBE76FF01500F8E7C01D0020014B186097
:10740000704700BFC01D002008B5074B93F824301B
:1074100023B1FFF791F920B1406808BD6FF0120069
:10742000FBE76FF01500F8E7C01D00204FF0805318
:10743000D3F83021082A06D1D3F83431052B04D8EB
:10744000034AD05C7047002070470120704700BF9E
:1074500019380100064B10F0800FA3F1D80208BFC5
:10746000134600F00F00182202FB0030704700BFE7
:1074700068270020EFF31180402383F31288BFF3C5
:107480006F8F0A4BD3F8001C032261B949F27531A2
:10749000C3F8001CC3F8142DC3F8001C80F3118836
:1074A000BFF36F8F7047C3F8142DF7E700E0064075
:1074B000EFF31180402383F31288BFF36F8F0A4BE1
:1074C000D3F8001C61B949F27532C3F8002CC3F837
:1074D000141DC3F8002C80F31188BFF36F8F704721
:1074E0000022C3F8142DF6E700E006404FF0805369
:1074F000D3F83031082B02BF024B0022C3F81C2CFA
:10750000704700BF00700240024A00231360024A25
:107510001370704748280020122D002008B54A4BF0
:107520004FF40062C3F80024FFF780FF08B1FFF7B3
:10753000A1FF4FF08053D3F83031082B18D1EFF36F
:107540001180402383F31288BFF36F8F3F4BD3F832
:10755000001CC02200296ED149F27531C3F8001C0D
:10756000C3F8142CC3F8001C80F31188BFF36F8F8D
:10757000354B0122C3F80025D3F800241205FBD5B2
:107580004FF40062C3F800244FF08053D3F8303139
:10759000082B17D1EFF31180402383F31288BFF338
:1075A0006F8F2A4BD3F8001C002947D149F275325E
:1075B000C3F8002CC3F8141CC3F8002C80F3118806
:1075C000BFF36F8FFFF732FF30B1FFF771FFFFF7A7
:1075D0002DFF08B1FFF74EFF4FF08053D3F8303145
:1075E000082B194B0AD140F2E372C3F8002840225D
:1075F000C3F80428BFF36F8FBFF34F8F8022C3F807
:107600001C250122C3F83025114B40F2FF121A60ED
:10761000104B00211960104B1970FFF767FF0F4BDB
:1076200019700F4B02221A70FFF700FF50B1BDE82E
:107630000840FFF73DBFC3F8142C95E70022C3F8BC
:10764000142CBBE708BD00BF0070024000E00640FC
:1076500044280020402800200E2D0020102D00205E
:10766000122D0020094B002210B51A70084A094B50
:10767000094C002808BF1346C4F800332720FEF742
:1076800015FC0123C4F8043510BD00BF112D0020E6
:10769000FDFFDF01FDFFFF0100700240034B187882
:1076A000012894BF00200120704700BF122D002048
:1076B00010B54FF0FF324FF0FF33154806F06CFA6B
:1076C000EFF31181402383F31288BFF36F8F114BC7
:1076D0001B7803F0FF0483B10F4BD3F8002412F49E
:1076E00000720AD10120C3F82C05D3F82C05D3F879
:1076F0000004800502D5C3F82C25002481F31188ED
:10770000BFF36F8F024806F013FA204610BD00BF8A
:10771000D8060020112D002000700240F8B51C4B47
:107720001C7894BB1B4A106001221A7040F2FF17AC
:10773000264664F07F0514F0080FEDB214BF3946F9
:107740004021284609F038F92846FFF783FE013426
:10775000092C867506730661EBD1002440F2FF17F1
:10776000254614F0080FE6B214BF394640213046D2
:1077700009F022F93046FFF76DFE0134092C8575BA
:1077800005730561EDD10448F8BD0448FCE700BF6E
:10779000122D0020482800200000AD0B0500AD0B85
:1077A000084B10F0800F00F00F0114BFD3F8102524
:1077B000D3F8142501238B40134214BF012000206D
:1077C000704700BF007002402DE9F8430246EFF316
:1077D0001187402383F31288BFF36F8F030703D110
:1077E000184B1B78834229D1174B184E1C683568FB
:1077F000104609F0D9F8E443A4B24FF001092C4334
:1078000009FA00F814EA08041AD11046FFF722FE1C
:1078100080F80C90034607C91C6183E807009C753B
:107820000B4B0C4845EA080580223560C3F804215B
:1078300087F31188BFF36F8FBDE8F8830648F7E739
:107840000648F5E7102D002044280020402800209D
:1078500000E100E00000AD0B0A00AD0B0B00AD0B2A
:1078600010F0080F074B06D0D3F8C00410F4803F87
:1078700018BF0020704700F00F0000F5947053F817
:1078800020007047007002402DE9F74FAB4BAC4E23
:10789000D3F85421DAB10022C3F85421D3F80413E9
:1078A000890214D58DF80420D3F82025ADF80620E0
:1078B000D3F8C034002B336814BF4FF001224FF4CB
:1078C0008072134333609F4B01A81B6898479B4B02
:1078D000D3F8604134B10022C3F86021D3F86C447E
:1078E000C3F86C44D3F828214AB10022C3F82821F8
:1078F000954B187809F058F8012383401C43DFF8B2
:107900004C82934F98F8005098F9009015F00801B8
:1079100043D1B9F1000F05F00F032EDA8D4A52F86A
:10792000230020B342F823101422534303F1804371
:1079300003F51C33D3F80836874A117803F00103A6
:107940004B401370FFF7D2FD844806F0F1F828464B
:10795000FFF780FD837D032B37D1284609F024F8FB
:10796000012303FA00F03B6823EA00033B60DFF8E1
:10797000D4A101254FF006095DE0794A52F82300B1
:107980000028F4D042F823101422534303F180431B
:1079900003F51C33D3F80837CEE7B9F1000F674B76
:1079A00009DBD3F85021002AE1D00022C3F850218E
:1079B000D3F8A837C0E7D3F82C21002AD7D000226B
:1079C000C3F82C21D3F8A836B6E7037BDBB92846E9
:1079D00008F0EAFF012303FA00F03B68B9F1000F59
:1079E00023EA00033B6001DA882DC0D106238DF81D
:1079F000043000238DF80730524B8DF806501B6879
:107A000001A89847B3E7002DB1D14C4B0122DA64AD
:107A1000ADE794FAA4F03268B0FA80F005FA00F30A
:107A20001A430F28326024EA03043A6840F39C802A
:107A3000134200F0A980002CEBD1404BD3F8002179
:107A40005AB1C3F80041474B1C703F4B1C700123D7
:107A500001933C4B01A81B689847384BD3F8582139
:107A6000002A2ED00022C3F85821D3F80044C3F8CE
:107A70000044E30508D53B4B01221A700223019311
:107A8000304B01A81B689847A50508D5354B002247
:107A90001A70032301932B4B01A81B6898476005BC
:107AA0000FD5304B1A7862B100221A70234B012295
:107AB000C3F808259A6504230193224B01A81B688B
:107AC00098471E4BD3F85C3103B3244B9B681BB91A
:107AD00098F80030590619D0184B0022C3F85C21E1
:107AE000D3F88034184A23F07F0313703B6823F0E7
:107AF00001133B60336823F4803343F001033360A8
:107B0000052301930F4B01A81B6898473A68336817
:107B10001A4200F0EB8011480022002306F03CF8E6
:107B2000002840F0E380054BD3F82C35002B7BD0A8
:107B30000A4803B0BDE8F04F05F0FABF00700240FC
:107B40004428002048280020102D00200F2D002060
:107B500040280020087102400E2D0020D806002089
:107B600030710240112D002013407FF464AF60F0AB
:107B70007F018DF804908DF806108DF80730DAF843
:107B8000003001A8984756E7A0F110018DF8049045
:107B90008DF806108DF80750F1E749F0800528466A
:107BA000FFF758FC4368B0F814A001689A4528BF55
:107BB0009A4601F06043B3F1005F044604D0544894
:107BC000524609F0EDFF5249226863685244226030
:107BD000A268A3EB0A03D20768B2636053D5BAF177
:107BE000000F52D1002323734FE011464FF0000ADB
:107BF000604545D1003B18BF0123002A42D05045C3
:107C000040D9012303FA09F32BEA03033B6006235F
:107C10008DF804303F4B8DF8065002221B68A27588
:107C20008DF8072001A89847D7F800B033681BEA01
:107C300003093FF47DAF19F0012314BF93FAA3F9B0
:107C400099FAA9F9B9FA89F9B9F10F0FA5D9A9F1EA
:107C50001005EDB22846FFF7FDFB04462846FFF766
:107C6000FFFD6368B4F814C022689842BDD81B1A9F
:107C700000EB020E11466360C4F800E08246B7E7ED
:107C80000023BAE768B2002BACD04FF08053D3F892
:107C90003031082B02BF204B8222C3F81C2C3368E2
:107CA00088F80050012202FA09F923EA0903336037
:107CB000236915F0080F53442361174B19D100288D
:107CC00005F00F054FF0140000FB0530A9BF0A3581
:107CD00003EB8503C0F80017C0F804A7AFBF43F853
:107CE0002520C0F80016C0F804A65A6003B0BDE80D
:107CF000F08F0028B5BFC3F8A016C3F8A017C3F8CB
:107D0000A4A6C3F8A4A7B4BF5A629A64EEE700BF62
:107D1000502600204828002000700240024B40F40A
:107D20008070C3F81805704700700240030713D431
:107D300000F00F0310F0800F084A0BBF03F58873A3
:107D400003F5847302EB830252F8230008BF5068E6
:107D5000003818BF012070470020704700700240B3
:107D6000034BC3F80C0540F48070C3F80C05704752
:107D7000007002400023036043600E4BD3F8802460
:107D80000270D3F884244270D3F88824D3F88C147A
:107D900042EA01224280D3F89024D3F8941442EAB4
:107DA00001228280D3F89824D3F89C3442EA03233A
:107DB000C380704700700240014B0122DA647047B3
:107DC00000700240014B01221A65704700700240AA
:107DD000014B01225A65704700700240014B187830
:107DE000704700BF102D002010B50246EFF311843C
:107DF000402383F31288BFF36F8F08F0D5FD0B4942
:107E0000012303FA00F00B6823EA00030B6012F071
:107E1000080101BF02F00F02054B02F5947243F80E
:107E2000221084F31188BFF36F8F10BD4428002007
:107E300000700240F7B50146EFF31185402383F34C
:107E40001288BFF36F8FFFF705FB0646084608F060
:107E5000ABFD012211F0800F02FA00F22D4818D17B
:107E6000036832EA03040AD00846FFF7BDFF032384
:107E7000B37585F31188BFF36F8F03B0F0BD26494A
:107E8000347323EA020303600B6823EA02030B60E6
:107E9000EDE70B0715D48029204B2FD001F00F04FC
:107EA00004F2DA346400C3F80048D3F80448D3F885
:107EB0000478E4B244F002043C43C3F80448D3F825
:107EC0000438154F04683B6864EA030C1CEA020F8F
:107ED000CFD013433B60002333730323B3758DF876
:107EE00007300F4B8DF8061024EA020406220460C6
:107EF0001B688DF8042001A89847BAE740F2B474D3
:107F0000C3F80048D3F80448D3F80478E4B244F046
:107F10000404D1E7402800204428002000700240DB
:107F20004828002038B50446094D4FF0FF324FF085
:107F3000FF33284605F030FE2046FFF77BFF28463A
:107F400005F0F6FD034B8022C3F8042138BD00BFC5
:107F5000D806002000E100E0F8B54FF0FF324FF006
:107F6000FF332B4805F018FE2A4B8022C3F88421EA
:107F70002720FDF7BDFF98B1274E284B34681B68BA
:107F8000240C24041C43012764BB254D40F2FF133D
:107F900033602720C5F80445FDF796FFC5F8004378
:107FA000204A13788BB11E4B0021C3F80811012120
:107FB000C3F80026C3F804165960D3F80811002945
:107FC000FBD00021C3F808111170154B0022C3F833
:107FD0000025FFF78BFA0E4805F0AAFD124B01228F
:107FE0001A70F8BD94FAA4F5B5FA85F50F2D284658
:107FF000C6BFA5F11000C0B240F08000030701D455
:10800000FFF718FF07FA05F524EA0504BCE700BFEF
:10801000D806002000E100E044280020402800208D
:10802000007002400E2D0020122D002010B50446D5
:108030004FF0FF324FF0FF33114805F0ADFD204601
:10804000FFF7F8FE04F00F02012393400D4A14F0ED
:10805000800F14BFD2F81015D2F814156FEA03037D
:1080600015BF0B400B40C2F81035C2F81435044858
:1080700005F05EFD044B8022C3F8042110BD00BF53
:10808000D80600200070024000E100E070B5044610
:10809000FFF786FB68B904F00F02012514F0800F8A
:1080A000144B05FA02F205D0D3F810150A43C3F8B1
:1080B000102570BDD3F814150A43C3F81425631EA8
:1080C000062BF6D8EFF31186402383F31288BFF313
:1080D0006F8F2046FFF788FE204608F065FC064AB1
:1080E0001368854023EA0503136086F31188BFF304
:1080F0006F8FDEE70070024040280020030610B5B5
:10810000044605D4FFF712FE10B12046FFF76CFEBF
:10811000014BC3F8184510BD0070024021B1012980
:1081200002D06FF085007047024B0020C3F80015A5
:10813000704700BF00700040054B0122C3F80025C6
:1081400090F8761009B1DA6070471A605A6070478B
:10815000007000402DE9F0410E798D7906F01F0383
:10816000072B20D80C780C2C18D8DFE804F008086E
:10817000081707170F1717111317150003244A784C
:10818000032A14D0042A20D0434A08E00424F6E746
:108190000524F4E70624F2E70724F0E73F4A4048C5
:1081A000012108F094F96FF01500BDE8F08101207D
:1081B0004A8844F20A07BA425AD843F6FE77BA42CE
:1081C00005D8002A62D0374AE9E70020F0E7A2F597
:1081D0007F523F3A0B2AF6D801A757F822F000BF8A
:1081E00095820000C7810000C7810000C7810000A0
:1081F00011820000C78100006D820000C78100006D
:10820000C7810000C7810000C78100008D82000087
:108210000022254F4FF00108000397F898C008FA94
:1082200003FE40EA042016F020065FFA8EFE40EAC4
:1082300002404FEA031214BF2CEA0E0C4CEA0E0C5B
:1082400002F1804287F898C002F5E04218BF464626
:108250001F44497987F8901040EA0650C2F8180583
:108260000020C2F81005C2F814559EE70122D0E79D
:1082700044F21407BA420BD044F22807BA4209D09C
:1082800044F20F07BA429ED10322C2E70222C0E79E
:108290000422BEE70522BCE74E3801002F3801005A
:1082A000E42001007238010000010020F7B50D46FE
:1082B0004FF0FF3367484FF0FF3205F06DFC6E68FA
:1082C000731EFE2B05D9644A6448012108F0FFF8AB
:1082D00012E000236248634F1A4626FA03F111F0B8
:1082E000010134D017F803C0BCF1000F0CD15E4A75
:1082F0005A48012108F0F4F86FF01504554805F0CC
:1083000017FC204603B0F0BD00EB031E6C7CDEF8CA
:108310001815003C18BF012421F0807141EA046166
:10832000CEF8181503F151010901013240F801C0DE
:10833000D2B20133082BD0D12B7CA3F1080106293E
:108340001ED8DFE801F01F1D211D111D1B0000EBD1
:10835000031CDCF8184524F08074CCF8184503F1B0
:10836000510424010151E4E702233D49012AC1F8E7
:10837000F0356B7C0AD95BB13C4AA5E70323F4E7EF
:108380003B4AB5E70023F0E70123EEE7082B10D8BE
:10839000C1F8F4352B6851006BB9EB688B420ED2F3
:1083A000344A00912D48012108F0A4F86FF00B0425
:1083B000A4E7314A9CE79B8903FB0111EDE7284BB9
:1083C000A968C3F82C162F46C3F830260FCF2B4CC4
:1083D00004F164060FC63B683360002626662B68EE
:1083E000274693B30FCB04F1780585E80F00656647
:1083F000A4F8886048B3BFF35B8F57E8003F47E8B5
:108400000062002AF9D1BFF35B8F1D49A56F1D4A99
:108410004FF400400F463146E5FB0071002338461B
:10842000F9F79CFB0022CDE90001002304F10800CC
:1084300006F044FB14484FF0FF324FF0FF3305F0D5
:10844000ABFB00B12066246E58E70C48FFF774FEC2
:10845000F0E700BF400100209D380100E42001004A
:108460000070004090010020BB380100FA38010084
:10847000D53801004F3901002C39010000010020DE
:108480003F420F0040420F005001002038B5114B11
:108490000025C3F80451D3F80421C3F81051D3F8D0
:1084A00010211222C3F8042304460720FDF7FEFC26
:1084B0002A4601210720FDF729FD0748836C13B9DF
:1084C000403005F035FB20460449BDE8384008F04F
:1084D000CBB800BF00700040000100201D810000EB
:1084E000F8B53B4BD3F80421002A63D00021C3F830
:1084F0000411D3F80421374C01229A60C3F8001507
:10850000A66E94F898703742254606D1636EC3B9BB
:108510003148BDE8F84005F00BBBD3F82C16F6B295
:1085200013461E4208D01F4205D0B1F90020002A90
:10853000BCBF00220A8002315B009BB29F42F0D296
:10854000E4E7E36FB4F888202BB124499847012869
:1085500014D0022827D0B4F88830B4F884209A4286
:1085600021D90133A4F88830194BD3F82C26D3F83D
:10857000341689B202EB4102C3F82C26A36F23B94B
:10858000BDE8F8401348FFF7D7BDBFF35B8F55E850
:10859000003F5A1E45E800210029F8D1BFF35B8F48
:1085A000012BEDDCF8BDA36F002BB1D00C4809F016
:1085B0006FFAADE7D3F810110029F3D0C3F81021FA
:1085C000D3F8102101229A601A605A60EAE700BFCE
:1085D00000700040000100205001002064010020D4
:1085E00008010020084B70B5C31A0D4607499B10BF
:1085F000044659430648402208F019FA2B46014622
:108600002046BDE87040184760280020B76DDBB6F3
:10861000AC1D010073B50C4C0C4A4023041B0093A5
:108620000D460B460A49A41061430646094808F066
:1086300029FA011E05DA30462B4602B0BDE870402B
:10864000184702B070BD00BF60280020ED0A01008D
:10865000B76DDBB6AC1D010010B5EFF311844023FC
:1086600083F31288BFF36F8F074A136823F0020168
:10867000DB07116002D4012008F0E1FC84F31188CB
:10868000BFF36F8F10BD00BFB0280020002270B56F
:10869000012104461046FDF739FC0F4803F01CFA8F
:1086A0000E4B984215D103F027FA26690C49304643
:1086B00007F003FD00280BDB012535642469084918
:1086C00004F11C0007F0F9FC002801DBE564002040
:1086D00070BD6FF00400FBE7DD8700000000AD0B0C
:1086E0006C2301001FB500220123CDE90223094AB2
:1086F000CDF800D06B46CDF804D008F0F0F9002892
:1087000005DB4FF480420023684605F045FA05B0CA
:108710005DF804FB0B0B010030B4104B0C2202FB84
:10872000003301460020D3E90E529863EFF3118025
:10873000402484F31288BFF36F8F1C6C04F0C004D4
:1087400044F002041C6480F31188BFF36F8F1DB1E5
:108750002B46034830BC184730BC704760280020C7
:10876000AC1D010010B4EFF31182402383F3128893
:10877000BFF36F8F1748016841F002040460C80717
:1087800007D482F31188BFF36F8F012010BC03F070
:10879000CBB94FF08041D1F80C04D1F80C14C907C3
:1087A000EFD5EFF3118083F31288BFF36F8F0A497F
:1087B0000B6C03F0C00343F002030B6480F31188D9
:1087C000BFF36F8F82F31188BFF36F8F002010BC4F
:1087D000FFF7A2BFB02800206028002010B10128B8
:1087E00004D07047034B1B6C5B0701D1FFF794BFAC
:1087F000704700BF60280020024AC3B21C2003FB60
:1088000000207047602800202DE9F0413849BFF36F
:108810005B8F0746012251E8003F41E80020002815
:10882000F9D1BFF35B8F33B9324933484B60CB602A
:108830008A6007F055FC7B1E012B2BD8012F07D136
:108840004FF08043D3F81C3403F00303012B21D0F5
:1088500008F09AFF0546F8B9284B1B78E3B14FF0B2
:1088600080430222C3F808230646DFF894804FF0C5
:108870008044D4F81824D4F81834D20315D503F062
:108880000303012B01D0012F0FD155B386F31188BB
:10889000BFF36F8FBDE8F081EFF31186402383F3C0
:1088A0001288BFF36F8F0125DFE7ADB1304608F0C6
:1088B00000F8D4F81835002BDBD1D4F80421002AB5
:1088C000D7D0C4F80431D4F804310123C4F81835E2
:1088D000C8F88031A360CCE70021212009F00CF812
:1088E000E7E74FF080430222C3F80423D2E700BF3A
:1088F0005C2800204C2800207C280020CB2F002062
:1089000000E100E008B5074808F096FD38B10648D8
:10891000FDF73EFD0448FAF759FE002008BD6FF050
:108920001200FBE7F41D01002D8900000A2838B56C
:10893000074D044604D1AB680D215B682846984773
:10894000AB6803485B68E1B29847204638BD00BF7A
:10895000F41D0100024B0B6001231360704700BF40
:10896000B4280020004870479023010007B5034653
:10897000054A00910548012107F0BCFD6FF0150084
:1089800003B05DF804FB00BFB93901000C21010000
:1089900010B5012211460648064C08F081FE08F089
:1089A000EEFB206008F0E7FB6060002010BD00BF18
:1089B000BC280020B42800204FF08042D2F81015C7
:1089C000D2F8103501F01E0123F01F030B4343F0D2
:1089D0000103C2F81035024B00221A70704700BF25
:1089E000132D00204FF08053D3F83031082B20D1C5
:1089F0004FF08042D2F81015CB071AD5D2F81035B7
:108A000001F01E0123F01F030B43C2F81035D2F80A
:108A100008315BB1D2F8103523F01F030B4343F04C
:108A20000103C2F810356FF08B007047024B012232
:108A30001A700020704700BF132D00202DE9F3416C
:108A40000F46154608F097FB29460646384608F0BB
:108A500068F8B846002838D0B7FBF6F306FB137366
:108A600023B9B5FBF6F406FB14544CB1194A009532
:108A70003B461948012107F03DFD6FF015041DE04C
:108A8000AE421BD84FF0FF324FF0FF331348144F64
:108A900005F082F808F06FFB0646FFF7A3FF0446D7
:108AA00080B9404603F0CEFC3B780BB1FFF784FF62
:108AB000AD1BB044F1D1094805F03AF8204602B0A8
:108AC000BDE8F0816FF08B04F5E7064A00953B4660
:108AD000CFE700BFD63901000C210100BC280020DF
:108AE000132D0020B93901002DE9F7430E46304619
:108AF000194617461C4608F014F860B9204A00943D
:108B000033462048012107F0F5FC6FF0150420469C
:108B100003B0BDE8F08346EA040515F0030503D071
:108B2000194A00943346ECE7002CF0D01748DFF8E0
:108B300060904FF0FF324FF0FF3305F02DF824F036
:108B40000304A54205EB060809D1124AD2F8003405
:108B5000DB07FBD500240D4804F0EAFFD7E7FFF759
:108B600041FF50B97959404603F08CFC99F8003028
:108B70000BB1FFF721FF0435E3E76FF08B04EAE761
:108B8000B93901000C210100F5390100BC28002091
:108B9000132D002000E00140F0B54068057B01F096
:108BA0001F0444EA4514056987B0002D64D0B2F56E
:108BB000001F00F1100506D12146284608F0D0FA22
:108BC000002007B0F0BD01AE0027B2F5800F01977D
:108BD000776039D1B3F1007F14BF052304238DF8EA
:108BE00004300023CDE904630393836823FA01F181
:108BF00011F001011AD1B2F1A07F17D104F01F03C7
:108C0000620903F5E0732AD0012A3BD11F4A52F8CA
:108C10002330DB070AD40DF10306324621462846ED
:108C200003F06AFA1A4B98421CD0029603AA214616
:108C3000284603F023F9174B984220D10122214600
:108C4000284603F0BDFABBE7B3F1C06F05D0B3F11E
:108C5000007F14BF01230223C1E70323BFE74FF0C6
:108C6000A042D4E73146284603F0A4FA094B9842C3
:108C7000DBD06FF00B00A4E76FF08500A1E76FF089
:108C800015009EE751F82330FFDE00BF00030050BF
:108C90000400AD0B0000AD0B38B545682B69B3B1CE
:108CA0001035284603F076FA044680B90146284676
:108CB00003F03CFA084B98420BD10849224628465B
:108CC00003F014FA224605210620FDF71FF90020C3
:108CD00038BD6FF00400FBE70000AD0BE18C000035
:108CE000420970B5034602D0012A17D070BD0D4E5F
:108CF000326951680029F9D003F01F0301250C687F
:108D00009D400029F2D08A682A4002D04B68304644
:108D100098472CB1236821461C46F2E7024EE7E74C
:108D20002346F8E7DC1D0100C41D01002DE9F043D6
:108D3000466840F20635D006337B87B002EA050567
:108D400054BFC2F34010032001F01F07B5F5837F25
:108D5000144647EA43178DF8030045D00FD8062D77
:108D600018D007D8B5B1022D40D06FF0150007B06C
:108D7000BDE8F083B5F5807FF7D101250AE040F228
:108D80000222954234D0B5F5407F33D0B5F5007F4F
:108D9000EBD102250123220303FA01F12CD57368DC
:108DA000C3F80815326982BB07F01F037F0929D079
:108DB000012F77D13E4A02EB830284F48033D2F84C
:108DC0000017C3F30043C4F3404444EA430421F4CE
:108DD000E16144EA800421F0070144EA05230B43E2
:108DE000C2F800370020C2E70725D3E70425D1E702
:108DF0000525CFE70325CDE7630344BF7368C3F8B8
:108E00000C15CFE74FF0A042D5E710360DF1020266
:108E10003946304603F070F914F4403F80460CD1D7
:108E20003946304608F09AF9224B9845DAD19DF838
:108E30000210304603F0B8F9D4E701AB4FF0000957
:108E400003AA39463046CDE90439CDE90199CDF878
:108E50000C9003F013F8174B984286D114F40033AA
:108E600015D09DF803308DF80E3084F48034C4F3AF
:108E700000444B4603AA394630468DF80C508DF815
:108E80000D4003F0B5F80B4B9842CDD06DE7CDE91E
:108E9000043303AA0DF1030339463046039302F06D
:108EA000EDFFF0E703F5E07352F82330FFDE00BF7B
:108EB000000300500000AD0B036803F01F025B09C4
:108EC000026004D0012B034818BF002070474FF008
:108ED000A0407047000300502DE9F04F544FDFF8D9
:108EE000548185B09246814600EB810140F2FF1625
:108EF000494503D1002005B0BDE8F08FD9F8003016
:108F00005804C3F3C322C3F3080400F18B801B0E83
:108F1000043BBD5CB44208BF4FF0FF34152B00F298
:108F20008480DFE803F00B1223828282822B5A8234
:108F300082828282828282825D737679621CCAF822
:108F400008456CD109F10409D2E7631CCAF80C4545
:108F5000F8D04FF0010B03A80394FFF7ADFF039B7C
:108F6000012202FA03F3C0F80C3511E0CAF81045EB
:108F7000601CE7D04FF0000B5A4609E0CAF80845DC
:108F8000002DF5D1631CDDD04FF0000B5A460625AD
:108F9000D9F80030019303F40040002818BF0022E4
:108FA00003A8009218BF4FF0010B0394FFF784FF52
:108FB000039C019B009A00EB8400C3F3412CD0F882
:108FC00000472B0243EA8C03134304EA08042343BB
:108FD00043EA4B03C0F80037B4E7CAF80C45CFE7C3
:108FE000CAF86045621CD9F80030ABD0C3F3004327
:108FF000002BAED003A80394FFF75EFF039B4FF056
:10900000010B0BFA03F3C0F80835B5E7CAF864455D
:10901000E8E7CAF86845E5E7CAF86C45E2E74FF0CB
:10902000000B98E76FF0150065E76FF0850062E7C9
:10903000533A0100F0F8FCFF036803F01F025B09DC
:10904000026004D0012B034818BF002070474FF086
:10905000A04070470003005098B5044600AF0022BE
:1090600001211C20FCF752FF60682369124A00F1BD
:10907000080103F081FB114B984217D023686C461E
:1090800088B06A460E49C2E905134FF40073938312
:109090000C4B42F8103F0C4800234FF4E251FAF712
:1090A00067FE6FF00F00A546BD4698BD07492046F4
:1090B00007F0DAFAF8E700BF6B0C01000000AD0B17
:1090C0005B3A0100030000014C210100970C0100F4
:1090D0002DE9F341BDF820C046680469032907461D
:1090E0000D460CF0010C06D9514A0B46514801219E
:1090F00007F0F6F91AE0B17F012908BF5B084FF0CD
:10910000010108BF520801FA05F0002B66D09A420F
:1091100067D9D4F800E072451DD094F804E03EEA27
:10912000000E08D0444A434807F0D1F96FF015000B
:1091300002B0BDE8F0811146B1F5004F44D2226083
:1091400084F805E0326896F81E80C2F80CE5C2F893
:109150000485C2F80815627923FA02F292B24FF040
:10916000010E79688CF00108896A42EAC83221F858
:1091700015205FFA80F8BEF1000F41D1326805F585
:10918000AC7552F82520002A0FDBBCF1000F4BD044
:10919000B3FA83F35B094BBB01A80192FFF74CFFC5
:1091A000019A01239340C0F80C35217921EA080186
:1091B000217151B3A3797BBB1023012206F1280151
:1091C000304603F0FFFA25E00EF1010EBEF1080F64
:1091D0004FEA5101B0D11346184A87E79E461A4616
:1091E000BFE74FF0000E47F6FF72BAE701A8019201
:1091F000FFF722FF019A01239340C0F80835D4E716
:10920000237948EA03032371D4E7786803F018FB55
:109210000123A37100208BE70023A371304608F0DF
:1092200032F80028FAD0C7E7003B18BF0123B2E7A5
:109230007B3A01004C210100903A0100A53A01005F
:109240002DE9F84345680669286A00AF002107F058
:1092500089FD041E11DB696A481C1AD005F128003B
:1092600000F022FB10F1130F04460AD1304A3148B6
:10927000012107F05DFD6FF012042046BD46BDE8F8
:10928000F883411D05D12C4A2A48012107F050FDE1
:10929000F3E7EB699847B5684FF00108D6E9023269
:1092A00003EBC2039D4204D3304607F098FD00242F
:1092B000E3E7286808F0C0F80346B0B92A682979BE
:1092C00010686C468AB06A461C4DD1614FF400713B
:1092D00011841B49C2E9055042F8101F15484FF48C
:1092E0001151FAF745FDA546C5E728682979EB88AD
:1092F000D0F810C0D0F80890DCF80040DA0754BF6E
:1093000043F4B01383F4D01323F4801208FA01FE5F
:10931000DB074CBF4EEA040424EA0E04CCF80040FC
:10932000D9F800309847041EA7DB0835B6E700BF20
:10933000E53A01005C210100103B01002D3B0100DA
:10934000040000017FB50546406829698A6C0B6DF1
:109350000ABBABB14C6C8B6516461A46C96C0291C0
:10936000CDE9004611B3002B18BF13460022694611
:10937000039303F0FBFB0E4B98420AD06FF00403FB
:109380002C69236304F1200004F0D2FB002384F84D
:109390005C3004B070BD4C6C13B19A4228BF1A46C1
:1093A000002C8A6514BF16460026D7E70B46DDE77A
:1093B0000000AD0B38B503780C4663B98D6D5DB90F
:1093C0004B6D1C696FF07303236304F1200004F0FC
:1093D000AFFB84F85C5038BD8B6C33B19D4213D920
:1093E000224A2348012107F0A3FC236DA26D33B16B
:1093F0009A4221D91D4A1E48012107F099FC606D4F
:10940000BDE83840FFF79EBF5B1B8B6473B94B6BA5
:1094100008334B638B6B013B8B6301F1480204F112
:109420003400383107F08BFC6064DEE74B6C002BB6
:10943000DBD02B444B64D8E79B1A23657BB9E36BE5
:109440000833E363236C013B236404F1500204F10D
:10945000400104F13C0007F072FCE064CFE7E36CEC
:10946000002BCCD01344E364C9E700BF513B01009B
:109470005C2101002DE9F04F8BB000AFC7E902324B
:1094800043687B608B8804699E048046894630D49B
:109490004FF0FF324FF0FF3304F1100004F07CFB7B
:1094A000C4F80490D8F810A0D8F804B09AF85D3049
:1094B00023B1DAF80030994500F0DD80B9F8046096
:1094C00016F400631CD0B34AB348012107F030FC06
:1094D0006FF0850523689B8813F4005304D1636003
:1094E00004F1100004F024FB28462C37BD46BDE8EB
:1094F000F08FA369002BCBD163689942C8D1D1E723
:10950000F50716D56D4688B0D8F800106A46A3480E
:10951000C2E905014FF400719183A14942F8101F7F
:109520009D484FF4E251FAF723FCAD466FF0150564
:10953000D0E7300705D59B4A9748012107F0F8FB93
:10954000F4E7C6F34513082B01D0974AF4E7D9F89E
:109550000050964B9D4201D8954AEDE70BF1080E5D
:10956000BEE80F0007F1140CACE80F00DEF8003085
:10957000CCF800308F4B9D4254D98F4B9D4254D92B
:109580008E4B9D4254D98E4B9D4254D98D4B9D425A
:1095900054D98D4B9D422CBF4FF000454FF0804574
:1095A000B107FD6106F004034BD5002B14BF032364
:1095B000022387F82030C6F3001387F82130DBF848
:1095C0000030D3F8083516F0020F4FEA5312C6F3F5
:1095D000400103F01F033BD1BAB3012A40F03C81A4
:1095E0007A49012202FA03F3C1F80C359AF85D308A
:1095F0002BB1584603F082FA00238AF85D30744A92
:10960000534607F11401584603F044FA714A904258
:1096100003462BD0704A6048012106F061FF6FF0CD
:10962000040557E74FF00075BAE74FF08065B7E7DC
:109630004FF00065B4E74FF08055B1E74FF00055AB
:10964000AEE7003B18BF0123B3E74FF0A041C8E7E6
:109650004AB1012A40F003815C49012202FA03F376
:10966000C1F80835C2E74FF0A041F6E701238AF8B8
:109670005D30CAF80090012384F85C307B68596A39
:109680004A1C0AD003F1280007F0D3FB743004D140
:10969000524A4148022107F04BFBFB68002B40F087
:1096A000A18063630023A36304F1480204F138013D
:1096B00004F1340007F043FBBB686064002B40F00A
:1096C0009A80E3630023236404F1500204F1400113
:1096D00004F13C0007F033FBE064206800232363BF
:1096E00048B183683BB10121083007F064FB23686F
:1096F000186907F09CFE4046FFF724FE0022A06B8D
:109700001346834240F080800023256C1946A9420D
:1097100040F081809342264638BF13464FF4FA52F8
:1097200002FB03F556F8203B4FF4004C1B68B5FBD9
:10973000F3F540F2E730C83500214FF47A72002388
:10974000E5FB0C01F8F70AFA02460B46304604F036
:1097500023FA002866D0224A0F48012107F0E8FAD0
:109760004FF000097868C4F8589003F0C7F984F8FE
:109770005D90D8F810506FF07308C5F8308005F18F
:10978000200004F0D5F985F85C90304604F02AFA00
:1097900045464BE06F3B01005C210100893B010025
:1097A00003000001AB3B0100CA3B010047E8010098
:1097B000F93B01008FD003001FA107003F420F00BB
:1097C0007F841E00FF083D0000127A000003005055
:1097D000B59300000000AD0B2A3C0100513C010094
:1097E0007B3C0100FB681B686363002B3FF45AAFAE
:1097F000FB685B6857E7BB681B68E363002B3FF4BB
:1098000061AFBB685B685EE7616B01EBC30101336D
:1098100049680A4475E7E06B00EBC100013140681C
:10982000034474E7256B15F1740F99D02368002B5E
:109830003FF450AE9A68002A3FF44CAE998811F478
:1098400080567FF447AE186907F0F1FD2068314675
:10985000083007F0B0FA3DE6C1F80C15FFDE002332
:10986000C3F80835FAE700BF00F01F0240090DD029
:1098700001280ED10A4B03EB82030A4AD3F80007F2
:10988000024042EA8102C3F8002770474FF0A0432C
:10989000F1E702F5E072002353F82230FFDE00BF4B
:1098A00000030050F0F8FCFFF0B587B001238DF8FD
:1098B000023002238DF804306B4403930F4601AB52
:1098C0000DF103010024049305460291059402F072
:1098D00071FC0C4B984206460FD103AA3946284624
:1098E00002F0CCFAB0420BD09DF80310284602F0EB
:1098F0005BFC6FF0040007B0F0BD6FF01200FAE7F8
:109900002046F8E70000AD0B2DE9F0474568D0F898
:10991000108000AF06460021E86B07F0CCFA041E69
:1099200011DB296C481C1AD005F14400FFF7BCFF7D
:1099300010F1130F04460AD1324A3348012107F0CF
:10994000A0FA6FF012042046BD46BDE8F087411D25
:1099500005D12E4A2C48012107F093FAF3E76B6BEF
:109960009847D8F808504FF00109D8E9023203EBC4
:10997000C2039D4208D3404607F0FCFA2449304612
:1099800006F072FE0446DEE7286807F055FD034640
:10999000B0B92A68297910686C468AB06A461D4DAC
:1099A000D1614FF4007111841B49C2E9055042F89E
:1099B000101F15484FF41151FAF7DAF9A546C0E720
:1099C00028682979EB88D0F810C0D0F808A0DCF816
:1099D0000040DA0754BF43F4B01383F4D01323F4E8
:1099E000801209FA01FEDB074CBF4EEA040424EAA8
:1099F0000E04CCF80040DAF800309847041EA2DBD1
:109A00000835B2E7E53A010064210100103B01008E
:109A1000D50E01002D3B0100040000012DE9FF419E
:109A20000569D0F804802B6D0646A86C002835D156
:109A3000002B53D0B8F838406A6CEF6C9C4228BFBA
:109A40001C46EB6C53B1296D41B107F06041B1F197
:109A5000005F03D0082C6F6E28BF082400926A6C48
:109A6000AC651AB1AA6C002A18BF2246CDE90127BD
:109A70001BB12B6D002B18BF2346002269464046C0
:109A8000039303F065FB184B984229D06FF0040153
:109A9000304604B0BDE8F04107F08EBA696CEF6C57
:109AA000B8F838400A46ABB1834228BF03469C420F
:109AB00028BF1C460029C4D001F06043B3F1005F09
:109AC000BFD0082C28BF08242246286E08F068F86A
:109AD0002A6EB6E7844228BF0446EBE71946D7E76B
:109AE00004B0BDE8F08100BF0000AD0B10B50278F6
:109AF0000346002A5FD10C69A26D32B9606D6FF028
:109B00007301BDE8104007F057BAE06C40B1216D19
:109B100031B1DB6823B1834202D0616E08F040F8B6
:109B2000A36CA26D33B19A4213D9234A2348012171
:109B300007F0A7F9236DA26D33B19A4222D91E4ACC
:109B40001E48012107F09DF9606DBDE81040FFF748
:109B500065BF9B1AA3647BB9636B08336363A36B14
:109B6000013BA36304F1480204F1380104F134001D
:109B700007F08EF96064DDE7636C002BDAD01344E4
:109B80006364D7E79B1A23657BB9E36B0833E36310
:109B9000236C013B236404F1500204F1400104F101
:109BA0003C0007F075F9E064CEE7E36C002BCBD006
:109BB0001344E364C8E710BD513B01006421010078
:109BC0002DE9F04F8FB000AFC7E9023243687B60E8
:109BD0008B88046989469904804633D44FF0FF325C
:109BE0004FF0FF3304F1100003F0D6FFC4F80490E7
:109BF000D8F804B0D8F810A0DBF808303B609AF829
:109C00005D3023B1DAF80030994500F0E180B9F811
:109C100004E01EF400631CD0B14AB248012107F0F1
:109C200030F96FF0850523689B8813F4005304D145
:109C3000636004F1100003F07BFF28463C37BD460B
:109C4000BDE8F08FA369002BC8D163689945C5D1E1
:109C5000CEE71EF0010F16D06D4688B0D8F8001080
:109C60006A46A148C2E905014FF4007191839F49FA
:109C700042F8101F9B484FF4E251FAF779F8AD46CD
:109C80006FF01505CFE71EF0080F05D0984A9548EC
:109C9000012107F0F6F8F3E7CEF34513082B01D0C6
:109CA000944AF4E7D9F800C0934B9C4501D8934AF5
:109CB000EDE70BF10C060FCE07F110050FC50FCE27
:109CC0000FC53B68634528BF63469C4696E8030082
:109CD0008B4B9C4585E8030017D28A4B9C4514D2D8
:109CE000894B9C4511D2894B9C4550D8884B9C454B
:109CF0004FD8884B9C454ED8874B9C454DD88749BB
:109D0000874B884A8C4588BF13461EF0020F7B6242
:109D10000EF0040343D0002B14BF0323022387F863
:109D20002830CEF3001387F82930DBF80030D3F861
:109D300008251EF0020F4FEA5213CEF3400102F045
:109D40001F0233D17BB3012B40F0268176490123DA
:109D50009340C1F80C359AF85D302BB1584603F0AA
:109D6000A9F900238AF85D30704A434607F11001D3
:109D7000584603F06BF96E4A9042034623D06D4A71
:109D80005848012106F0ACFB6FF004054BE76A4B25
:109D9000BBE76A4BB9E76A4BB7E76A4BB5E7003BED
:109DA00018BF0123BBE74FF0A041D0E743B1012B1F
:109DB00040F0F5805C4901239340C1F80835CAE7BB
:109DC0004FF0A041F7E701238AF85D30CAF8009010
:109DD000012384F85C307B68196C4A1C0AD003F1BB
:109DE000440007F026F8743004D1574A3D48022158
:109DF00007F047F8FB68002B6AD163630023A36375
:109E000004F1480204F1380104F1340007F040F88D
:109E1000BB686064002B40F09B80E36300232364F5
:109E200004F1500204F1400104F13C0007F030F865
:109E300000252A46E06401212046256307F07AF8D0
:109E40004046FFF7EBFDA06B2A462B46834240F0CD
:109E500088800023256C1946A94240F089809342EE
:109E6000264638BF13464FF4FA5202FB03F556F864
:109E7000203B4FF4004C1B68B5FBF3F540F2E73094
:109E8000C83500214FF47A720023E5FB0C01F7F787
:109E900065FE02460B46304603F07EFE0246002871
:109EA0006DD02A4A0F48012106F0EBFF00257868A3
:109EB000A56503F0FFF884F85D506FF0730140462C
:109EC00007F07AF8304603F08DFE6FF07305AAE6CE
:109ED000FB681B686363002B90D0FB685B688EE7B0
:109EE0006F3B010064210100893B01000300000178
:109EF000AB3B0100CA3B010047E80100F93B010010
:109F00000048E8010024F40000127A00FF083D0038
:109F10007F841E003F420F001FA107008FD0030067
:109F200048E8010090D0030000030050ED9A0000C3
:109F30000000AD0B2A3C010000093D0080841E009A
:109F400040420F0020A10700513C01007B3C010072
:109F5000BB681B68E363002B3FF460AFBB685B68C2
:109F60005DE7616B01EBC301013349680A446DE7AA
:109F7000E06B00EBC1000131406803446CE7256BE6
:109F800015F1740F92D0002D3FF44DAE0146D8F874
:109F9000100006F0CFFF46E6C1F80C15FFDE0023E7
:109FA000C3F80835FAE700BF70B5012383400E4AB5
:109FB000BFF35B8FDC4352E8001F01EA040542E86F
:109FC0000056002EF7D1BFF35B8F4FF480328240F2
:109FD0000648C0F80823BFF35F8FBFF36F8F0B42B3
:109FE00014BF0120002070BDF028002000100140A7
:109FF00070B40E49D1E90034D01AC31844F10004FA
:10A0000022F07F46C1E90034A6F50013B3F5400FF6
:10A0100009D2074B1B681A0A1B069C19054B42F113
:10A020000005C3E9004570BC04F062BC6813002061
:10A03000F42800207013002011B3BFF35B8F0123BD
:10A04000104A834052E800CF4CEA030C42E800C1BA
:10A050000029F7D1BFF35B8F0B4A4FF48033834065
:10A06000C2F80433094BBFF35B8F1B68BFF35B8FF0
:10A07000C340DB0742BF064B4FF40032C3F8002158
:10A08000704700BFF028002000100140EC2800209D
:10A0900000E100E00D4B1868010A0006BFF35F8F76
:10A0A0000B4BD3F80435181841F10001B3F5801FAC
:10A0B0000AD2084BD3E90023904271EB030303D289
:10A0C00010F1807041F10001704700BFF4280020BA
:10A0D00000100140701300202DE9F04F85B01646A6
:10A0E0001F469DF840A00446FFF75EFF0190FFF772
:10A0F000D1FFB04271EB070354D23E4B301A67EBED
:10A100000101984271F100014FD23B4B03EB041364
:10A11000D3E902239F4208BF96425ED037494FF4ED
:10A12000803804F1500508FA04F8AD00C1F84883FE
:10A130002046ADB206F051FF26F07F4B05F1804579
:10A1400004F5A87305F58835DC464FF00309029342
:10A15000029A2CF07F4341F82230C1F84483D1F8B1
:10A160000435274A6FF00200C01A604420F07F4097
:10A17000904232D9286868B1D1F804350393A3EB33
:10A180000B0020F07F40B0F5000F26D9204606F0E6
:10A1900024FF039BBAF1000F07D109EB030C09F16F
:10A1A0000109D5E7BAF1000F09D06FF01505204677
:10A1B0000199FFF741FF284605B0BDE8F08F012364
:10A1C000104ABFF35B8FA34052E8000F184342E8E8
:10A1D00000010029F8D1BFF35B8F07490E982301D6
:10A1E00001EB0412C8500F9B5360C2E902670025BF
:10A1F000DDE700BF0100800058130020001001407F
:10A20000FDFF7F00EC2800207FB51C4C1C4BC4F8E0
:10A210000833C4F848331B4B00254FF0FF304FF094
:10A22000FF31C4F80855C3E902014FF48033C4F884
:10A230000433154B02264FF400320121C4F80463A5
:10A240001120C3F880212A46FBF760FE1120FBF79E
:10A250002DFE0E4A0123A360236013600C4B0D4AB0
:10A260000093CDE9015500232846FFF735FF30461E
:10A27000FEF7CAFA284604B070BD00BF00100140C6
:10A2800003000F005813002000E100E0F028002038
:10A29000F19F0000FFFF7F002DE9F7432B4CD4F81E
:10A2A000043399070BD5D4F8043143B1284A00236D
:10A2B000C4F80431D4F80431136801331360D4F8BE
:10A2C0000433DA0323D5BFF35B8F224B53E8002F0F
:10A2D00022F0010143E800100028F7D1BFF35B8FA3
:10A2E000D30702D4D4F840318BB10025C4F84051D3
:10A2F000D4F84031FFF7CEFEEFF3108272B6164B62
:10A30000D3E90267B042B94104D282F3108803B0A6
:10A31000BDE8F0834FF0FF384FF0FF39C3E9028901
:10A32000D3E900101D604FF48033C4F84833C4F8FB
:10A330004051D4F8403182F310880029E7D00090D2
:10A3400032463B4628468847E1E700BF00100140FF
:10A35000F4280020EC2800205813002030B5431CBE
:10A36000124C85B005D08442A8BF0446012CB8BF6A
:10A370000124FFF78FFE0E4B0C4DD3E90013401A5A
:10A38000B0F5000F10D22218AA4228BF2A46521850
:10A390004FF0000007490091CDE9010043F10003AF
:10A3A000FFF79AFE05B030BD2A46F0E7FFFF7F00B9
:10A3B00068130020F19F000008B5FFF76BFE024B09
:10A3C0001B68C01A08BD00BF681300200B4B0C4A65
:10A3D0001B7AC2F81035042B0DD8DFE803F0080310
:10A3E0000C080300074BA0221A6001207047054BA0
:10A3F0004FF49672F8E70020704700BFF029002064
:10A400000010004000290020044A0023C2E908335C
:10A410009362034AC2E9083393627047BC29002063
:10A4200090290020054B1B68D3F80423920342BFF8
:10A430000022C3F84421D3F844317047B803002008
:10A4400038B500280D490E480E4D40F2044408BFAF
:10A450004FF48064F6F75AFE28B900F013FF2B681A
:10A46000C3F8004238BD084BDB7C002B2B680CBFC7
:10A4700081222822C3F84825F1E700BF700300209D
:10A4800030250100B8030020F029002008B5094B51
:10A490001B6801225A60DA60F6F74AFEF6F742FEC0
:10A4A00000F00CFF0320F6F749FEBDE80840F6F780
:10A4B00027BE00BFB803002007B50B4B0B48DA7C62
:10A4C00090F90A00002302F5166201A9F6F742FE90
:10A4D0009DF80500F6F738FE9DF80420044BC3F8FC
:10A4E0000C2503B05DF804FBA0030020F029002038
:10A4F00000100040EFF31181402383F31288BFF373
:10A500006F8F074A936A013B9362536A0133082BAA
:10A5100028BF0023536281F31188BFF36F8F704708
:10A52000BC2900202DE9F843224BDFF88C801A78F3
:10A53000012A81460F4630D198F80030C3F3050256
:10A5400003F03F03202B33D81C4B196A53F82130FA
:10A550001A701A4D1A492C6A55F824603046013495
:10A5600010F8052B07F01CFB164B86F80190D3F86A
:10A570004835377103F07F03B37098F80130DB433F
:10A5800003F00103F370AB6A082C28BF00240133E9
:10A590002C62AB620120BDE8F883084A116A52F8C8
:10A5A0002120597809B91170D3E75B7C1370D0E78B
:10A5B0000020F0E7F02900207C2F002090290020C7
:10A5C0007E2F002000100040837842781B0443EA6D
:10A5D000022302781343C27843EA0253027943EA22
:10A5E0008253427943EA0263827943EA8263C27901
:10A5F00043EA4273094AC2F81435837A417A1B044C
:10A6000043EA0123017A0B43C17A43EA0163017BE8
:10A6100043EA4163C2F81835704700BF001000409C
:10A620001FB504460D220021684607F0E1FA0A4BE7
:10A6300000930A4B5B7CE0B2013B8DF808008DF87B
:10A6400009008DF80A30684601238DF80B30FFF7BA
:10A65000BBFF04B010BD00BF00010100A00300203B
:10A660001FB50023CDF80930CDF80130CDF8053005
:10A6700003238DF8023006238DF800300C4B5B7CF1
:10A68000013B8DF80A3020238DF80830094B1B7AE6
:10A69000012293428DF80B2007D18DF805206846E2
:10A6A000FFF792FF05B05DF804FB042BF5D0F6E749
:10A6B000A0030020F0290020F8B55A4B5A4F5B4DFB
:10A6C0003C785B4E01221A605A4B5A6A53F82210AA
:10A6D0002960002C44D0012C65D001242B68564DF4
:10A6E0005A78C5F82C255B78012707FA03F3DBB20B
:10A6F000C5F83035514BDA7CC5F808251433BFF363
:10A700005B8F53E8001F21F0010143E80012002A8B
:10A71000F7D1BFF35B8FFFF7CFFE494BC5F8046558
:10A720000222C3F880213846FBF7C0FB0020C5F8A1
:10A730000401D5F80431C5F80801D5F80831C5F889
:10A740001001D5F81031C5F80C012146D5F80C31AF
:10A7500000F0CAFD2046FFF773FE3A4B9F61F8BD3B
:10A76000394B348008781B689847296833780A7910
:10A77000304662F3010300F8023B11F8052B07F0A5
:10A780000FFA2D4B40F21B12C3F800221022C3F81F
:10A7900004232E4BFA891A602D4B2E4A1A602E4B39
:10A7A00002221A7099E7CA780023338012B1BC7C68
:10A7B00084F001040B7991F800C030785B0003F05D
:10A7C0000603002A08BF43F00103727822F0070253
:10A7D00013436CF305003070737011F8052B1F489C
:10A7E00007F0DEF9144B1A491B4A74B140F21B10F2
:10A7F000C3F800021548FC8904601648086002216D
:10A8000011701022C3F8042367E740F21310C3F855
:10A81000000213480860012111701022C3F80423BC
:10A820005CE700BF04290020F0290020E82900206F
:10A830009E2F0020BC29002000100040A003002013
:10A8400000E100E000400140F82800200829002035
:10A85000FC280020D1AA0000C02F0020A02F00203B
:10A8600031AA0000684620F007018D4619B5144B47
:10A87000D3F80423D2060BD5D3F8102142B100221D
:10A88000C3F81021D3F810310E4B1B6803B1984761
:10A890000B4CD4F804331B070BD5D4F80C3143B15F
:10A8A000084B1B6803B198470023C4F80C31D4F857
:10A8B0000C31FAF7E1FFBDE819408546704700BF4B
:10A8C00000100040FC280020684620F007018D465B
:10A8D00031B5194B82B01B680193EFF3118140230E
:10A8E00083F31288BFF36F8F144B00221D681A6028
:10A8F00081F31188BFF36F8F114C2368ABB1E90767
:10A9000003D58DF8002068469847AA0705D501238E
:10A910008DF800306846236898476B0705D50223F9
:10A920008DF80030684623689847FAF7A5FF02B013
:10A93000BDE8314085467047042900200C290020DD
:10A94000EC2900200146C80708B506D5314806F0B5
:10A9500054FB314B00BAC3F81C058A0706D52F48B3
:10A9600006F04BFB2C4B00BAC3F820054B070AD569
:10A970002B48294906F041FBC1F82405294806F077
:10A980003CFBC1F828054FF08053D3F83021082A4A
:10A990003ED1D3F83431052B3AD8234AD35CBBB32C
:10A9A0001C4B224A5B7C052B1B4BD3F81C15D3F8A0
:10A9B000200518BF4FF07F424140114228D1D3F803
:10A9C0002415D3F82825C1F30720CBB2834214D035
:10A9D000C1F30740834210D0B3EB116F0DD0D1B259
:10A9E0008B420AD0C2F307218B4206D0C2F3074143
:10A9F0008B4202D0B3EB126F0AD1074AD2F87437F8
:10AA000023F0807323F0010343F08073C2F874379E
:10AA100008BD00BFA003002000100040A4030020D8
:10AA2000A8030020AC0300203E3D01000000FFFF12
:10AA300010B5F6F777FB154B154C1B6801225A60D1
:10AA4000DA6000F03BFCF6F75BFB0021084600F003
:10AA5000B7FC104A1048136843F001031360A36A5F
:10AA60003BB90E4B00221A704FF48013C0F800312E
:10AA700010BDFFF73FFDA36A002BF2D04FF4801307
:10AA8000C0F80031BDE81040FFF716BEB803002043
:10AA9000BC2900200C29002000E100E0C02F00208C
:10AAA00008B5F6F73FFB07490748F6F735FB074BB4
:10AAB0001A68D2F8003223F4806323F00403C2F84A
:10AAC000003208BD7003002048250100B8030020B3
:10AAD000F8B501210020244C244D254E00F070FCD7
:10AAE00000F0ECFBFFF7DCFF40F21313C4F8003278
:10AAF0002B680127DF601F4B1A6800230D321946AF
:10AB0000284606F07CFCF37CB189002B0CBF812227
:10AB1000282228468A1A0023394606F070FC2B6842
:10AB200040F202220025C3F80022C3F84051D3F8B6
:10AB30004021C3F84451D3F8443100F0FFFC00F049
:10AB4000D7FCC4F80C513078D4F80C3110B90A4B4A
:10AB50001B689847094BC4F80435094B094A1A6029
:10AB6000094B03221A70F8BD00100040B803002002
:10AB7000F029002000290020F82800207C2F002048
:10AB8000FC280020F1AB0000C02F002038B50A4C93
:10AB90000A4D2368D3F844358133EB6000F072FB33
:10ABA00007492846F6F7B2FA20B9236840F2044272
:10ABB000C3F8002238BD00BFB8030020880300207E
:10ABC0007003002008B500F079FBF6F7ABFA03201C
:10ABD000F6F7B4FA054B1A68D2F8003223F4806312
:10ABE00023F00403C2F8003208BD00BFB803002000
:10ABF00070B500F0D5FCF6F79BFAF6F781FA4F4BEB
:10AC00004F4AD3F80C11002943D0D3F80034D907A8
:10AC10003FD54C4C4C4D23684C4E43F00103236010
:10AC20001268EB899B1A4A4A01331360B36A0BB16D
:10AC3000FFF760FC2B78B3B1464B1A78920612D01E
:10AC40005978454B3D4A9B6AD2F82C05072BC1F336
:10AC5000410108D800F00700FFF764FC18B1236831
:10AC600043F004032360B26A3C4B12B12A7C012AF0
:10AC700007D13B4A002111704FF48012C3F8002124
:10AC800070BD4FF48012C3F80021BDE87040FFF79B
:10AC900013BD1368324E334D591E116083B92A68B3
:10ACA00001215160D160284AD2890A4428490A60AA
:10ACB00024490A6842F002020A603370274BDBE73E
:10ACC0001E4C0023C4F80031D4F8003140F21B13AD
:10ACD000C4F80032244B1A68244B10781B6898473C
:10ACE000234BC4F80435234B234A1A6002233370E4
:10ACF000FFF7E2FBFFF74AFF00F0C0FB2B68D3F839
:10AD00004421BAB1D4F85035DBB2092BB8D0D4F80D
:10AD10000041002CB4D1FFF755FF00F0E9FB012101
:10AD2000204600F0E1FA0120FFF78AFB134B0122D5
:10AD30009A61A5E701221A60A2E700BF0010004057
:10AD4000082900200C290020F0290020BC2900201F
:10AD5000042900207C2F00209029002000E100E041
:10AD6000C02F0020B8030020E8290020F828002088
:10AD70009E2F0020FC280020D1AA000000400140A6
:10AD800010B500F087FCFFF781FB134802F06EFB63
:10AD900000F0AAFC114A1248D2F8503623F0010301
:10ADA000C2F850360F4B00241C700F4B21461C700C
:10ADB000FFF72AFB202206F01BFF0C4B01201C6032
:10ADC0005C60FBF781F81420FBF77EF8BDE81040CB
:10ADD0000A20FBF779B800BFB8030020001000403C
:10ADE000A02C0020C02F0020C12F0020742F002095
:10ADF000F0B5044685B0002800F0D5806B4D2B7867
:10AE00000BB1FFF7BDFF6A4B62681A60694A2346BF
:10AE100004F11007164618685968144603C408332D
:10AE2000BB422246F7D118682060634B6348002478
:10AE3000202221461C6006F0DBFE614B61491C604C
:10AE40005C60FFF7C3FA33787BB1012B01D15E4B15
:10AE50000B60727A5D4B012A64D0022A07D07AB95E
:10AE6000C3F83C25C3F8342508E0594BF0E74FF60A
:10AE7000FF70C3F83C05C3F83425564AC3F838259B
:10AE80000B68707C9847514B534954484FF0E73258
:10AE9000C3F81C254FF04332C3F82025504AC3F8AD
:10AEA0002425504AC3F82825FFF7AEFA0A460023A6
:10AEB0000133082B40F8042B02F12502F8D14A4A4D
:10AEC0004A4800230133082B40F8042B02F12502E5
:10AED000F8D10022464B14460132082A19601C7131
:10AEE0009C6001F1250103F10C03F5D12022002122
:10AEF000404806F07DFE404B404A4148019301A97D
:10AF0000CDE9024402F082FA3E4A9042034611D152
:10AF100000F06CFB0446E0B13B4A3C48012105F0DF
:10AF2000D6FA13E0FF20C3F83C05C3F8342540F2FD
:10AF30000712A3E7364A3548012105F0D1FA354A10
:10AF40003248012105F0C3FA6FF00D04204605B028
:10AF5000F0BD00F09BFB304B1C495860D1F85026E7
:10AF6000F37C22F001021343C1F850360121084658
:10AF70002246FAF7CBFF224602211420FAF7C6FF39
:10AF8000224602210A20FAF7C1FF0120FAF78EFFBC
:10AF90001420FAF78BFF0A20FAF788FF1F4B1C706A
:10AFA00001232B70D2E76FF01504CFE7C12F0020EB
:10AFB000EC290020F02900200C290020A02C0020E2
:10AFC000742F0020F828002061A600000010004027
:10AFD00021A60000211001004C2E0020BC290020D9
:10AFE000E743C323A363E313242D0020902900200B
:10AFF000302900201029002040420F0025A4000025
:10B00000B80300200000AD0B253D0100FC2001002D
:10B01000D63C0100FF3C010070030020C02F00203F
:10B02000024B1878B0FA80F040097047C02F00201A
:10B030002DE9F041544B1B78002B00F0998000283B
:10B0400000F09F8003785A1E1F2A00F294804F4917
:10B050000A781AB94A7C9A42C0F08D804C4B9A6AA1
:10B06000072A00F28B804278072A00F28A80EFF3E9
:10B070001185402282F31288BFF36F8F4A7822BB7A
:10B080001C6A53F82440024600F1240652F8047B5F
:10B0900044F8047BB242F9D11278227046783D4CD4
:10B0A000A25D013202F00302A2551A6A407853F8F9
:10B0B0002220205C10711A6A0132082A28BF00225F
:10B0C0001A629A6A01329A623AE0334C0022A4462C
:10B0D00094F804E0BEF1000F2DD10C2757430CEB80
:10B0E000070601245CF807703471C6F808E00446CE
:10B0F00000F1240E54F8048B47F8048B7445F9D101
:10B1000024783C7090F801E0224F17F80E4001348B
:10B1100004F0030407F80E400C24624344785CF802
:10B1200002203C5D147144781C4850F8242092B9E8
:10B1300040F82460C5E70132082A04F10C04C7D1A5
:10B1400085F31188BFF36F8F4B780A7C134308D0C7
:10B150000020BDE8F08110469268002AFBD186608D
:10B16000AFE70F4B1B78002BF2D1FFF7A5FAEFE703
:10B170006FF00C00EDE76FF07900EAE76FF00B007D
:10B18000E7E76FF01500E4E7C12F0020F029002069
:10B19000BC290020742F0020302900201029002015
:10B1A000C02F002010B5094B1B7803F0FF0433B902
:10B1B000074B9B6A33B1FFF77FFA204610BD6FF053
:10B1C0000F00FBE76FF03C00F8E700BFC02F002046
:10B1D000BC29002010B50A4B1B7803F0FF0443B9CB
:10B1E00050B1084B02681A600120FFF7ABFB204604
:10B1F00010BD6FF00F00FBE76FF01500F8E700BF20
:10B20000C02F0020A003002038B5104B1B780C463F
:10B2100003F0FF059BB9A8B1082913D80A460146D7
:10B220000B4806F0BDFC0B4AFF231474C4F108045C
:10B23000234104209374FFF785FB284638BD6FF047
:10B240000F00FBE76FF01500F8E700BFC02F0020EC
:10B25000A8030020A00300206428034607D8074A5B
:10B26000127802F0FF002AB9054AD37470476FF0D4
:10B27000150070476FF00F00704700BFC02F00200F
:10B28000A0030020094B0A491A78D30003F1804338
:10B2900003F5F833C3F810150649C3F81415012354
:10B2A0009340054AC2F80435704700BFC42F002000
:10B2B0001841014000A0004000F00140084B09493E
:10B2C0001B7801229A40DB0003F1804303F5F83339
:10B2D000C1F808250022C3F81025C3F814257047CB
:10B2E000C42F002000F00140F0B52B4B2B4C1B78F5
:10B2F0002B4FDA0014442B4A0025C2F81851D2F81B
:10B300001821294A15788000EA00C0B202F1804273
:10B3100002F5F83200F1804000F58050C2F8107557
:10B32000C2F81405214A05F5117042F82040204A60
:10B3300020481678F20002F1804202F5F83201242A
:10B34000C2F8100500F5973000F58470C2F81405B6
:10B3500004FA06F604FA05F0304369B1164A174EAE
:10B360001178CA0002F1804202F5F8328C40C2F82E
:10B3700010752043C2F814659B0003F1804303F568
:10B38000F8330122D3F80018AA400A43C3F8002872
:10B39000064BC3F80405F0BDC22F002004F00140A5
:10B3A0001841014000400140C52F002000F001403D
:10B3B000C32F002010110040C42F002000A0004027
:10B3C000F0B5294B294E1878294B1A78012404FA34
:10B3D00002F304FA00F51D4300F51177C3004FEAAC
:10B3E000C20C19BB03F1804303F5F833C6F80855C6
:10B3F000C3F81015C3F8141546F827100CF1804354
:10B4000003F5F833C3F81015C3F81415194B1B785E
:10B410009B0003F1804303F5F8330121D3F80028A2
:10B42000814022EA0102C3F80028F0BD124A1278D6
:10B4300003F1804303F5F833944000212C43C6F810
:10B440000845C3F81015C3F814150CF1804303F533
:10B45000F83346F82710C3F81015C3F81415D300B5
:10B4600003F18043CCE700BFC52F002000F001406E
:10B47000C32F0020C22F0020C42F0020154B1649D7
:10B4800016480022C3F81821D3F81831144B1B7842
:10B49000DA0002F1804202F5F832C2F8101501F527
:10B4A000973101F58471C2F814150E4A1178CA005B
:10B4B00002F1804202F5F832C2F810050A48C2F8DB
:10B4C0001405012202FA03F38A401343074AC2F823
:10B4D00004357047004001401011004044A1004075
:10B4E000C32F0020C62F00200010004000F00140B4
:10B4F0000F4B1A780F4B1B78012101FA02F099408B
:10B50000D200DB00014302F180420B4803F180438B
:10B5100002F5F83203F5F833C0F808150021C2F837
:10B520001015C2F81415C3F81015C3F81415704798
:10B53000C32F0020C62F002000F00140134B1449F8
:10B540001B781448DA0002F1804202F5F832C2F8A2
:10B55000101501F50F410C31C2F814150E4A11787F
:10B56000CA0002F1804202F5F832C2F81005A0F5D7
:10B5700011403038C2F81405012202FA03F38A4060
:10B580001343064AC2F80435704700BFC82F002095
:10B590000411004040A10040C72F002000F00140EE
:10B5A0000F4B1A780F4B1B78012101FA02F09940DA
:10B5B000D200DB00014302F180420B4803F18043DB
:10B5C00002F5F83203F5F833C0F808150021C2F887
:10B5D0001015C2F81415C3F81015C3F814157047E8
:10B5E000C82F0020C72F002000F0014038B51C48AC
:10B5F0001C4D00F0F5FFA84204462BD11A4800F07C
:10B60000EFFFA842044625D1184800F0E9FFA84200
:10B6100004461FD1164800F0E3FFA842044619D1A2
:10B62000144800F0DDFFA842044613D1124800F090
:10B63000D7FFA84204460DD1104800F0EBFFA0420E
:10B6400003460AD00E4A0F48012104F049FF6FF06B
:10B65000120038BD0C4A2346F5E70020F9E700BF89
:10B66000C52F00200000AD0BC32F0020C42F0020E9
:10B67000C82F0020C72F0020C62F0020C22F002077
:10B68000483D0100FC2001006A3D01000048704770
:10B69000101100400E4B0F491B780978012202FA65
:10B6A00001F102FA03F30B430B49097802FA01F1A5
:10B6B0000B430A49097802FA01F10B43084909785A
:10B6C0008A401343074A43F00103C2F80835704724
:10B6D000C52F0020C72F0020C32F0020C42F00201B
:10B6E000C82F002000F0014038B5184B187800F042
:10B6F0007DFF174B9842044627D1164B187800F06F
:10B7000075FFA042054620D1134B187800F06EFF5C
:10B71000A842044619D1114B187800F067FFA042E7
:10B72000054612D10E4B187800F060FFA84204467F
:10B730000BD10C4B187800F059FFA04205D10A4BF1
:10B740001878BDE8384000F06BBF38BDC52F002029
:10B750000000AD0BC32F0020C42F0020C82F0020F5
:10B76000C72F0020C62F0020C22F0020BFF34F8F0D
:10B770000549064BCA6802F4E0621343CB60BFF38D
:10B780004F8F00BFFDE700BF00ED00E00400FA05A9
:10B790004FF08053D3F83021082A06D1D3F8343142
:10B7A000052B02D8024AD05C70470020704700BFCA
:10B7B000943D0100024AD2F80034002BFBD07047C0
:10B7C00000E0014010B54FF08053D3F83021082A33
:10B7D0004ED14FF080420021C2F80C11C2F8101176
:10B7E000C2F8381502F54042D3F80414C2F8201507
:10B7F000D3F80814C2F82415D3F80C14C2F828158D
:10B80000D3F81014C2F82C15D3F81414C2F830155C
:10B81000D3F81814C2F83415D3F81C14C2F8401524
:10B82000D3F82014C2F84415D3F82414C2F84815EC
:10B83000D3F82814C2F84C15D3F82C14C2F85015BC
:10B84000D3F83014C2F85415D3F83414C2F8601584
:10B85000D3F83814C2F86415D3F83C14C2F868154C
:10B86000D3F84014C2F86C15D3F84434C2F87035DC
:10B87000FFF78EFF18B13F4B3F4AC3F88C26FFF706
:10B8800087FF18B13D4BFB22C3F81825FFF780FF57
:10B8900070B14FF080414FF08053D1F8E42ED3F8CF
:10B8A000583222F00F0203F00F031343C1F8E43EB5
:10B8B000FFF76EFF20B1324B4FF40072C3F8402601
:10B8C0004FF08053D3F83031082B1AD14FF080431A
:10B8D000D3F80024D20744BF6FF00102C3F800245C
:10B8E0004FF08053D3F83431052B02D8254AD35C6E
:10B8F0003BB14FF01023D3F808224FF08043C3F838
:10B9000058254FF01021D1F80C32DB0714D51E4812
:10B910000123C0F80435FFF74DFFD1F80C3223F0B6
:10B920000103C1F80C32FFF745FF0023C0F80435CE
:10B93000FFF740FFFFF71AFFD1F80032002B03DBBF
:10B94000D1F80432002B14DA0F4901234FF01020F4
:10B95000C1F804351224FFF72DFFC0F80042FFF7AD
:10B9600029FFC0F80442FFF725FF0023C1F8043582
:10B97000DEE710BD005000404881030000F00040A9
:10B98000009002408E3D010000E0014030B50468A7
:10B99000CCB1BFF35B8FB4FA84F3C3F11F03DBB206
:10B9A00001229A4024EA020250E8005FA54204D135
:10B9B00040E8002CBCF1000FF6D1BFF35B8FE6D15D
:10B9C00002480B7030BD0248FCE700BF0000AD0B21
:10B9D0000200AD0B10B50368CB40DB0714D4012384
:10B9E0008B400268BFF35B8F43EA020150E8004FCF
:10B9F000944204D140E8001CBCF1000FF6D1BFF323
:10BA00005B8FEED1014810BD0148FCE70000AD0B93
:10BA10000400AD0BF7B50546F8B101281BD104228F
:10BA20004FF4807301464FF0804003440244C0F855
:10BA300008130026012111601E608D421B688DF8DD
:10BA4000071008BF0DF1070642F210744FF080474F
:10BA500045B1012D28D003B0F0BD0C224FF4827304
:10BA60000221E0E7D7F8183403F480333EB9002B05
:10BA7000F1D0012005F0E1FA013CF3D1EBE7D7F872
:10BA8000182402F003023260002BE4D09DF8070076
:10BA9000012803D105F0D1FA013CD9D1012DDAD129
:10BAA0000C4B00225A71D6E7D7F80C3403F48033DC
:10BAB0003EB9002BF4D0012005F0BFFA013CF3D1D0
:10BAC000EEE7D7F80C2402F001023270002BDDD132
:10BAD000E6E700BF042A0020044B1A7922B90122AC
:10BAE00018609A800248704702487047042A002074
:10BAF0000000AD0B0C00AD0B08B5094B1B682BB15A
:10BB00000020FAF7F5F908B9FAF7D0F94FF08043B9
:10BB10000022C3F81825034B01221A7008BD00BF8C
:10BB2000042A0020C92F002010B510B1012843D0ED
:10BB300010BD4FF08043D3F81814D3F81824C8036D
:10BB400021D502F00303012B04D013B10020FFF72D
:10BB500061FF00234FF080420220C2F8183508220E
:10BB60004FF4827303F180430021196002F1804297
:10BB70001C6801241460154A12680AB34FF0804310
:10BB8000C3F80403D4E7D3F81424D107E1D5D3F8DC
:10BB90001C249207DAD40D4A12681AB10222C3F8A3
:10BBA0000423C5E7D3F80421002AFBD00022C3F800
:10BBB0000421D3F80431BBE700224FF48073D1E7AE
:10BBC0001A68002AFCD019601B68B1E7042A00201B
:10BBD000F8B54FF080431C4ED3F8044301250027ED
:10BBE00004B9F8BDB4FA84F0C0F11F00830003F576
:10BBF00080739BB203F1804305FA00F2196892B298
:10BC000024EA02040029EBD01F601B684FF0804338
:10BC1000012AC3F8082305D0022A08D03368C0B22D
:10BC20009847DDE77379002BDAD17271F6E7D3F824
:10BC30001814D3F818148907F0D1C3F81855C3F8AD
:10BC400004239D60CCE700BF042A0020036803F0B2
:10BC50001F025B09026004D0012B034818BF0020BB
:10BC600070474FF0A040704700030050034A43095B
:10BC700000F01F00D35C1844C0B270479A3D010029
:10BC800070B50546FFF7F2FF0C4C08300E4634F84D
:10BC90001030DA0508D5C3F3432304EBC30228466A
:10BCA00054F8333052689847A3682BB1E2683146A4
:10BCB0002846BDE87040184770BD00BFC003002093
:10BCC00008B5FFF7D3FF034B083033F81000400BE3
:10BCD00008BD00BFC003002008B5FFF7C7FF034B36
:10BCE000083033F81000C0F3400008BDC003002046
:10BCF00008B5FFF7BBFF034B083033F81000C0F363
:10BD0000401008BDC0030020034611F0010010B52B
:10BD1000CCB20DD1A207C4F3400012D5094AD2F823
:10BD200020055860C2F82005003818BF012008E03F
:10BD30004FF0A041D1F820251A60C1F82025002A33
:10BD4000E8D010BD0003005010B5FFF78FFF124A76
:10BD5000083032F81030D9051CD5C3F3432123F441
:10BD6000F85322F8103002F10E04002034F8023F9C
:10BD700013F4807F03D0C3F3432399420AD00130E8
:10BD80003028F3D1002342F831300448BDE8104098
:10BD9000FFF720BE10BD00BFC00300203804002004
:10BDA000F0B5054600200446012607468C420BD11B
:10BDB000114BD3F87C2132B10022C3F87C21D3F897
:10BDC0007C3140F00040F0BDE3B29B0003F580728F
:10BDD0009B0806FA03F31D420BD002F1804202F5E4
:10BDE000C042D2F800C0BCF1000F02D01760126848
:10BDF00018430134DAE700BF00600040F7B506469B
:10BE00000846FFF733FF194F00F108050C4637F8D5
:10BE10001530DB0727D5304605F07CF92046FFF7C3
:10BE200067FF40B12046FFF74BFF316800F5A27075
:10BE3000002341F820302046FFF786FF002301A8A9
:10BE400027F815300194FFF701FF019B00EB8300F9
:10BE5000074BD0F80027134043F00203C0F8003727
:10BE6000044803B0F0BD0448FBE700BFC003002056
:10BE7000F0F8FCFF0000AD0B0400AD0B2DE9FF4115
:10BE8000164680460846FFF7F1FE0D463168044627
:10BE900009B32846FFF720FF18B12846FFF728FF0F
:10BEA00010BB0023CDE900338DF80E308DF80F3034
:10BEB0000DF10F020B4628460DF10E0105F0C1F8F9
:10BEC000474A04F1080132F8113023F0020343F02D
:10BED000010322F81130736863B328461F7859684C
:10BEE000FFF7FAFE10B1D1B13E4826E03C4A04F11A
:10BEF000080032F8103023F02003DB04DB0C22F8BA
:10BF0000103061B1032FEFD87168496891F800C013
:10BF1000D8F80010A7B90CF5A27C41F82C70304A73
:10BF200004F1080132F8113023F01C0343EA8703BF
:10BF300022F81130B3684BBB2B4804B0BDE8F08148
:10BF400001EB8C0143EA4C33D1F810E52EF0030EDF
:10BF5000C1F810E5D8F8001001EB8C0E43F0200377
:10BF6000DEF8101522F8103021F44F3121F4407121
:10BF7000CEF810152902DEF8108501F47C5141EA53
:10BF8000074141EA0801CEF81015C8E7D3E9006778
:10BF90002846FFF7D9FE002ECED0114DD5E900235B
:10BFA000964203D19F4201D1002209E00F480DF1D2
:10BFB0000F01FFF7EBFC0C4B9842BED19DF80F2010
:10BFC00045F8326005EBC20308345F6035F8143081
:10BFD00043EA422343F4807325F81430ACE700BFF2
:10BFE000C00300200400AD0B0000AD0B380400209E
:10BFF0002DE9F0430C4685B08046204611461E468A
:10C00000FFF734FE054629B32046FFF765FE18B951
:10C010002046FFF76DFE18BB314F05F1080937F8D0
:10C02000193013F01C0F02D04B78012B18D00123CC
:10C030008DF80F300023CDE900134A1C8B1C2046DD
:10C040000DF10F0104F0FDFF37F8193043F0030341
:10C0500027F81930002E41D02046FFF73DFE18B9D1
:10C06000204805B0BDE8F08396F800C0D8F800304D
:10C070001B4F0CF5A272002143F8221005F10802B3
:10C0800037F8121021F02001C904C90C27F812104A
:10C0900075781DB3D8F80000B67800EB8C002D043D
:10C0A000D0F8103523F4991323F4F853C0F8103561
:10C0B000230203F47C5305F440353605D0F810E52F
:10C0C0002B4306F4801641EA4C31334341F0200102
:10C0D00043EA0E0327F81210C0F810350248C0E7F3
:10C0E000C00300200400AD0B0000AD0B014BC3E901
:10C0F00002127047C003002010B508461446FFF72F
:10C10000F7FD50B10846FFF7B1FD054B083033F895
:10C11000103004485B0B237010BD0348FCE700BFE0
:10C12000C00300200000AD0B0400AD0B70B5164D30
:10C1300095F8804006462CBB2146602205F1100090
:10C1400005F056FD30682E6F21468E420ED1002339
:10C15000C0F87C31D0F87C3140F30730F9F7A6FE07
:10C1600001230A4885F88030AB6770BDCBB29B00D5
:10C1700003F580727C2B08BF845001F1010108BFD8
:10C180008358E2E70248F0E7C00300200000AD0B4F
:10C190000C00AD0B034B93F88000003818BF012052
:10C1A000704700BFC00300200148FFF713BC00BF69
:10C1B000340400200148FFF7E9BB00BF340400202D
:10C1C00073B503681646D3F80423002AA8BF4FF0BE
:10C1D00000420546A8BFC3F8042308460C46FFF7F3
:10C1E00087FD00B30846FFF777FD0146D8B9204622
:10C1F000FFF766FD04B2A40004F5807203462868C8
:10C200008150296882582144D1F8102542F001025A
:10C21000C1F810252EB12968012202FA03F3C1F8F2
:10C22000043302B070BD2046FFF720FD0F4B0830ED
:10C2300033F81030C3F38203042B12D0052B12D035
:10C2400001A80194FFF702FD019AD0F81035D34000
:10C2500003F00103991C204602B0BDE8704004F0D1
:10C2600039BF0321F7E70221F5E700BFC003002033
:10C270002DE9F04F694BDFF8A881D3F80403D8F813
:10C280007010C0B289B040F00040FFF789FD051E74
:10C290002FDAC24600235AF87C1F06A8CDE90633E0
:10C2A000FFF732FD5F4B01930DF118094FF0000BC2
:10C2B000019A12F8013B0192DA0803F007031AF819
:10C2C000022022FA03F3DA071CD409F10409BBF1B6
:10C2D000000F14D0D8F870104FF00040FFF760FD49
:10C2E000D8F87C1006A8FFF70FFD0028DAD125F05A
:10C2F00000450124002D79D109B0BDE8F08F4FF041
:10C30000010BD5E7484B5B440293D9F80010002994
:10C31000DBD0029B91FAA1F11C78B1FA81F141EADC
:10C3200044142046FFF7A2FC0830059438F810703A
:10C33000C808BB0819F80020039301F00701012386
:10C3400003FA01F122EA010209F8002005A8FFF72B
:10C350007DFC059A039B02F5E072C7F3820650F854
:10C3600022205B073746C2F3014224D520463946D6
:10C37000D6B2FFF785FC05A80594FFF767FC059B7F
:10C3800003F5E07350F82330C3F301439E4207D115
:10C390000021204604F09EFE3146204604F09AFE1D
:10C3A00005A80594FFF752FC059B012202FA03F34E
:10C3B000C0F82035A9E7022A0CD10321204604F059
:10C3C00089FE06F00503012BEAD139462046FFF726
:10C3D00057FCE5E702212046039204F07BFE032E82
:10C3E000F3D0039A032ADBD1022EEDE795FAA5F3E9
:10C3F000B3FA83F304FA03F29B0003F1804303F5DD
:10C40000C04325EA0205D3F81005D3F81015C0F390
:10C410000520C1F30141FFF733FC6BE700600040EA
:10C42000C0030020AA3D0100AA3D0100044AD2F841
:10C430000034DB07FBD50160BFF35F8F704700BF9F
:10C4400000E001404FF080531A69B0FBF2F302FBA9
:10C45000130373B9084B0222C3F80425C3F8080577
:10C46000D3F80024D207FBD500220448C3F80425E2
:10C4700070470348704700BF00E001400000AD0B6B
:10C480000A00AD0B10B5054C0123C4F80435FFF7C5
:10C49000CDFF0023C4F8043510BD00BF00E001400B
:10C4A00010B5184C237853BB0278C2F340039207AF
:10C4B00012D54FF08053D3F83021082A0BD1D3F88E
:10C4C0003431052B07D8104AD35C23B14FF0804399
:10C4D0000122C3F8382601234FF08042C2F880358C
:10C4E000037803F00103C2F878350020F9F700FD66
:10C4F00008B9F9F7DBFC01230448237010BD044898
:10C50000FCE700BFCA2F0020AC3D01000000AD0BCE
:10C510000C00AD0B4FF080434FF46072C3F808235A
:10C52000014B00221A6070470C2A002008B5FFF763
:10C53000F1FF03680BB1014A136008BD0C2A00200B
:10C5400010B54FF08043D3F80443620707D54FF48A
:10C55000847004F018FE10B11E4B1B689847A306A8
:10C5600008D54FF48A7004F00EFE18B11A4B002063
:10C570001B689847600608D54FF48C7004F003FEE2
:10C5800018B1154B01201B689847210608D54FF4B8
:10C590008E7004F0F8FD18B1104B00201B6898470E
:10C5A000E20508D54FF4907004F0EDFD18B10B4B87
:10C5B00001201B689847A3050AD54FF4927004F038
:10C5C000E2FD28B1054BBDE810401B68022018476A
:10C5D00010BD00BF142A0020102A00200C2A0020C1
:10C5E00001460148FFF7D2B94804002001238340E7
:10C5F000C3F3120201462AB1034A0448C2F80835BF
:10C60000FFF7E8B90248704700F0014048040020F5
:10C610000400AD0B01460148FFF7B8B944040020FF
:10C62000C30003F1804303F5F833012201465A6049
:10C630000148FFF7CFB900BF44040020036803F0AE
:10C640001F025B09026004D0012B034818BF0020C1
:10C6500070474FF0A04070470003005070B5057957
:10C660000A4C14236B43E618E35833B900680221DF
:10C6700004F0DFFD08B101233372142303FB0544EA
:10C68000207A023818BF012070BD00BF182A002090
:10C690002DE9F3470B7F04466BBBDFF8D8900D1FE5
:10C6A00001F1100601F10C08012755F804AFBAF1A9
:10C6B000FF3F1CD03378CDF804A001A8002B50D048
:10C6C000FFF7BCFF019B07FA03F3C0F8083501A888
:10C6D000CDF804A0FFF7B2FF019B00EB8300D0F878
:10C6E000003703EA090343F00303C0F80037A84505
:10C6F00006F10106D9D191F81DC00D8B4F7D8E7DBD
:10C700008A7EC87E2368BCF1000F0BD1D1E9008E70
:10C71000D1E902C1C3F86085C3F864E5C3F868C510
:10C72000C3F86C1542EA0022C3F80C75C3F804651F
:10C73000C3F80855C3F8102520680023C0F810314D
:10C74000D0F81021C0F80831D0F80821C0F80C3119
:10C75000D0F80C3140F3073002B0BDE8F047F9F7EC
:10C76000A5BBFFF76BFF019B07FA03F3C0F80C357D
:10C77000ADE700BFF0F8FCFF2DE9F04190F8048030
:10C780000D4C142606FB08F6A71997F808C0BCF153
:10C79000000F0ED1A2517B6019B10B7F3B74FFF7E4
:10C7A00077FF142303FB0844044801232372BDE8E8
:10C7B000F0810348FBE700BF182A00200000AD0B02
:10C7C0000C00AD0B70B40C460179266815461A466C
:10C7D0001A4B01EB810103EB81010368C3F820656B
:10C7E000A688C3F82465A668C3F82865E668C3F878
:10C7F0002C6503682668C3F84065A688C3F84465BD
:10C80000A668C3F84865E468C3F84C45046805F0B9
:10C81000010303EB5505C4F81455D4070CD412F0EA
:10C82000020403D0002B14BF082404240568C5F8B3
:10C83000004270BC04F0C8BC1024F7E7182A00209E
:10C8400038B5036805790022C3F800220368012285
:10C8500004465A6071B12046FFF700FF0028FAD065
:10C8600023680022C3F80025054B142202FB053380
:10C8700001221A722046BDE83840FFF7EFBE00BF24
:10C88000182A002010B5B2211A4804F0D2FCC106C3
:10C89000044608D5184BDA68520704D51A6812B155
:10C8A000596801209047A00608D5134BDA68110794
:10C8B00004D51A6812B1596802209047220608D59B
:10C8C0000D4BD86810F0100003D11A680AB15968EE
:10C8D0009047A3070DD5074B0022C3F80025064B50
:10C8E00001221A721A6822B1BDE81040596803206B
:10C8F000104710BD00C00140182A0020036803F053
:10C900001F025B09026004D0012B034818BF0020FE
:10C9100070474FF0A04070470003005007B50190EA
:10C9200001A8FFF7EBFF019B00EB8300054BD0F85C
:10C930000027134043F00303C0F8003703B05DF84D
:10C9400004FB00BFF0F8FCFF73B5CB7B0446002B63
:10C9500038D10B7B0878012B77D804F0A3FC0B7837
:10C96000019301A8FFF7CAFF019B00EB83003C4B3A
:10C97000D0F80027134043F00103C0F8003748788F
:10C98000FF2804D004F08EFC4878FFF7C7FF8B78AF
:10C99000FF2B0FD001A88D7B0193FFF7AFFF019B09
:10C9A00000EB83002E4BD0F80027134043EA8503A9
:10C9B000C0F80037C878FF2804D004F066FCC878B7
:10C9C000FFF7ACFF23792748CA78282505FB030326
:10C9D0009A770B7C9BB94B7825680E78FF2B18BF94
:10C9E0001A468B78C5F8086508BF4FF0FF32FF2B59
:10C9F00008BF4FF0FF33C5F80C25C5F81035236884
:10CA00008A68C3F824254B7B0A7B2568003B18BF46
:10CA10000123022A1CD0032A1DD0012A01D143F090
:10CA20000203C5F8543523794979282202FB030310
:10CA3000D97723795343C35883B1206840F3073033
:10CA400002B0BDE87040F9F731BA04F01EFC86E789
:10CA500043F00403E5E743F00603E2E702B070BDEC
:10CA6000F0F8FCFF2C2A002007B5019001A8FFF781
:10CA700045FF019B00EB8300054BD0F800271340D6
:10CA800043F00203C0F8003703B05DF804FB00BFB9
:10CA9000F0F8FCFF2DE9F04190F80480144C4FF0C1
:10CAA000280C0CFB08FC04EB0C06074696F81CE06F
:10CAB000BEF1000F19D144F80C20736041B1CB7B5B
:10CAC00086F82530CB78B3774B79F377FFF73CFFC7
:10CAD0003A6808480123C2F80035282202FB0844BE
:10CAE000002262772377BDE8F0810348FBE700BFAF
:10CAF0002C2A00200000AD0B0C00AD0B70B50679A0
:10CB0000194C056828237343E35833B145F30730C4
:10CB1000F9F7DAF90423C5F808330023C5F800351E
:10CB2000282303FB064393F82530BBB9D5F8080545
:10CB3000FFF79AFFD5F81005421C01D0FFF794FFCC
:10CB4000D5F80C05431C01D0FFF78EFF282303FB0B
:10CB50000643987FFF2801D0FFF786FF282303FBB9
:10CB600006440023237770BD2C2A00202DE9F843CA
:10CB70000779394C28237B439046E2180E46517FB3
:10CB80008146002966D1E3580BB10123537796E81B
:10CB90000F00282505FB074505F10C0C8CE80F005C
:10CBA000A87F0023FF2885F8243001D004F07AFB09
:10CBB0002823B8F1000F06D003FB074300222748C3
:10CBC0005A77BDE8F883D9F8005003FB07430422E5
:10CBD000C5F80823C3F82080C5F80881D5F80821D6
:10CBE00072689AB133681B78C5F81C357368012BDD
:10CBF0000ED933685B78C5F81C3528237B43E6588B
:10CC000076B10423C5F804331548DAE7DB7FEBE798
:10CC1000F368012BF1D9282303FB0743DB7FEAE705
:10CC200007EB870104EBC101D5F80831002BFBD0DD
:10CC3000C5F808612846D5F8083104F040FB002803
:10CC4000F2D1282303FB0744A07FFF28DCD004F0A7
:10CC50001CFBD9E70348B4E72C2A00200300AD0BE6
:10CC60000000AD0B0B00AD0B10B54FF040200023C2
:10CC7000C0F808310A49D0F8083104F020FB68B93F
:10CC8000887FFF2801D004F000FB00234B770B7254
:10CC9000BDE81040D1E900310248184710BD00BF7F
:10CCA0002C2A0020342A0020036803F01F025B09AD
:10CCB000026004D0012B034818BF002070474FF0DA
:10CCC000A040704700030050012370B504460D4694
:10CCD0004361642600220221204604F038FB20B97B
:10CCE000012004F0AAF9013EF4D100236B774FF044
:10CCF0008051D1E94C1208291AD1052A18D80E49B9
:10CD00008A5CAAB14FF0FF32D4F80805D4F80C15AC
:10CD1000C4F80035C4F80825C4F80C250922C4F865
:10CD20000025C4F80035C4F80805C4F80C1570BD1A
:10CD30000023C4F80035FAE7B23D01000F4B9842DA
:10CD400019D00DD80E4B984215D007D80D4B9842EC
:10CD500011D00D4BC31A5842584170470B4BF9E79D
:10CD60000B4B984207D004D80A4B984203D00A4B89
:10CD7000F0E70A4BEEE70120704700BF80841E00F9
:10CD800020A1070048E8010090D0030040420F00B6
:10CD90000024F40000093D0000127A000048E80178
:10CDA00073B51646421C1C460546069B18D0012941
:10CDB00002D1BBB104F009FB01A80195FFF774FF94
:10CDC000019B00EB83002402D0F80027074B44EAC4
:10CDD00086040C4313401C4344EA4101C0F8001789
:10CDE00002B070BD04F0FEFAE6E700BFF0F8FCFF09
:10CDF0002DE9F04F91F8213090F804A085B0074656
:10CE00000C46002B00F0B48091F8223003934FF0D1
:10CE100001086569784B9D4200F0C48000F2B4803F
:10CE2000764B9D4200F0C18000F2A680744B9D427B
:10CE300000F0BE80734B9D420CBF4FF080654FF0F9
:10CE40008045DFF8C49194F82300242202FB0A9362
:10CE5000997F60F3000199773B79217C02FB039372
:10CE60009A7F61F341029A7794F82360002E32D1C1
:10CE70006269664B9A420CBF4FF0030B4FF0000BF8
:10CE8000237E012B94BF00230123009320685B467F
:10CE900032460121FFF784FF009660685B46324608
:10CEA0000121FFF77DFF0096A27EA0685B46314618
:10CEB000FFF776FF237C83F001030093E0685B4675
:10CEC00032460121FFF76CFF01210091E0695B46CA
:10CED0003246FFF765FF2423B8F1000F71D003FB42
:10CEE0000A934FF0FF321A62A07C217E627EE668D0
:10CEF00094F8108094F824E094F820C03B68BEF1C8
:10CF0000000F13D1D4E900BAD4F808E0E469C3F8FB
:10CF100008B5C3F80CA5C3F810E5C3F86C45039C2D
:10CF2000C3F81465C3F86885C3F86445003A18BFB0
:10CF300001220229C3F8C005C3F8245553D00329A0
:10CF400054D0012901D142F00202C3F85425C3F89C
:10CF500060C53B792422534359F80330002B48D055
:10CF6000386840F3073005B0BDE8F04FF8F79EBFD2
:10CF70009846022303934CE7254B9D420CBF4FF08C
:10CF800080554FF080455CE7224B9D4213D01F4BEC
:10CF90009D4213D0204B9D420CBF4FF000454FF0F7
:10CFA00080454EE74FF000554BE74FF0006548E7EE
:10CFB0004FF0007545E74FF0206542E74FF0A05570
:10CFC0003FE703FB0A9AE268CAF82020227C9AF81D
:10CFD0001E3062F341038AF81E30A07C217E627EFF
:10CFE0004FF0FF3686E742F00402AEE742F0060259
:10CFF000ABE705B0BDE8F08F80841E0020A10700DC
:10D0000048E8010090D00300582A00200048E801B9
:10D0100040420F000024F40000127A00431C07B5C0
:10D020000ED0019001A8FFF73FFE019B00EB8300AB
:10D03000054BD0F80027134043F00203C0F8003737
:10D0400003B05DF804FB00BFF0F8FCFF2DE9F843E6
:10D050000746144C97F80480242505FB08F504EBDB
:10D0600005091E4699F81C30C3B999B14869FFF704
:10D0700065FEA8B138466251C9F80460FFF7B8FEF2
:10D08000242303FB08440023637707480123237705
:10D09000BDE8F8836251C9F80460F1E70348F7E797
:10D0A0000348F5E7582A00200000AD0B0C00AD0B3B
:10D0B0000400AD0B2DE9F041044606790068214DCE
:10D0C00040F30730F8F700FF24237343EB5853B1C4
:10D0D00023681D4AC3F8082306EBC601206805EB48
:10D0E0008101FFF7F1FD2421236801FB0651D3F8EC
:10D0F0000805D3F80C75D3F810858B7FDB0714D4A3
:10D10000FFF78CFF4046FFF789FF3846FFF786FFA1
:10D11000086AFFF783FF2368D3F86C05D3F814156A
:10D12000FFF77CFF0846FFF779FF2368074A934221
:10D1300004BF01225A60242303FB065500232B77EA
:10D14000BDE8F081582A00205201080000F002409A
:10D150002DE9F0430779DFF8AC8124237B431646A1
:10D1600008EB03020D46517F85B08146002940F04F
:10D17000C68058F8033023B116F0140F04BF012302
:10D18000537795E80F00242404FB078404F10C0C6A
:10D190008CE80F00206A431C04D0A37F99071AD59E
:10D1A00004F013F92968D9F8004021B101F0604377
:10D1B000B3F1005F06D1AB6883B103F06043B3F114
:10D1C000005F0BD0242303FB078300224E485A77CD
:10D1D00005B0BDE8F08304F005F9E3E74B4B9C4252
:10D1E00024D14FF080436A68D3F8000E484B186092
:10D1F000E2B1484821F4FF5323F01F0383426ED865
:10D200005018DFF814C1C3F34F3101228A400021C6
:10D2100003F50053984241EA02014FEA420201D964
:10D220006345F5D34FF08043C3F8001E16F00103A9
:10D2300018BF0123C4F8503516F0020318BF0123AC
:10D24000C4F8403595E80F00EC468CE80F00039BCE
:10D25000C4F84405C4F84815C4F83425C4F8383572
:10D260000023C4F81831D4F8183116F008054FF02F
:10D270000703C4F800350FD124237B4358F803205B
:10D280000123236142B9D4F81831002BFBD0624648
:10D290004021204604F05BF824237B4358F80330F8
:10D2A0001BBB1A4B9C4201BF194B1A684FF08043BD
:10D2B000C3F8002E242303FB0783186A421C04D002
:10D2C0009B7F9B070ED504F08DF835B907EBC70798
:10D2D00008EB87012046FFF7F7FC104878E74FF48A
:10D2E00080719FE704F071F8EFE716F0040F4FF03C
:10D2F000400314BFC4F80833C4F80433EDE708480A
:10D3000066E700BF582A00200A00AD0B00F002407B
:10D31000542A0020FFFF0020002001200000AD0B58
:10D320000B00AD0B10B5134A1348402104F00FF861
:10D33000F8B1124B124C1A684FF08043C3F8002E1C
:10D34000206A421C04D0A37F9B070FD504F04AF843
:10D35000637F1BB10A490848FFF7B6FC002323721C
:10D360000848D4E90031BDE81040184704F02DF812
:10D37000EEE710BD642A002000F00240542A00208D
:10D38000582A0020602A002070B51D4A0C68B2FBA4
:10D39000F4F304FB13258DBB94422FD85C1E1C4074
:10D3A0002CD1B3F5007F29D802684D79D2F80465F5
:10D3B000097926F0030601F003013143C2F8041590
:10D3C000D2F8081593FAA3F321F0030105F0030541
:10D3D000B3FA83F32943C2F80815C2F81035006880
:10D3E000402300F58072D450D1580433582BFAD121
:10D3F00040F30730F8F75AFD024870BD0248FCE7D9
:10D400000024F4000000AD0B0400AD0BF8B5067964
:10D410000D4C0C257543671997F808C0BCF1000F37
:10D4200010D1625161B18B687B60FFF7ADFF0C23B7
:10D4300003FB0644054BC21A534253412372F8BD05
:10D440000248F4E70248FAE77C2A00200000AD0B0E
:10D450000C00AD0B036801221A610179024B0C200C
:10D4600000FB01331A7270477C2A002038B504464D
:10D47000006840F30730F8F727FD23680025D3F84C
:10D480000022C3F8005223684FF0FF32C3F808238C
:10D490002046FFF7DFFF2279024B0C2101FB02330C
:10D4A0001D7238BD7C2A00202DE9F0410025402363
:10D4B0002946012003F1804202F5214214682CB173
:10D4C000116012689A0800FA02F215430433582BCF
:10D4D000F0D10E4B0E4FD3F80463402406F47C16B3
:10D4E0004FF00108A30808FA03F31E4208D02B42AC
:10D4F00006D03B6823B104F58070796880B2984704
:10D500000434502CEED1BDE8F08100BF00A00040F3
:10D510007C2A002070B5044688B10378C3B10D4D54
:10D520000D4EB54201D3002409E02968A14208D17B
:10D53000284603F081FF002814BF2C460024204613
:10D5400070BD2046F4F771FB0028F1D01835E8E7EC
:10D550001C46F4E7AC1D01009C1E010010B50446FA
:10D56000F6F722FB0348044A012102F0B0FF2046EF
:10D5700003F06DFF3C210100B83D01002DE9F843A7
:10D58000044600AF0D46EFF31188402383F3128861
:10D59000BFF36F8F0428294A98BF294B9668117CE6
:10D5A00094BF53F82030274BE9468AB06A46264894
:10D5B000C2E9073140F201339384244BC2E90504E8
:10D5C00042F8103F224800234FF43151F6F7D0FBC8
:10D5D000CD4645B1EB69C3F3080323B11D4A1C488E
:10D5E000012102F074FF2EB1304604F0D6F808B1E4
:10D5F000037803B91848E9468AB06A46174BD061E8
:10D60000C2E9053640F201331384154B42F8103F4E
:10D6100000230F484FF41151F6F7AAFB2946CD46D7
:10D620002046FFF79BFF88F31188BFF36F8F3046CA
:10D63000F8F7E2FBBD46BDE8F88300BF882A00206A
:10D6400060250100C73D0100DD3D0100050000012E
:10D650003C210100053E0100D53D0100263E0100B0
:10D660000400000138B5094B53F82040013053F84D
:10D670002050A54200D838BD636823B1204603F08E
:10D68000EEFE0834F5E723689847FAE774250100B1
:10D6900070B52B4B2B4C2C4D012286B003201A70F9
:10D6A000FFF7E0FFF7F76EFF03F0F5FE0420FFF74A
:10D6B000D9FF2646AE4204F1300410D300F01AFE22
:10D6C000204C224EAC4226D300F028FEF5F7C4F9D8
:10D6D0001F4A137B23F00103137306B070BD54F887
:10D6E0000C3C059354F8103C049354F8143C0393F9
:10D6F00054F8183C029354F81C3C019354F8203C15
:10D70000009354E90A2354E90C0100F009FC54F891
:10D71000303C5E65CDE7D4E90A23B3F1FF3F08BF93
:10D72000B2F1FF3F05D052EA0301206803D100F0B7
:10D73000D3FE3034C6E73146183001F063F8F8E71D
:10D74000CB2F00201C2001001C2001008D1801009F
:10D75000F813002008B50348034A0021121A03F009
:10D7600096FE08BD38080020D02F002070B5002399
:10D7700086B00122CDE90423134E144D01930F22EC
:10D78000CDE902321249142303FB005506EBC01603
:10D7900004464FF4C07000FB04110E4B00954FF48B
:10D7A000A072304600F0BCFB737B0B4AEE6023F0A6
:10D7B000040373734FF4046304FB033313442C74A6
:10D7C0006B6006B070BD00BF78130020882A00206F
:10D7D0000044002057150100C03B0020BFB50020C9
:10D7E000FFF740FF2D4B83F308882D4D2D4E6B69BD
:10D7F0002D4F43F400736B61E02385F82230002441
:10D800002023EB772C766C76AC7685F820406B6A1B
:10D8100043F4E0236B6285F82340F8F769FAF8F7E0
:10D82000FBFB4FF0FF33AB62EB62F8F7CFFCF8F78E
:10D8300017FCF6F725F91D4BB36040F201129A81EF
:10D84000C3E91844DC6603F0F6FD0120FFF70AFF88
:10D850000220174DFFF706FF00F094FD154B756190
:10D860000593012314490094CDE903434FF48062EA
:10D870003B46CDE90144284600F052FB6A7B064650
:10D8800022F0040228466A7303F0C3FF2046FFF724
:10D890006DFF3A4631462846F8F7A0FB00440020C9
:10D8A00000ED00E0882A002091D6000078140020C6
:10D8B000F8130020883E01008045002038B5064C52
:10D8C000064D0020AC4200D338BD204603F0E4FDF5
:10D8D0000028F9DB1C34F5E7580600207406002008
:10D8E00073B50C46EFF31181402585F31288BFF321
:10D8F0006F8FC5685DB125602B68C3608369013394
:10D900008361002081F31188BFF36F8F11E052EA29
:10D91000030603D125606FF00B00F3E7CDE9002388
:10D920000246083000F046FC18B9034B9B685B695F
:10D93000236002B070BD00BF882A00202DE9F341AA
:10D94000044617461E46EFF31188402383F31288DE
:10D95000BFF36F8FC368334A7BB180689168884298
:10D9600019D057EA060318D188F31188BFF36F8FD7
:10D970006FF00F0002B0BDE8F081916891F90E10D0
:10D9800021610133E3609368A36088F31188BFF3DA
:10D990006F8F0020EEE72169F2E791F90E1090F900
:10D9A0000E309942A8BF19466FF07E029142B8BF6F
:10D9B00011468B422DDD03F0D9FD0546CDE90076F9
:10D9C00019482246414600F0F5FB0028E1D0EFF36C
:10D9D0001186402383F31288BFF36F8FA068D0B104
:10D9E000236821699C420AD04BB193F90E309942C9
:10D9F000A8BF19466FF07E039942B8BF194603F0DD
:10DA0000B5FD40B10848314600F04EFC6FF00A0009
:10DA1000B0E70025D2E7002DF4D186F31188BFF3DB
:10DA20006F8FF3E7882A0020CC2F0020F8B5836899
:10DA30000546002B3FD0234A926893423ED1C368EB
:10DA4000012B03D9013BC3600020F8BDEFF3118720
:10DA5000402383F31288BFF36F8F0169806803F05E
:10DA600085FD2C68AC4207D10023C5E9023387F35A
:10DA70001188BFF36F8FE7E7002CF5D0D4E90032AF
:10DA800013605A60637B002623F002036373C4E9CA
:10DA90000066A66004F1180003F082FFAC6094F900
:10DAA0000E302B612046A66703F0B3FE06483946C8
:10DAB00000F0FAFBC8E76FF01500C6E74FF0FF3043
:10DAC000C3E700BF882A0020CC2F002037B51146BD
:10DAD000EFF31185402282F31288BFF36F8F046841
:10DAE0009CB12368426823F003039442036008BF9B
:10DAF00043600121204603F0BCFD044685F31188F4
:10DB0000BFF36F8F204603B030BD51EA0302F5D05A
:10DB100000F10802CDE900131046294600F04AFB47
:10DB20000028EFD1014B9B685C69EBE7882A002055
:10DB300070B5EFF31186402383F31288BFF36F8F24
:10DB40000468A0421AD0CCB1D4E9003213605A6004
:10DB5000637B002523F002036373C4E90055A560CD
:10DB600004F1180003F01CFF2046A56703F051FEE6
:10DB700031460848BDE8704000F096BBD0E902325B
:10DB80009A4218BF0133836086F31188BFF36F8F09
:10DB900070BD00BFCC2F002013B5EFF311814024DE
:10DBA00084F31288BFF36F8F846844B1013C8460B2
:10DBB00081F31188BFF36F8F002002B010BD52EACD
:10DBC000030406D181F31188BFF36F8F6FF00F004C
:10DBD000F3E7CDE900230246014800F0EBFAECE759
:10DBE000CC2F00202DE9F0410546EFF311884023AA
:10DBF00083F31288BFF36F8F00266FF00A072C683B
:10DC0000A54214D09CB1D4E9003213605A60637B02
:10DC1000A66023F00203C4E90066637304F11800F0
:10DC200003F0BEFEA767204603F0F3FDE7E70023FD
:10DC3000AB6041460248BDE8F04100F035BB00BF93
:10DC4000CC2F00202DE9FF414F4E04464027EFF333
:10DC5000118887F31288BFF36F8FD4F88050F5B91D
:10DC6000022104F1980003F027FD002868D004F198
:10DC7000900500220121284603F057FE0028F8D124
:10DC8000002302934FF0FF324FF0FF33CDE9002322
:10DC9000414604F188023D4800F0D2FCD7E7D4F8B1
:10DCA00084202B68C4F88030954208BFC4F88430C3
:10DCB000D4F8983043F00203C4F89830EB6823F0AE
:10DCC000040343F00103EB606B6888F31188BFF332
:10DCD0006F8F28469847EFF3118887F31288BFF3B8
:10DCE0006F8FEB68D80623F0010236D4EA60EB6848
:10DCF0009A0716D5306823F00203EB6088B10368F9
:10DD0000002170B14268954235D1036869BB7268E1
:10DD10003360824200D17360002340F8083BFFF774
:10DD200007FFD4F8983023F00203C4F8983088F342
:10DD30001188BFF36F8FDB0589D400F02BFB86E7DA
:10DD4000D4F89830D9069BD5C4F8980088F3118888
:10DD5000BFF36F8F04B0BDE8F08123F01103EB60D7
:10DD600005F11000FFF7E4FEC1E70B607368834222
:10DD700008BF7160D0E723B11A6801461846134600
:10DD8000BFE71A46F9E700BFA82A0020CC2F0020E1
:10DD9000F8B5C3689A0704460F46C3F340062CD46F
:10DDA0005B071AD40B680BB983680B60E368DD0767
:10DDB00044BFA3683B603D684CBF02260126002D8E
:10DDC0003AD01F4B9B68AB420AD0D5F89830D807A1
:10DDD000C3F3800214D46FF0120600233B6025E0E9
:10DDE00003F0D2FCD5F898300028F0D1D907C3F35E
:10DDF000C002F0D552B15B0708D46FF00F06ECE714
:10DE0000002AFAD1C3F3C003002BF6D1002323600C
:10DE1000D5F8843063B9C5E92044284603F057FC9F
:10DE2000E36843F00403E3603B68A3603046F8BD59
:10DE30001C60C5F88440F0E76FF01506CDE700BF21
:10DE4000882A00200146014803F082BC18150020F2
:10DE5000F0B589B004460020C4E920000E9D04F10D
:10DE60008800C4E9220004F19000C4E924004DB305
:10DE70002879002840F2011008BF0120C4F898005A
:10DE800000204FF0FF364FF0FF37CDE90330CDE9EA
:10DE90000100CDE906670C4B0094204600F08CF899
:10DEA00055B1296811B1204603F074FC6B791BB1A0
:10DEB000237B43F001032373204609B0BDE8F04003
:10DEC00000F00ABB0120D9E745DC000037B501901E
:10DED0000846EFF31184402181F31288BFF36F8F5E
:10DEE000C16811F01E0F16D153EA020508D101A92D
:10DEF000FFF74EFF84F31188BFF36F8F03B030BD7F
:10DF000041F00801C160019981621030034900F0BD
:10DF100079FC0120EEE70020ECE700BFDD160100F0
:10DF20002DE9F043073285B022F007020E461F4666
:10DF30001099017300F158037F32C0E9163304468B
:10DF4000002322F03F020421836041733F2A0F988F
:10DF5000A073C4E90633E37306F14009A2F1400857
:10DF600005D883F31188BFF36F8F084602DFB51819
:10DF700029462046F7F760FC07300E9B20F007008B
:10DF8000A066C4E9189802930D9B01932D1A0C9B6F
:10DF900000932A463B4631462046F7F7EDFF002323
:10DFA0006365044B9B6803B1DB6EE366284605B0EE
:10DFB000BDE8F083882A0020F0B587B000250595DC
:10DFC000109D04950F9D03950E9D0295DDE9127637
:10DFD0000D9D01950C9D00950446FFF7A1FFB6F13C
:10DFE000FF3F08BFB7F1FF3F05D056EA070305D151
:10DFF000204600F071FA204607B0F0BD03493A46CA
:10E00000334604F1180000F0FDFBF4E78D18010021
:10E01000094A93686FF00A019967084958674B6885
:10E0200043F080534B60002383F31188BFF36F8F5D
:10E030009368986F704700BF882A002000ED00E0C9
:10E0400070B590F90D20437B002A39DBD90637D112
:10E050008269002A34D11D4C63F07F03224643734A
:10E0600052F8183F93422CD1E169C0E900210860C1
:10E07000E06111E09942F8D01B68002BF5D090F9CF
:10E080000E5093F90E60B542F4D0AE42F2DD5968FD
:10E09000C0E9003108605860A569954200D005B913
:10E0A000E568A3685A7BD20604D1DA897F2A01D9B0
:10E0B000AA6942B1AB4202D0284600F001FB65617B
:10E0C00070BDE169D9E76361FAE700BF882A0020E3
:10E0D00038B590F90D20437B002A014604DA03F09D
:10E0E0007F03437303F05BFB0D4D2A46AB6852F888
:10E0F000184F944200D004B9EC688B4207D05A7B89
:10E10000D20604D1DA897F2A01D9A2692AB1A342B1
:10E1100002D0204600F0D4FA23466B6138BD00BF20
:10E12000882A002070B590F90D20437B002A014613
:10E1300004DA03F07F03437303F031FB4B7B1C4C89
:10E1400063F07F0322464B7352F8183FE069934215
:10E1500007D1C1E900200160E16111E09842F8D0E7
:10E160001B68002BF5D091F90E5093F90E60B54263
:10E17000F4D0AE42F2DD5868C1E900300160596068
:10E18000A569A368954200D005B9E5688B4207D020
:10E190005A7BD20604D1DA897F2A01D9AA692AB129
:10E1A000AB4202D0284600F08BFA2B46636170BD6B
:10E1B000882A0020F8B5124B0C461146114A98687F
:10E1C0001060DDE90676EFF31182402282F31288B7
:10E1D000BFF36F8F9D68284603F0F3FAB6F1FF3F57
:10E1E00008BFB7F1FF3F06D007493A46334605F16D
:10E1F000180000F007FB2046BDE8F840FFF708BF15
:10E20000882A0020B02A00208D180100F8B50446A5
:10E21000EFF31186402383F31288BFF36F8F437BA4
:10E22000DA0649B217D18269AAB903F07F034373B2
:10E2300003F0B5FA1B4D437B817363F07F032A46DD
:10E24000437352F8183F93422AD1E869C4E9002089
:10E250000460EC6116E0A173002086F31188BFF31F
:10E260006F8FF8BD8342F1D01B68002BEED093F97D
:10E270000E70B942F6D08F42F4DD5968C4E900311E
:10E280000C605C60AC69944200D004B9EC68AB6887
:10E290009C4202D0204600F013FA6C610120DCE7BA
:10E2A000E869E2E7882A002049B9EFF3058030B930
:10E2B000054B5A699B689A4201D0FFF7A9BE81F3CA
:10E2C0001188BFF36F8F7047882A0020034648B932
:10E2D000EFF3058232B9064A51699268914201D042
:10E2E000FFF796BE83F31188BFF36F8F704700BFAF
:10E2F000882A0020EFF31181402383F31288BFF3B3
:10E300006F8F054B9A68D37B013BD37381F31188E0
:10E31000BFF36F8F704700BF882A002070B5EFF3FE
:10E320001186402383F31288BFF36F8F144DAB68BF
:10E33000DA7B0132DA732A4652F8184F944200D041
:10E3400004B9EC685A7BD20604D1DA897F2A01D954
:10E35000A2692AB1A34202D0204600F0B1F92346B7
:10E360006B6186F31188BFF36F8FEFF31180402349
:10E3700083F31288BFF36F8FBDE87040FFF7A6BF2D
:10E38000882A0020024B03F11802C3E906227047D5
:10E39000882A002070B5EFF31186402383F312889A
:10E3A000BFF36F8F1B4CA168E0690B68814214BFFB
:10E3B0001A46002249680B605960A368E1692AB9CE
:10E3C000154AC3E900210B60E3610CE093F90E00EC
:10E3D00092F90E50A84218D0854216DD5168C3E963
:10E3E00000210B605360A5690B4B9D4200D005B91D
:10E3F000E568A3689D4202D0284600F061F9656196
:10E400003046BDE87040FFF703BE8A42D8D012689C
:10E41000D5E700BF882A0020A02A002050EA010387
:10E420002DE9F04105460E4604D1FFF7B3FF002069
:10E43000BDE8F081831C71F1FF3324DB03F0D1FAD6
:10E440002C18EFF31188402383F31288BFF36F8FEA
:10E450000F4F104BB8681860FFF73AFEB8680E49C6
:10E460002A463346183000F0CDF9BA68537B43F0A2
:10E47000040353734046FFF7CBFD03F0B2FA201AB2
:10E4800020EAE070D4E76FF00104241AD9E700BF56
:10E49000882A0020B02A00208D1801000C490D4A5E
:10E4A00038B500244FF400458C462146C0FB05C119
:10E4B00000236046F3F752FBC117FFF7AFFF054A91
:10E4C00047F6FF73C0FB0234DB0B43EA444038BD20
:10E4D0003F420F0040420F0038B50446183003F0A9
:10E4E0005FFAEFF31185402383F31288BFF36F8F38
:10E4F000637B5A0704D485F31188BFF36F8F38BD4F
:10E5000023F0040363732046FFF79AFDEFF30583BE
:10E51000002BF0D129460248BDE83840FFF7C4BEC1
:10E52000CC2F0020014B9868704700BF882A00203C
:10E530002DE9F8430446EFF31187402383F3128853
:10E54000BFF36F8F067B16F001060DD087F311889D
:10E55000BFF36F8F002383F31188BFF36F8F042302
:10E56000184602DFBDE8F883437B1A0704D587F31A
:10E570001188BFF36F8FF5E7D90943F0080250D136
:10E580004273A36813B1204603F011F904F1180097
:10E5900003F006FAA56D04F15808A84511D04FF014
:10E5A000000975B1284603F002F905F1180003F0DF
:10E5B000F7F9C5F878902846FFF742FDA56DA84504
:10E5C000EFD11C4DAB689C4204D1EFF30586003EB1
:10E5D00018BF0126D5F81880174A904502D0B8F127
:10E5E000000F01D1D5F80C80434502D0404600F021
:10E5F00067F8C5F8148046B1104BAB6040F20112C9
:10E600009A810022C3E91822DA66AB689C42AED137
:10E61000EFF30583002BAAD13846BDE8F843FFF796
:10E62000F7BC03F07F0343F00803437303F0B7F82C
:10E63000A7E700BF882A0020A02A00207814002025
:10E64000D3B5DDE90667089CCDE90067FFF7B2FDA9
:10E650001CB1034B9B685B69236002B0D0BD00BF57
:10E66000882A0020044BC01A044BC0105843044BA6
:10E6700001221A54704700BFF8140020ABAAAAAABE
:10E68000CC2F0020C3897F2B12D80A4B1B6863B1A3
:10E69000094B90F90E201B689A4209DB437BDB068D
:10E6A00006D1064BC31A18BF012303F001007047BF
:10E6B0000023FAE7B82A0020B42A002078130020AB
:10E6C00070B50E4B0E4C1E7C06EB460304EBC304E8
:10E6D0000546204603F064F90A4B002228469A5565
:10E6E000FFF7D0FF48B1084B08491A68013A2046A5
:10E6F000D317BDE8704000F085B870BD882A0020AF
:10E70000F8140020CC2F0020B82A002065E6000075
:10E7100038B5EFF31185402383F31288BFF36F8F71
:10E72000104B114A9C681068A04206D1FFF7C8FF41
:10E7300085F31188BFF36F8F38BD00211B7C1160FA
:10E740000A4AD35C002BF3D02046FFF79BFF00283A
:10E75000EED0637BDB0602D12046FFF7E3FC2046C8
:10E76000E4E700BF882A0020B02A0020CC2F002038
:10E770000748084A084908B5121A02F08AFE0748F5
:10E78000074A0849BDE80840121A02F082BE00BFDD
:10E790000000002034080020A83E010000000020F6
:10E7A00000000020A83E0100024B1868984208BFF4
:10E7B000002070474C040020034B1B680BB9FBF78B
:10E7C000FBBD0020704700BFBC2A002030B570B1EF
:10E7D0000B4B5B6898420AD0036843B1D3E904212C
:10E7E000D0E90445121941EB0501C3E90421D0E940
:10E7F000003213605A600023C0E9003330BD00BF0F
:10E800004C040020B3F1FF3F08BFB2F1FF3FF8B561
:10E8100004461D4616465AD08160EFF31187402307
:10E8200083F31288BFF36F8F013275F1FF3321DA62
:10E830002C49D1E900206FF001039B1A4FF0FF3201
:10E8400062EB00009E1B60EB0500012E70F10003DF
:10E8500001DA01260020C4E90460FFF7A5FF224E7B
:10E8600084467068BCF1000F0DD1C4E900600460FB
:10E8700074601CE0FFF7A0FF013645F10005361873
:10E8800045EBE070E7E7DCE90425D4E90431934285
:10E8900071EB050E1CDAD21ADCF8043065EB0105C9
:10E8A000CCE90425C4E900C31C60CCF80440FFF7A0
:10E8B0007BFF844207D10D4B1C6824B903F057F845
:10E8C0002146FBF74BFD87F31188BFF36F8FF8BD2F
:10E8D0009B1A61EB05018445C4E90431C5D0DCF81D
:10E8E00000C0BFE7101500204C040020BC2A002007
:10E8F0002DE9F047EFF31185402383F31288BFF32E
:10E900006F8FDFF8A090DFF8A080C9F80000FFF754
:10E910004BFF00260027D9F80030D8E900ECD917C2
:10E9200050B1D0E90442A34271EB020A1ADAE41AA8
:10E9300062EB0102C0E9044213EB0E034CEB010150
:10E940000024C8E90031C9F8004003F010F821465E
:10E95000FBF704FD85F31188BFF36F8FBDE8F04727
:10E96000FFF7D6BE14EB0E024CEBE473C0E904676C
:10E97000C8E90023FFF72AFF85F31188BFF36F8FE3
:10E9800083689847EFF31185402383F31288BFF320
:10E990006F8FD9F800301B1BC9F80030FFF704FF58
:10E9A000B9E700BFBC2A00201015002010B5EFF316
:10E9B0001184402383F31288BFF36F8FFFF7FCFEAF
:10E9C000054A0346D2E90001181841EBE37184F3CC
:10E9D0001188BFF36F8F10BD10150020F8B50446E5
:10E9E000EFF31187402383F31288BFF36F8F026820
:10E9F00022B187F31188BFF36F8FF8BDD0E90A36D3
:10EA0000581C46F10001022871F1000127D3012BA7
:10EA100076F10001BCBF012316465D1E46F1FF36AC
:10EA200002F0E3FF013041F10001401946EB010122
:10EA3000012871F1000139DB02F0D7FF013041F10B
:10EA400000016FF00102401946EB0103121A4FF06A
:10EA5000FF3161EB030318492046FFF7D3FE236B18
:10EA600001332363236A6BB187F31188BFF36F8F80
:10EA7000236A20469847EFF31187402383F31288D7
:10EA8000BFF36F8F54F8185FA542B2D0002DB0D0FD
:10EA9000284602F0CDFE0023AB6787F31188BFF351
:10EAA0006F8F2846BDE8F84002F0B3BE6FF0010258
:10EAB0004FF0FF33CFE700BFDDE900002DE9F04163
:10EAC00005461C4690461F46EFF31186402383F30C
:10EAD0001288BFF36F8FB4F1FF3F08BFB2F1FF3F61
:10EAE00005D186F31188BFF36F8FBDE8F081531C09
:10EAF00074F1FF3309DB012A74F10003BCBF01226A
:10EB0000002412F1FF3844F1FF37284602F048FF95
:10EB1000DDE906010023C5E90A012B6303494246EA
:10EB20003B462846FFF76EFEDBE700BFDDE900004D
:10EB300073B506460D4602F027FE78B90B4B9B686D
:10EB4000DC6E7CB12A1D09D200200021CDE9000134
:10EB500046F00401204602F0C6FF08B9002401E097
:10EB60000460041D204602B070BD00BF882A00204A
:10EB700038B5064C064DAC4201D3002038BDD4E96F
:10EB80000112204602F0A7FF1434F4E774060020B7
:10EB9000740600201FB5094A92E8030002AB83E81F
:10EBA00003004FF480620093054906484FF0FF339D
:10EBB000FFF74EF9002005B05DF804FB902101003D
:10EBC000C04900201815002010B50A4C23681BB15D
:10EBD00001232360002010BD00F0EAF80028F7D0E0
:10EBE0000138062803D8044B53F8200010BD034811
:10EBF00010BD00BFC02A00208C250100FE8FFFFF42
:10EC0000BFF34F8F0549064BCA6802F4E062134315
:10EC1000CB60BFF34F8F00BFFDE700BF00ED00E00A
:10EC20000400FA0510B4094B09490A4C4FF0FE32B2
:10EC3000C3F800244968C3F80424C3F80824C3F8BF
:10EC40000C240023C4F8003510BC084700B0025063
:10EC50005404002000A00250D0E90012014BC3E987
:10EC6000001270475404002010B5044650B1636888
:10EC700013F0685F05D0064A934202D00023236058
:10EC8000626010BD034B04485B689847EFE700BF24
:10EC90002C5F5CA954040020A8250100C8B143687A
:10ECA0000D4A934213D013F0685F0ED0012350E851
:10ECB000002F194640E8001C9CF0000FF7D1012AF4
:10ECC000F5D0BFF35F8F00207047044870470448B9
:10ECD00070476FF4E04070472C5F5CA9E98FFFFF3D
:10ECE000EA8FFFFF80B14368094A93420AD013F0CC
:10ECF000685F05D0BFF35F8F00230360184670473D
:10ED000004487047044870476FF4E040704700BF04
:10ED10002C5F5CA9E98FFFFFEA8FFFFF10B5044667
:10ED200020B1044B63600022226010BD0248FFF74F
:10ED300079FFF6E73A00003AD025010070B5D0E936
:10ED40000023174C174D6360D0E90230C4E902304C
:10ED500022604868D1F800C0134BC3E900C0D5F861
:10ED60001801D1F808C0C3F808C010F0685FD1F8E6
:10ED70000CC00969C3F80CC0196110D00B49C5F863
:10ED8000BC110023C5E9453105F58A70C5F8B831D5
:10ED90009047236805F5DC70BDE87040184770BDEA
:10EDA00070040020D82A00205C0400202C5F5CA99D
:10EDB00038B500F02FF820B1032400F063F82046A6
:10EDC00038BD00F031F898B900F0ACF898B90F4DA3
:10EDD000D5F828391B0EF02B08D1D5F8242A0C4B76
:10EDE0009A420AD0072400F017F8E6E70624FAE76B
:10EDF0000424204638BD0024F5E7012000F092F8F5
:10EE000004460028F7D1C5F80C0AD8E700B0025034
:10EE10000000E0200020704700207047014BC3F83D
:10EE2000040A704700B0025010B5114800F048F8CD
:10EE300000B110BD0F4800F043F80028F9D10E4C86
:10EE4000204600F03DF80028F3D10C4B0C481C6024
:10EE500000F036F801460028EBD100F02DF804460A
:10EE600008B1204610BD00F03FF82046FAE700BF89
:10EE7000B0040020AC040020A8040020A00400205E
:10EE8000A404002008B5084800F024F8074800F062
:10EE900021F8074800F01EF8064800F01BF8BDE80E
:10EEA000084000F00BB800BFB0040020AC04002004
:10EEB000A8040020A404002000207047704700BF71
:10EEC00008B5034B02681B6810689847002008BD0E
:10EED0007004002008B5034B02685B68106898470F
:10EEE000002008BD7004002070B5094C094D206950
:10EEF000AB68984718B1084B08485B689847084AC0
:10EF0000EB68206900211160BDE87040184700BF20
:10EF10005C0400207004002054040020F42501004B
:10EF2000D42A0020F8B51A4D1A4E0446B268286952
:10EF30009047E8B9184F3B684CB1A3B1012B19D0E9
:10EF4000013B3B602869F36898470020F8BD43B94E
:10EF5000124A0121C2F800151149D1F81029002ADE
:10EF6000FBD101333B60F368286998470020F8BD66
:10EF70000C48F8BD0A4AD2F81039002BFBD1074AD9
:10EF80006FF07E40C2F80035FFF748FF3B68D7E7D7
:10EF90005C04002070040020D42A002000A002504D
:10EFA00000B00250E98FFFFF0CB430B589B00546C0
:10EFB0000C461C22002101A802F01AFE02238DF843
:10EFC00006300E4B0293059523462CB1B4F1004F49
:10EFD00028BF4FF00043013B1D440DAA0C99069534
:10EFE00001A8009200F00CF814B1059B00221A70E1
:10EFF00009B0BDE8304002B0704700BFC71C010037
:10F000002DE9F04F8DB043680293837815469A0737
:10F01000804640F10D8100240E78002E00F00A8118
:10F02000252E0BD04B1C03930134029B41463046E6
:10F0300098470028C0F2F6800399EDE74E788B1CC4
:10F04000252E0393F0D00027B946BB46BBF11F0F16
:10F0500038D8A6F12003102B0AD8DFE803F02A09DC
:10F0600009300909092109090928092D09091F0081
:10F07000A6F13003092B33D92A2E37D11BF0400FCC
:10F0800055F8043B40F08280002BA7BF4BF0200BCB
:10F090009946C3F100094BF0280B01E04BF0010B3E
:10F0A000039B13F8016B0393002ECFD130E04BF09C
:10F0B000020B4BF0040BF3E74BF0080BF0E74BF0BF
:10F0C000100BEDE7BBF17F0F19D8A6F13003092B28
:10F0D000D2D81BF0400F03D00A2101FB0737DFE72E
:10F0E0000A2101FB09394BF0200BD9E72E2E06D15E
:10F0F0001BF0400F40F09E804BF0400BD0E76C2E91
:10F1000031D02BD8682E36D06A2E3CD04C2E3AD037
:10F11000002F46F02003B8BF2BF04002A3F1650199
:10F12000BCBF1FFA82FB0027022901D9612B2FD116
:10F13000073525F00705DFF8ACA2083507271BF0D7
:10F14000080F66D00AEB070B56465E4563D1A4EB69
:10F150000A0A06EB0A02A9EB07096FE1742E9FD099
:10F160007A2E9DD0D4E71BF0800F18BF4BF4007BA4
:10F170004BF0800B94E71BF4807F18BF4BF4007BAF
:10F180004BF4807B8CE74BF4207B89E71F4687E7B5
:10F19000A6F16301122900F2F080DFE811F01300FC
:10F1A0004F00EE00EE00EE00EE004F00EE00EE002D
:10F1B000EE00EE00EE00FE00E900EE00EE001B00A7
:10F1C000EE00AF0055F8043B8DF8183001270DF123
:10F1D000180AB4E755F804AB834BBAF1000F08BF27
:10F1E0009A461BF0400F14BF39464FF0FF3150468E
:10F1F00002F006FD0746A2E7029B41462020984701
:10F2000000280FDB013EB742F6D34C44A41BB146A5
:10F2100098E74E46F7E716F8010B029B41469847E0
:10F22000002892DA98F8023043F0040388F802309C
:10F230004FF0FF3420460DB0BDE8F08F1BF0800F7B
:10F2400034D01BF4007F2CD0073525F00705AA46E3
:10F2500069685AF8080B2BF010050029ADB237DAAF
:10F26000404261EB410145F480650DF1180B0A2322
:10F270005A4602F0D1FCA0EB0B0301936B0662D55A
:10F28000019B25F001019F4289B240F3A180002E2D
:10F2900000F0998015F0100240F09C80BB460D46AE
:10F2A00023E0AA465AF8040BC117D4E7AA461BF478
:10F2B000807F5AF8041B01D10846F5E71BF4007F54
:10F2C00015BF48B208B241F3C01141F3C031C2E7E3
:10F2D00050EA0103C9D11BF0400FC6D0002FC4D1A2
:10F2E0002BF0110295B2BB46019740F2064115EA98
:10F2F00001021CBF0BF1010B00222CE02BF01002CD
:10F300001FFA82FB0A231BF0800C49D01BF400710A
:10F310001DBF073525F00705AA46AA461ABF5AF8A9
:10F32000080B69685AF8040B50EA010545D12BF027
:10F3300016051BF0400FADB242D0002F40D12BF08C
:10F34000170295B2019715F0100248D0019B002ECC
:10F3500042D103F1010B29075AD4EB0706D5D94551
:10F360006FDD0199A9EB0B035F18CB465B4649E0C3
:10F370004BF0100B10237826C5E7782B04D1C6F18B
:10F38000780343F01003BEE7029B414625209847CF
:10F390000028FFF647AF023447E608230026B2E70D
:10F3A000AA461BF480715AF8040BBDD01BF40071FF
:10F3B0001ABFC0B2614680B2B6E72BF0060295B222
:10F3C0000DF1180B54E725F01105ADB2BB468CE7E3
:10F3D0000D46B8E73B460D4603F1020BBBE7DDF8EF
:10F3E00004B082E7A03E0100993E0100CDE904325D
:10F3F0004146029B202098470028FFF613AF049B4C
:10F40000059A01339945F1DCA4EB0B01CC189B461E
:10F410000AB3029B4146302098470028FFF602AF0E
:10F420008EB901342744019B391B994224DC1D46C7
:10F430005DBB019AA9EB0B09224455461446914441
:10F4400035E0019F92E7023441463046029B9847DF
:10F450000028E7DAE6E640F206410D42E2D015F078
:10F46000020F14BF2B20202015F4806F04F101043B
:10F47000414618BF2D20E9E7029B414630209847BE
:10F48000002804F10104CEDACCE606AB013D41468A
:10F49000585D029B98470028CADAC3E6029B4146A2
:10F4A00020209847002804F10104FFF6BBAEA9EB29
:10F4B0000403002BF2DCBFE5704770B403460C4632
:10F4C000DA88006819792243056986682B68012467
:10F4D0008C4012F0010F14BF2343A3432B60336809
:10F4E00070BC184700F0F3BF30B4DDE90245CDE948
:10F4F000024530BCFFF7E2BA00F0F2BF02F0C8BA32
:10F50000836800EBC101B3F5004F2CBF51F8220016
:10F5100031F81200704700EBC1018068B0F5004F70
:10F520002CBF41F8223021F81230704708B5012273
:10F53000FFF7E6FFD04008BD8368B3F5004F00EB4E
:10F54000C10108D34B681AB143F001034B60704707
:10F5500023F00103FAE74B881AB143F001034B8013
:10F56000704723F00103FAE753000122FFF7D3BFEE
:10F570008368B3F5004F34BF04230823C91A081A5F
:10F58000C0087047B0F5004F34BF04230823481C5F
:10F590000833A0EBD300B0FA80F0C0F11F00704731
:10F5A0002DE9F041174603220E460446FFF7A8FF57
:10F5B0008642054607F104080AD1E3680122BA40F1
:10F5C00023EA0203E360002344F82830BDE8F08119
:10F5D000314602222046FFF793FF2B46064601469E
:10F5E00044F8285020460322FFF795FF334629466A
:10F5F00020460222BDE8F041FFF78DBF70B50D46F1
:10F6000086680446FFF792FFB6F5004F014601D326
:10F61000012809D03046FFF7B5FF294602462046AB
:10F62000BDE87040FFF7BCBF70BD2DE9F04705464F
:10F630008068FFF7A7FF05EB800A8846DAF810908C
:10F640000646B9F1000F1BD00327DAF81040284610
:10F650002146FFF76BFF404507D332462146284637
:10F66000FFF79EFF2046BDE8F0870322214628468B
:10F67000FFF746FF013FCAF8100001D08145E4D1F1
:10F68000EB6801364FF0FF34B4401C40EAD094FAE6
:10F69000A4F2B2FA82F2131D55F82340DEE72DE9F9
:10F6A000F041144605460E46FFF740FFA4EB06085E
:10F6B000371B0744424631462846FFF755FF3A4676
:10F6C00021462846FFF750FF4346002221462846A0
:10F6D000FFF721FF21462846FFF728FF3B46211868
:10F6E00000222846BDE8F041FFF715BF2DE9F041A3
:10F6F000164604460F46FFF719FF314605462046D9
:10F70000FFF714FF05442A4639462046FFF72CFF31
:10F7100031462046FFF70AFF2B46311800222046CB
:10F72000BDE8F041FFF7F7BE2DE9F0410D468668D0
:10F730000446FFF7FBFEB6F5004F014601D3012852
:10F7400032D03046FFF71EFF04EB80010E6996B9F8
:10F75000E368012282401343E36002220D612B46DD
:10F7600029462046FFF7D7FE032229462046BDE85A
:10F77000F041FFF7D0BE022231462046FFF7C0FE1F
:10F780002946034607462046FFF7C5FE03223346B7
:10F7900029462046FFF7BFFE39462B462046FFF795
:10F7A000BAFE02223146E1E7BDE8F081F8B50C4629
:10F7B0000546FFF7BBFE2618012231462846FFF713
:10F7C0009FFEC3070CD431462846FFF717FF21469A
:10F7D0002846FFF7ABFE214622182846FFF786FF92
:10F7E000002221462846FFF78BFE271A01223946C0
:10F7F0002846FFF785FE10EA020613D1394628464F
:10F80000FFF7FCFE214632462846FFF779FE2246E6
:10F81000211A2846FFF76AFF214632462846FFF79D
:10F820006FFE241A21462846BDE8F840FFF77CBF4A
:10F8300038B571B105682846FFF79AFE00220446E4
:10F8400001462846FFF778FE2146BDE83840FFF71D
:10F85000ADBF38BD70B5066809B9002070BDB3688A
:10F86000B3EBD10FF9D9B3F5004F34BF042308230C
:10F87000CC1D1C44E40821463046FFF7D6FE054661
:10F880000028EAD001463046FFF750FEA04209D9D1
:10F890002C44294630462246FFF701FF21463046D8
:10F8A000FFF742FF304601222946FFF745FEB368C5
:10F8B000B3F5004F34BF0423082303EBC5031844FA
:10F8C000CCE72DE9F84306681446B26801F1FF3928
:10F8D000B2F5004F34BF0423082319EA01090F468B
:10F8E0000BD0494239408B424F4628BF0B468946D0
:10F8F00054B900252846BDE8F8839942F8D8214636
:10F90000BDE8F843FFF7A6BFB2EBD40FF1D9E11D74
:10F91000B2F5004F394434BF04220822C91A1144F9
:10F92000C9083046FFF781FE80460028E1D0B36861
:10F93000B3F5004F34BF0423082309EBC0051D4471
:10F9400035447B1E1D44B5FBF7F57D43A5EB09054A
:10F9500029463046FFF70CFE2C44073424F00704F8
:10F96000A41B804507464FEAE40408D202464146FC
:10F970003046FFF794FE41463046FFF7D5FE394644
:10F980003046FFF7D3FD3844844208D2394630462A
:10F990002246FFF784FE21463046FFF7C5FE0122CE
:10F9A00039463046FFF7C8FDA4E7B2F5802F2CBFDB
:10F9B00008230423D21A2DE9F0418C18CD1D25F01F
:10F9C000070524F00704641B0026E40805602146AF
:10F9D000AC60EE602046FFF7D5FD421D920001307D
:10F9E00002F107074FEAD707A2F110023146B8BF6C
:10F9F000324605F1100002F0FBF83A46314628463F
:10FA0000FFF7B2FD3346324631462846FFF783FD05
:10FA1000A4EB0708284631460122FFF78DFD424638
:10FA20003946FFF7A1FD3B46324639462846FFF7E7
:10FA300072FD21462846FFF797FD43463246214690
:10FA40002846FFF768FD214628460122FFF774FD8E
:10FA50003946BDE8F041FFF767BE2DE9F04706469D
:10FA60000D46174698462BB398F8004093F801903E
:10FA7000DB78A40004EB430498F802301C444444AF
:10FA80004FF0000ACA4509D3D8F8042008F108034A
:10FA900039463046AC46BDE8F047604714F8013BB4
:10FAA00048F823402046F2F7CAF8013004440AF12E
:10FAB000010AE7E76FF01500BDE8F08770B5002593
:10FAC00002462846144614F8013B0BB9184609E0D3
:10FAD00098B18D4207D1702B04D0A3F140023A2A8D
:10FAE0000BD8002070BDA3F140063A2E05D85378FC
:10FAF0000135941C002BE9D00020252B08BF80F095
:10FB000001002246DEE7002070470FB407B504A9C4
:10FB100051F8040B019100F061FC03B05DF804EBB7
:10FB200004B0704710B50369024613F0080009D10C
:10FB30001368D4689C4297BF126AE31AD31A012053
:10FB40000B6010BD00231846FAE713B501A904465F
:10FB5000FFF7E8FF20B1019BE268013B13440193EA
:10FB6000206A019BC01A013802B010BD10B50446CE
:10FB700050182269236AD20702D5013B184010BDF4
:10FB8000984228BFC01AFAE710B504460A46C16871
:10FB9000FFF7ECFF2369E06023F00803236110BD49
:10FBA00038B50D46C2698B00016843F0020342F884
:10FBB0002130044601682A46FFF7D8FFE3686168F0
:10FBC0002060984202BF236943F0080323612A465C
:10FBD0002046FFF7CBFF606038BD2DE9F74FC768BF
:10FBE000C6699B4616F8273003F00303022B044630
:10FBF0008846914606EB870A4FF0000309D0136050
:10FC0000CBF800302369990710D4002003B0BDE879
:10FC1000F08F56F8271013608908CBF80030F1D028
:10FC2000FFF7B2FFE368A3600120EFE7A369504646
:10FC3000984716F82730DA070546E6D513F0020391
:10FC40001DD0B8F1000F03D041462046FFF7A8FFB2
:10FC500061682A462046FFF789FFD4E902319942BC
:10FC6000606004D12A462046FFF780FFA060A368A9
:10FC70002360E360236943F008032361D4E701466E
:10FC800020460193FFF780FFE268A260B8F1000F01
:10FC900004D02168E269019B42F8213005EB08029B
:10FCA000CBF8002021682046FFF760FF2369206021
:10FCB00043F00803236116F827306FF3000306F8BA
:10FCC0002730C9F800A0AFE770B504461546FFF726
:10FCD0004DFF2368834205D12369216023F0080387
:10FCE000236170BDE269AB0043F0020342F82130AA
:10FCF000204661682A46FFF739FF6060F1E738B5B2
:10FD000003695B07044606D5456AFFF71EFF854277
:10FD10002CBF6562606238BD38B50D4604461C22B2
:10FD2000002101F065FFEB68A361AB6863612B689C
:10FD3000E3616B682362002262622A6923B1591E63
:10FD4000194208BF42F001022261012204F1280099
:10FD50000021BDE8384001F0A3BC2DE9F04F87B089
:10FD600000250093036A03958B4204460E46924693
:10FD70000595A94639D3EFF3118B402383F31288FD
:10FD8000BFF36F8F059AD8462AB129462046FFF760
:10FD90009BFF0023059304A92046FFF7C3FE0499A7
:10FDA000B14207462AD32268E36913F8221021F0F2
:10FDB000030103F8221003EB820921683246204632
:10FDC000FFF7D4FEE3682060984212D0002788F342
:10FDD0001188BFF36F8F039929B162690AB1204678
:10FDE000904700230393002FC5D1484607B0BDE8D4
:10FDF000F08F236943F008032361E7E718B1204639
:10FE0000FFF7CEFEE3E7009B5AEA03021CD0019104
:10FE100001F0BAFC0199B8B9BBF1000F14D187F316
:10FE20001188BFF36F8F009B524604F12800FDF745
:10FE3000B3FEEFF31188402383F31288BFF36F8F73
:10FE4000B0FA80F77F09C2E705AB03AA2046256810
:10FE5000FFF7C3FE0746BAE770B504468369084654
:10FE60000D4698470246EFF31186402383F312882C
:10FE7000BFF36F8F2B7843F001032B70616820462E
:10FE8000FFF774FE60602046FFF739FF86F31188A4
:10FE9000BFF36F8F70BD2DE9F04104464027EFF3AB
:10FEA000118687F31288BFF36F8F236913F0080F51
:10FEB000A36802D16268934200D9226AE169D21A2A
:10FEC00032B986F31188BFF36F8F4FF0000833E02B
:10FED00011F8232012F0030001EB8308F1D002286F
:10FEE00003D151F82350AD0805D1D00712D4A3692E
:10FEF000404698470546A1682A462046FFF736FE49
:10FF00002946A0602046FFF73FFE86F31188BFF325
:10FF10006F8FC4E742F0020201F823204046A36934
:10FF2000A5689847294602462046FFF71FFEA060B5
:10FF300086F31188BFF36F8F4046BDE8F081F8B5B6
:10FF40000446836908460D4698470646EFF3118735
:10FF5000402383F31288BFF36F8F2B786FF3000376
:10FF60002B7023699B0705D5E268E36903EB8203E5
:10FF70009D421AD12B786FF341032B70D4E90231E3
:10FF8000994204D132462046FFF7F0FDA060314689
:10FF90002046FFF7F9FD87F31188BFF36F8F04F157
:10FFA0002800BDE8F840FDF7C3BD2B6860F39F0350
:10FFB0002B60F0E7EFF31181402383F31288BFF346
:10FFC0006F8F036913F0080F836802D14268934270
:10FFD00000D9026AD31A81F31188BFF36F8F181EFC
:10FFE00018BF01207047036800220BB918467047FC
:10FFF0008B4210D10B6842B942680360914200D134
:020000021000EC
:10000000436000230B6001207047136043689942EE
:1000100008BF4260F5E71A461B68E6E7038B13F05A
:10002000070305D10368002B0CBF00200320704795
:10003000022B05D1408BB0FA80F040098000704758
:10004000012B05D10368002B0CBF00200520704751
:100050000020704710B50C4600B111B96FF01500C3
:1000600010BD081D00F0D2F80028F9D1A368032BB9
:10007000F6D9F3E72DE9F0410D4607461946281D4C
:1000800090461E4600F0D3F8044638B13346424647
:1000900029463846A446BDE8F0416047BDE8F081F6
:1000A00010B4EFF31182402484F31288BFF36F8FF2
:1000B000416110BC0121F3F7A9BA38B50C460546D9
:1000C00058B151B10B6843B14B6833B11C220021C8
:1000D00001F08EFD2C61002038BD6FF01500FBE7AC
:1000E00070B505460E46FFF7B5FF041E14DBEFF3AF
:1000F0001182402383F31288BFF36F8F6B8B2C8B9D
:100100004FF6FF718B4204F0070407D182F3118888
:10011000BFF36F8F6FF00A04204670BD022C0CD124
:1001200001336B8382F31188BFF36F8F0023224664
:1001300031462846FFF79EFFEEE7062C14D8DFE88D
:1001400004F004131313041A0400002333606B68D3
:100150003BB9C5E90066ACB902212846F3F756FA67
:10016000DAE71E606E60F6E782F31188BFF36F8FE7
:100170006FF00404D0E782F31188BFF36F8F6FF044
:100180008504C9E782F31188BFF36F8FC4E710B508
:10019000EFF31182402383F31288BFF36F8F048B38
:1001A00004F00704022C0AD0012C0CBF6FF00400ED
:1001B0006FF0850082F31188BFF36F8F08E0438BE7
:1001C000013B9BB2438323B92146F3F71FFA204634
:1001D00010BD2046EEE738B5A8B1A1B1EFF3118507
:1001E000402282F31288BFF36F8F048BFFF7FBFE70
:1001F00030B104F0070085F31188BFF36F8F38BD6D
:100200006FF07700F7E76FF01500F8E7034658B195
:10021000426802F00302012A03D0032A04D10268D3
:1002200012B10020986070476FF015007047426867
:10023000816002F00302032A4FF0000203460CBF64
:10024000006810465A607047F0B5C6684568C369D3
:10025000AF1B04464069BB4298BFFF1AA5EB0000E4
:10026000944698BFF6181A1AD81B2368AD1B62452E
:100270002B4428BF62460B606368904228BF10463B
:1002800003446360F0BDD0E90123D21A8A420CD343
:100290001944C368C269C0E90111C91A8A4201D967
:1002A000002070471344C360FAE76FF015007047F1
:1002B0002DE9F34180460E46154600272A4601A93E
:1002C0004046FFF7C1FF314604460246019801F05F
:1002D00067FC2D1B2744264401D0002CEED1394663
:1002E0004046FFF7D0FF384602B0BDE8F081F0B5D8
:1002F000044686690569C069A368AF1BB842944685
:1003000098BF3618A3EB05022368A5EB060598BF36
:100310003F1A2B446245A0EB070028BF62460B60E2
:100320002369904228BF104603442361F0BDD0E901
:100330000423D21A8A420CD31944D0E90632C0E908
:100340000411C91A8A4201D90020704713448361FD
:10035000FAE76FF0150070472DE9F34180460D462E
:1003600016460027324601A94046FFF7C0FF044663
:100370002DB102460199284601F012FC2544361B96
:10038000274401D0002CEDD139464046FFF7CFFF7E
:10039000384602B0BDE8F081704703785B075FBF65
:1003A00003684288C3F34A2303EB12105DBF173082
:1003B00020F007008008002070470020704700F000
:1003C00018BE0346BFF35B8F53E8000F421C43E89F
:1003D00000210029F8D1BFF35B8F70471FB50023C0
:1003E000CDE90201CDE900331A4619461846F3F764
:1003F00043FD05B05DF804FB0120F3F7E7BA0020E8
:10040000704770B5D2E901369B1B8B420C461546EE
:100410000AD313680A460146981901F0C1FBAB687C
:100420002344AB60204670BD6FF01B00FBE770B546
:100430000E4615461946044618B9BDE87040F3F754
:10044000C5BA33B1C2F34A231030120D184401F07B
:10045000A7FBC4E900562046BDE87040F3F754BC42
:100460002DE9F3415F1C4FEA8708064608F11700A3
:1004700020F0070080080C461546F3F71BFB00230D
:10048000ADF805308DF807308DF8047068B103467B
:10049000019A43F8102FA8F104012A46294452F882
:1004A000045B43F8045F8A42F9D1A20102F4E072CE
:1004B00042EA482222F07F4222F47002002322F016
:1004C0003F02314602B0BDE8F041FFF7B0BF07B5CB
:1004D0000123019201AAFFF7C3FF03B05DF804FBFB
:1004E00007B5CDE9002302236A46FFF7B9FF03B041
:1004F0005DF804FB1FB5CDE90123069B039301AA18
:100500000323FFF7ADFF05B05DF804FBF8B5064621
:100510000D4614461F4604B9F8BD214628463A4602
:10052000B047241A0544F6E710B5426881680446CE
:10053000D2E900230068FFF7E9FF636800221A6030
:1005400010BD38B54B681A68CB689A4205460C4610
:1005500002D10846FFF7E8FF6368BFF35B8F53E8FB
:10056000002F511C43E800100028F8D1BFF35B8F27
:10057000A3689D54002038BD0A2838B504460D46AE
:1005800002D10D20FFF7DDFF29462046FFF7D9FFF6
:10059000002038BD2DE9F043054687B008460E8897
:1005A00091F80090D1F808800C461746F3F7B4FC98
:1005B000011EC6F38216C9F3C2091EDB4846F3F7D3
:1005C000B5FB03462146608851F8102B0196C2F313
:1005D0004A22002A01EB0204C0F30B1008BF0021DD
:1005E0000022CDE90407CDE90214009241462846D5
:1005F000F3F7BEFC07B0BDE8F0830023E2E74368F1
:100600001B685B6800201961704743681B681A68A3
:1006100052685360704743681B681868F3F712BE4E
:1006200070B543681D686B6818690C46F3F7AAF942
:10063000214603460F222868BDE8704018474369E9
:100640001BB11B790B70002070476FF0570070478B
:1006500043693BB1DB682BB15B691879B0FA80F074
:10066000400970470120704770B5044642690D4645
:10067000FFF7EEFF10B90323137170BD032120466D
:10068000A847002802DA10F1860FF6D120462B4643
:100690000121BDE87040184710F0700F08D100F03C
:1006A0007F0310F0800F18BF10330120984070476F
:1006B000002070472DE9F84306460F4690469946BC
:1006C00004254B46424639463046F6F755FD10F1B3
:1006D0000B0F044603D1FDF75DFE013DF1D120462D
:1006E000BDE8F883006840B150F8043C5B688B4279
:1006F000A0F1040001D04068F5E77047006850B1F0
:1007000050F8043C5B685B689B788B42A0F1040066
:1007100001D04068F3E7704730B5006888B150F801
:10072000043C5B681A6A1D7F04380023043ADCB27B
:10073000A54201D84068F1E7013312F833408C42FA
:10074000F5D130BD08B5F4F7A7FB28B1406810F12A
:10075000100F14BF0020012008BD4B1CDBB28170BC
:10076000817680F82530C37600F8061C704750E982
:100770000231D0F89C0018470369002283F84A2010
:100780007047036993F84A0048B193F8480030B1C4
:10079000D3F8902053685169D0695B1AC01A70472A
:1007A0000369002283F84B207047036993F84900DE
:1007B00008B193F84B00704708B50246FFF7F5FF04
:1007C00030B91046FFF7DDFF003818BF012008BD23
:1007D0000120FCE70369C3E90012704770B50469A2
:1007E0000546D4F88C00FFF7B7FD94F8A030064614
:1007F000ABB1D4F88C104B684A699A1ACB699B1A32
:100800003F2B0CD994F89E3033B16B681B6A22469B
:10081000187B0021F4F720FE002384F8A030304636
:1008200070BD08B50122FFF7D9FF013818BF4FF09E
:10083000FF3008BD0369D3F8901048694A68C96958
:10084000121A914204BF002283F84820D3F88C206A
:1008500091681269914204BF002283F84920012067
:100860007047FEE701460068F4F786BF08B5F4F765
:10087000DFFFBDE80840F4F7FFBF0A460121FFF79C
:1008800026BE00210120F4F777BF61B662B680F37F
:100890001188BFF36F8F704772B6002383F31188FE
:1008A000BFF36F8FBFF34F8F30BF62B6BFF36F8F51
:1008B000704772B6002383F31188BFF36F8FBFF3C5
:1008C0004F8F20BF80F31188BFF36F8F62B67047E0
:1008D000202809D9B0F1004F08D80138B0FA80F0CB
:1008E000C0F11F0040007047082070473E2070474D
:1008F00008B5D1E904319847002008BD08B5F5F7DF
:100900003FFD002008BD8170704700207047FFF751
:10091000DEBD036942685B6852681374C3F3072342
:1009200053740020704710B50369C0E905330023F4
:10093000C360837F044613B1407AF7F7F3FA0123CB
:10094000237700236377E377A37710BDFFF7BFBD5D
:10095000FCF7F4BFFDF76AB838B50446F5F7ECFECE
:10096000054660B1037A6BB120460024F7F75EFBC1
:100970002846AC77FFF7D7FF2C72204638BD6FF0C2
:100980001500FBE76FF07700F8E770B504460E46F8
:100990001546F6F77BFC30B906B925B12046BDE80F
:1009A0007040F6F7C9BC70BDC343C3F3C01300F079
:1009B0000F0000EB0310704708B5F6F74BFD81827E
:1009C00008BD08B5F6F746FDEFF31183402282F328
:1009D0001288BFF36F8F02690A60027B2AB9807D9B
:1009E00083F31188BFF36F8F08BD0420F8E710B4BC
:1009F00003460838BFF35B8F50E8002F511C40E8D6
:100A00000014002CF8D1BFF35B8F12B910BCF7F7BC
:100A100093BB6FF00F0210BC9A6570470369C9B2AF
:100A20000C2201FB0233186C00F00700704770B510
:100A3000C9B20369EFF31185402484F31288BFF330
:100A40006F8F0C2606FB0134246C14F0C00408D010
:100A5000A24206D085F31188BFF36F8F4FF0FF30AD
:100A600070BD71430B4401221A6485F31188BFF3F2
:100A70006F8F43680B445B6898470020F0E7802243
:100A8000FFF7D5BFF8B5069F0469C9B2EFF3118629
:100A9000402585F31288BFF36F8F0C2569430C4402
:100AA000256C05F0070CBCF1010F0BD1276486F310
:100AB0001188BFF36F8FC4E90E2343685B589847D2
:100AC0000020F8BD05F0C005AF4286F31188BFF3E2
:100AD0006F8F0CBF6FF077004FF0FF30F1E713B569
:100AE00080240094FFF7CEFF02B010BD10B400695F
:100AF000CBB21C2403FB0400002110BC10470020D3
:100B0000FBF712B8002000F09ABA1046FDF710B8B3
:100B100010B50C4600F029FB0023C4E90003184679
:100B200010BD38B505460C4600F01FFB002D07DB55
:100B3000A84205D9401B84428CBF0020012038BD4B
:100B40000020FCE770B50D462846194616461C469F
:100B5000FFF7E7FF28B921462846BDE87040F7F7C0
:100B600005BF24B122462946304601F019F800207D
:100B700070BD43685B68D3F810350B600020704788
:100B800043685B6802EA010021EA0201C3F8080534
:100B9000C3F80C150020704743685B680020C3F859
:100BA0000815704743685B680020C3F80C15704750
:100BB00043685A68D2F8043521EA03000B40C2F8B2
:100BC0000805C2F80C350020704710B50369586855
:100BD000F8B1884219D19C6808685860A14200D1D8
:100BE0009860002008602AB15A680A609A685960C3
:100BF00002B99960002010E0814206D108682060A7
:100C000098688142EDD19C60EBE7044600680028BB
:100C1000F2D1002AE8D16FF0150010BD13B54FF0E6
:100C200080520829136E526E28BF082112BA009212
:100C30001BBA0C460A466946019300F0B1FF2046F4
:100C400002B010BD30B543681360057A446804EB08
:100C5000C504A34202D36FF0010030BD5C798C4221
:100C600001D00833F0E70020F7E770474368DB6BFB
:100C70000020C2E90030704713B501AA0446FFF70F
:100C8000E1FF002805DB019B226819791868F8F755
:100C900023F902B010BD012973B5044632D146686C
:100CA0000021B06B0025FFF7E7FF2946336801F507
:100CB000AC7253F82230002B0EDB01A80193F8F739
:100CC000BBF9019AD0F80435D34013F001031CBFDF
:100CD00001238B402B43DDB201310429E6D10023EF
:100CE00001206268916A00FA03F22A420CBF0122D5
:100CF0000022D20321F813200133042BF1D100206C
:100D000002B070BD89B945682846FBF799FD2846B1
:100D100000F0B9FA0028FAD0236900221A605A605C
:100D2000A86B0121FFF7A8FFE9E76FF08500E7E76F
:100D3000FFF7CDBB002201210420F5F7E7B810B57D
:100D40000B6813B91360184605E003685C681CB1B2
:100D500014600368186810BD083303600B68013B1A
:100D60000B60EDE713B501AA0446FFF76BFF0028FF
:100D700005DB019B226819791868F8F7ADF802B015
:100D800010BD70B50C460669456839B101290FD10F
:100D90000021286ABDE87040FFF7E4BF96F85D3097
:100DA00023B12846FBF7AAFE86F85D400121F0E753
:100DB0006FF0850070BD03460A460068197901236B
:100DC00003FA01F103691B68194218BF82F001029E
:100DD00012B18368DB68184783681B69FBE710B5AD
:100DE000036804464BB19A683AB1186900F01FFBDA
:100DF000206800210830FFF7DEFFA36933B9636084
:100E000004F11000BDE81040FCF792BE10BD10B513
:100E1000006903688B4206D190F85C4034B9FFF753
:100E2000DEFF204610BD6FF01500FBE76FF00F00EE
:100E3000F8E7F8B50C46054600F094F90022214683
:100E400006462846FBF7BCF903212046F8F70CFDBF
:100E500000F0CFF807462B689B5953B10026214676
:100E6000284600F07DF920460121F8F7FDFC3046C8
:100E7000F8BD00F0BEF8C01B0628ECD96FF0730671
:100E8000EDE7FFF724BB002201212F20F5F73EB844
:100E900010B50B6813B91360184605E003685C6869
:100EA0001CB114600368186810BD083303600B6838
:100EB000013B0B60EDE713B501AA0446FFF7C2FE44
:100EC000002805DB019B226819791868F8F704F8F7
:100ED00002B010BD012970B50C4606D14368D86B2D
:100EE0000021FFF7E8FF002070BD61B90669456881
:100EF00096F85D3023B12846FCF7DCF886F85D40B3
:100F0000E86B0121EDE76FF08500EDE703460A4647
:100F100000681979012303FA01F103691B6819427A
:100F200018BF82F0010212B18368DB68184783683A
:100F30001B69FBE710B504460068D0B18368C3B1F4
:100F400049B101210830FFF7E1FF23681869BDE8C6
:100F5000104000F06CBA12B98388DB0409D4006930
:100F600000F065FA20680021BDE810400830FFF766
:100F7000CDBF10BD10B5012200210446FFF7DAFFF6
:100F8000A36933B9636004F11000BDE81040FCF7B9
:100F9000CFBD10BD10B5006903688B4206D190F833
:100FA0005C4034B9FFF7E6FF204610BD6FF0150036
:100FB000FBE76FF00F00F8E738B5056904462963D1
:100FC00005F12000FCF7B4FD002285F85C202069C3
:100FD0001146BDE83840FFF7ADBF00F150039B005C
:100FE0009BB203F1804303F5883300221A601B682B
:100FF000704708B5F9F74EF808BD036893FAA3F3F4
:1010000018061A0A40EA136002F47F421B021043DA
:1010100003F47F031843704708B5F0F7B9FD0020CB
:1010200008BDFDF7D1BD08B5F4F7BAFAF4F78EFBA9
:10103000BDE80840FDF7C8BD004700F0F8B9FAF771
:10104000E9BCF7B5019001A8DDE9084716461D4641
:10105000FAF7FCFD019BB6F1000C18BF4FF0010C34
:1010600000EB83000B1E18BF0123002D43EA4C0345
:1010700014BF4FF00C0C4FF0000C002C43EA0C0393
:1010800014BF4FF4E06C4FF0000C002F43EA0C0348
:10109000D0F8002714BF4FF4403C4FF0000C43EA57
:1010A0000C0322EA030301B109780EB13678760009
:1010B00019430DB12D78AD0031430CB124782402D1
:1010C00029430FB13F783F040C433C43C0F800472D
:1010D00003B0F0BD1FB50DF10F03019300238DF890
:1010E0000F1000931A461946FFF7ABFF05B05DF8E5
:1010F00004FB08B50146FAF7FBFD40B10846FAF7D4
:10110000DFFD00B2800000F5807080B208BD4FF4B2
:10111000BE70FBE738B5054608460C46FAF7E8FD11
:10112000B0B10846FAF7D8FD90B90846FAF7C8FDFD
:101130002A6801238340C2F808332A6803B202EB0D
:101140008303D3F8102522F00302C3F8102538BD1D
:1011500020460021BDE83840FFF7BCBFFAF74EBE7D
:10116000FFF7D8BF0846FFF7C4BF4FF080531A6996
:101170005869504370474FF08053186970474FF0DB
:1011800080535869704700F180431A68002A1FBFD6
:1011900000221A601B68012008BF002070474FF032
:1011A00080434FF46072C3F8042370474FF08043CC
:1011B0004FF46072C3F80823704708B5FBF7C0F915
:1011C000BDE80840FAF704BD30B502240C72CA60CD
:1011D00004680125C4F80055096879B112F0040FBC
:1011E0000CBF82219221150748BF41F02001D4068F
:1011F000046848BF21F08001C4F800139B00016817
:10120000083312F0800006BF0122CA50C81830BD52
:1012100030B5A2F58075AD080124AC400C4207D072
:10122000815829B10021815082581A6822431A60DE
:1012300030BD13B500230C4601934FF4887201AB07
:10124000FFF7E6FF21464FF48A72FFF7E1FF2146E0
:101250004FF48E72FFF7DCFF21464FF48272FFF7E6
:10126000D7FF21464FF48472FFF7D2FF21464FF497
:101270008672FFF7CDFF4FF48C722146FFF7C8FF4F
:10128000019802B010BDFBF7E9B907B5019001A8BC
:10129000FBF734FB019A01239340C0F8083503B0F3
:1012A0005DF804FB07B5019001A8FBF727FB019A45
:1012B00001239340C0F80C3503B05DF804FB37B54B
:1012C000D0F818358A69DBB28DF807300B6A934283
:1012D0003EBF4A699DF80740D4540B6A91F82450E8
:1012E0000C695A1C0A62023335B1A3428C6938BFBB
:1012F0000B619C4288BF8B610D699D4205D9CA680C
:10130000D35CC0F81C3501200AE08C699C4201D9ED
:10131000CB7FF6E7AA42F6D3A2422CBF00200120E1
:1013200003B030BD70B5A2F58074A408012606FA9A
:1013300004F4054614EA010008D0A85830B1002191
:10134000A950AA581A6822431A60304670BD2DE988
:10135000F341002304460D460193904601AB4FF440
:10136000A672FFF7DFFF4FF4827229462046FFF78F
:10137000D9FF4FF48C72074629462046FFF7D2FF6B
:10138000064630B1B8F1000F1DD017B1D4F83C3586
:101390003E4601AB4FF4887229462046FFF7C2FF54
:1013A00030B1B8F1000F03D016B90FB1D4F83C3505
:1013B00001AB4FF4907229462046FFF7B3FF019826
:1013C00002B0BDE8F0814646E3E707B5019001A809
:1013D000FBF76AFC019A01239340C0F8083503B07B
:1013E0005DF804FB07B5019001A8FBF75DFC019ACD
:1013F00001239340C0F80C3503B05DF804FB70B5D1
:101400004FF4803405688C4073B18B0003F5A073F2
:101410000026EE50EB580368C3F80443036801F557
:10142000A87143F8212070BDC5F80843F6E708B15C
:10143000F4F7EEBF7047704740B1C368587810F0BA
:1014400001001EBF1878B0FA80F040097047EFF332
:101450001183402383F31288BFF36F8FFEE710B52B
:10146000D0E9003433B90020E268537843F0010337
:10147000537010BD204698470028F4D00028B8BF0C
:101480004042E368FF28A8BFFF201870ECE700F097
:10149000AFBB00F085BB70474169836843EA010236
:1014A00012F003020FD1C2600269013A01FB02335C
:1014B00082689A4201D900207047C2681A60426966
:1014C000C3609B1AF4E76FF01500704710B5C0E9D0
:1014D00004320023816083610446FFF7DDFF0028AA
:1014E000A8BFC4E9004410BD2DE9F04105460F46F0
:1014F000EFF31188402383F31288BFF36F8FC66820
:10150000F6B90468A0421BD0D4B1D4E9003213600C
:101510005A60637BA66023F002036373C4E900662C
:1015200004F1180000F03CFA2046A667676100F05D
:1015300070F9414605F10800BDE8F041FCF7B4BE82
:101540003E60AB69EF60013BAB6188F31188BFF38C
:101550006F8FBDE8F08108B54024EFF3118384F369
:101560001288BFF36F8FFFF797F9F6E790F90E3007
:101570008B4201D0FCF74ABE002070470346002092
:10158000C3E90200C3E900337047D0E900321360B9
:101590005A60427B002322F00202C0E9003342730A
:1015A000836070472DE9F843914604469DF820205A
:1015B0000D4600F10807EFF31188402181F31288EE
:1015C000BFF36F8F02B14568A668B74214D09EB1D1
:1015D0003046FFF7DAFF06F1180000F0E1F90023CA
:1015E000B367C6F81490304600F013F93846414608
:1015F000FCF75AFE00200BE0EBB108210020FDF7BC
:1016000097FA38B988F31188BFF36F8F6FF00B002A
:10161000BDE8F8830122C0F804900260016801F07F
:10162000030165B922680A43026062682060002AEB
:10163000DCD16060DAE7C9F800304846EEE72A6896
:10164000032A0BD80160616811B9C4E90000CDE735
:101650000A6802F0030202430A60EAE722F003028A
:101660000A4302602A6802F0030240EA02032B6088
:10167000BCE710B5044630B10268930703D0446854
:1016800009B100F021FA204610BD07B501230093EF
:1016900000230A461946FFF785FF03B05DF804FBF7
:1016A0003AB18A4205D3C0E90212C0E90000002025
:1016B00070476FF015007047026801238B4022EAE3
:1016C0000303036022FA01F000F00100704720B12B
:1016D00000221146883000F028B9704773B50446DF
:1016E000EFF31185402383F31288BFF36F8F00233C
:1016F000A0F11006032104380193FFF7DDFF28B1A4
:10170000A369019301A93046FCF742FB85F31188D8
:10171000BFF36F8F02B070BD38B504460D4610227E
:10172000002100F065FA656038BD13B501900846E8
:10173000EFF31184402383F31288BFF36F8F01A965
:10174000FCF726FB84F31188BFF36F8F02B010BD46
:1017500010B5FFF7EAFF041E08DDEFF31180402308
:1017600083F31288BFF36F8FFCF7B0FD204610BDE6
:1017700038B5302204460D46002100F039FA4FF406
:1017800080736560E36038BDEFF30580003818BFF3
:10179000012070476FF05700704700207047D0E974
:1017A000003213605A600023C0E90033704708B567
:1017B000FFF7F5FF437B23F00203437300238360AD
:1017C00008BD38B504460D46FCF782FC637B43F048
:1017D00002036373E5B1A5602B689D4209D16B6874
:1017E000C4E900531C606C6012E06A689A42F6D04B
:1017F0001B68002BF3D094F90E2093F90E108A4247
:10180000F3D09142F1DD5A68C4E9003214605C60A3
:1018100038BD10B5EFF31184402383F31288BFF372
:101820006F8FFCF70DFC84F31188BFF36F8F10BD31
:1018300008B5EFF31181402282F31288BFF36F8F56
:1018400083680BB1FFF7B3FF81F31188BFF36F8F8C
:1018500008BD10B50146EFF31184402383F31288CD
:10186000BFF36F8F437B13F0280F0AD183680BB14E
:10187000FFF79DFF4B7B23F004034B730846FCF7F7
:10188000DFFB84F31188BFF36F8F10BD012118387F
:10189000FFF7DFBF08B50346EFF31181402282F363
:1018A0001288BFF36F8F0068834207D008B1FFF73B
:1018B0007EFF81F31188BFF36F8F08BD0020F8E72A
:1018C00010B5FFF7B5FFBDE81040183000F068B85C
:1018D00038B504680546AC424FF0000000D138BD71
:1018E000002CFCD02046FFF7EBFF2046FFF791FFCE
:1018F0002C680120A542F1E738B50C460546FCF7F7
:101900008DFDB4F1FF3F08BFB5F1FF3F1FBF47F6A4
:10191000FF7300224FF47A71C0FB01321ABFD80B5B
:1019200040EA42404FF0FF3038BD38B5EFF3118543
:10193000402383F31288BFF36F8F0468A04212D054
:101940009CB1A16762612046FFF731FF04F11800E6
:1019500000F026F82046FCF773FB012085F3118880
:10196000BFF36F8F38BD0020F8E72046F6E710B5CB
:10197000FCF71AFF0446FCF71FFF74B1D4E90432E8
:101980001B1A62EBE072B3F1004F72F1000104DA4E
:10199000002AACBF1846002010BD6FF00040FBE7E6
:1019A00038B50246EFF31185402383F31288BFF365
:1019B0006F8F036893B1FCF7F7FE04461046FCF7FF
:1019C00005FF844204D1FFF7D2FF0021F8F7C6FCDF
:1019D000002085F31188BFF36F8F38BD6FF01500BD
:1019E000F7E708B5FCF7E2FF08BDFCF7DFBFB3F18E
:1019F000FF3F08BFB2F1FF3F70B504461D461646D3
:101A000013D01A4315D06FF00102921B4FF0FF3331
:101A100063EB0501002904DAFCF7C8FF821941EBEA
:101A20000501C4E90021204670BD4FF0FF32114688
:101A3000F7E70022FBE7B3F1FF3F08BFB2F1FF3F3A
:101A4000F8B5074616461C4610D054EA020311D0DA
:101A5000FCF7ACFFB0420A46A14103460AD2F31A92
:101A600064EB0204C7E900343846F8BD4FF0FF3399
:101A70001C46F7E70023FBE70023C0E9081200F14A
:101A80001802C0E90622C0E90033036343637047CC
:101A900010B50446FFF784FFA8B9636A0BB120466E
:101AA000984704F11800FFF7F5FE60B1FFF7B1FEAB
:101AB000EFF31180402383F31288BFF36F8FBDE8EB
:101AC0001040FCF703BC10BD20B1011F50F8040CFE
:101AD00000F04AB8704710B400F10C04C0E90344A8
:101AE00010BCFDF762BF2DE9F04F89B0DDE9126748
:101AF00005463B46914606A832460591FFF777FF1B
:101B0000DDE9063405F1140ACDE90234EFF311845E
:101B10004FF0400888F31288BFF36F8F05F10C0B6C
:101B200005994A462846FDF7CCFE30B184F311886A
:101B3000BFF36F8F09B0BDE8F08F3E43F6D0DDE90B
:101B4000022306A8FFF777FFDDE906675A46CDE9CD
:101B5000006721465046FCF72DFBEFF3118488F314
:101B60001288BFF36F8FDBE738B50446EFF31185BA
:101B7000402383F31288BFF36F8FFDF759FE04F102
:101B80000C00FFF7A5FE30B1294604F11400BDE8B2
:101B90003840FCF789BB85F31188BFF36F8F38BDE0
:101BA0000A44914200F1FF3300D1704710B511F89B
:101BB000014B03F8014F9142F9D110BD884210B595
:101BC00001EB020402D98442234607D8431EA142F6
:101BD00008D011F8012B03F8012FF8E70244014661
:101BE0008A4200D110BD13F8014D02F8014DF7E70C
:101BF00002440346934200D1704703F8011BF9E702
:101C000010B5024601448A42134603D01C780132C3
:101C1000002CF8D1181A10BDF0B5C3F137070446EF
:101C2000FFB203F01F031046082BE6B233D0102B8F
:101C30003ED06508A40844EA817445EAC1752D19AF
:101C40004FEA910242EB5102290941EA02716D18F3
:101C500042EB1212290A41EA02616D1842EB12228C
:101C6000290C41EA02416D1842EB1242AD1842F1D3
:101C70000002EC0844EA4274D10804EB8402A6EBAB
:101C80004205EDB2092D0CD90134A5F10A0541F147
:101C90000001EDB212E0E40844EA417406F00705E1
:101CA000C908303554EA010200F8015BBCD1F0BD2F
:101CB000240944EA017406F00F050909092D84BFBF
:101CC000ED19EDB2EDE7D1E9043293421EBF5A1C83
:101CD0000A611870704700000148006870470000F2
:041CE000801D002043
:081CE40046FFFE7F0100000035
:101CEC00CD630000000000008D860000AC1D0100DB
:101CFC00BDD800000000000071EB000000000000E7
:101D0C00998C0000C41D0100998C0000DC1D0100A1
:101D1C002564000000000000191001000000000004
:101D2C002310010000000000A1530000F41D01006D
:101D3C00058900000000000009A20000000000005E
:101D4C008D38000000000000A963000000000000B6
:101D5C0051550000000000000B0901000C1E010091
:101D6C00271001000000000095EB000000000000AF
:101D7C008D840000241E010059900000541E0100A7
:101D8C00419200006C1E010009990000841E0100A4
:101D9C00918900003C1E0100C56700000000000096
:101DAC0090390100782301007C200100BB04002045
:101DBC006028002000000000373A01009823010041
:101DCC0040200100BF040020CC28002000000000AF
:101DDC00453A0100B023010040200100C10400205D
:101DEC00D828002000000000902F0100EC070020F4
:101DFC0098200100B50400205000002000000000D5
:101E0C00B32901001008002064230100B70400204E
:101E1C00A01D00200000000074390100000000002B
:101E2C001C200100B9040020000000006802002002
:101E3C00133A01000000000028200100BD0400201E
:101E4C000000000000000000CF3A0100C823010090
:101E5C0064200100C3040020E42800207802002044
:101E6C00A13C01003C2401006C200100C5040020B1
:101E7C009802002088020020BB3C0100A82401002D
:101E8C0074200100C704002008030020F802002081
:101E9C00BB11010039100100000000008308010093
:101EAC00000000008308010000000000830801000E
:101EBC0069CC00003910010000000000830801000B
:101ECC0071C2000039100100241E0100E1840000E1
:101EDC0000000000830801000000000083080100DE
:101EEC0000000000830801000000000083080100CE
:101EFC0000000000830801000000000083080100BE
:101F0C0000000000830801000000000083080100AD
:101F1C0000000000830801000000000099A20000EE
:101F2C00000000008308010000000000830801008D
:101F3C00000000008308010000000000830801007D
:101F4C00000000008308010000000000830801006D
:101F5C00000000008308010000000000830801005D
:101F6C00000000008308010000000000830801004D
:101F7C0085C8000039100100000000008308010032
:101F8C00000000008308010000000000830801002D
:101F9C00000000008308010000000000830801001D
:101FAC00000000008308010000000000830801000D
:101FBC0000000000830801000000000083080100FD
:101FCC00000000008308010089780000391001002E
:101FDC0000000000830801000000000083080100DD
:101FEC0000000000830801000000000083080100CD
:101FFC0000000000830801000000000083080100BD
:10200C00000000008308010025D3000039100100F6
:0C201C0055810000AD8200005802000059
:10202800450B0100E98A00003D8A0000658900002F
:08203800110B010055890000A5
:102040002D8D0000730B0100810B0100990B010025
:10205000A50B0100B10B0100998B0000CB0B010017
:04206000000000007C
:08206400D19000006D0C010099
:10206C00759400000F0E0100C19B0000950F01003C
:10207C00E58600007F0A0100DF0A01000000000075
:0C208C001D0A0100000000000000000020
:1020980023080100E953000000000000F55100008A
:1020A800DD070100D5510000790701008307010011
:1020B800B5510000A107010000000000AB070100B6
:1020C8000000000000000000B90701003508010009
:0420D800D507010027
:1020DC00652D0100030000008139010003000000A0
:1020EC00142E010003000000AB39010003000000B6
:1020FC00443D010003000000AC2F01000300000070
:10210C002D3A0100030000002D2E010003000000F9
:10211C00312E010003000000592F010003000000C4
:10212C0054340100030000001F38010003000000BC
:10213C008D3E0100030000006D2F01000300000024
:10214C00DC3A010003000000B6340100030000007B
:10215C00AE3C010003000000C83C0100030000007D
:10216C00D635010003000000103801000300000008
:10217C00F0220100D0010020482F010001000000D6
:10219000903E010000010000D8ECF0F4F8FC0002D1
:1021A000030405060708000000000000000000000E
:1021B0000000000000000000000001010101020217
:1021C00002020303030304040404050505050606CF
:1021D00006080900000000000000000000000000E8
:1021E00000000000000000010101010202020203E0
:1021F000030303040404040505050506060708098E
:102200000A0B0C0D06080801020600100200FA0075
:10221000000000000B1C0000171C00001B1C00002D
:10222000231C0000271C000000C201000000080061
:102230000338FDD870470000541E01000200000062
:10224000002D310100000000541E010001000000BB
:10225000002D310100000000541E010000000000AC
:10226000002D310100000000241E010000010003C8
:1022700000000000000000000A000000DC1D01005A
:1022800008000100DC1D010006000000D80D002040
:1022900000010000F90301009B030100020000009F
:1022A0009505010000000000000000000000000093
:1022B00000000000282F0100302F01000000000066
:1022C0000000000000000000382F01003C2F01003A
:1022D000402F0100442F0100E02201006C16002075
:1022E0001D43000084160020F82C0020010000008F
:1022F0002106010017060100C94200000B0601007B
:1023000000000000FF0501000000000000000000C8
:10231000630801004802002040020020380200202B
:102320000000000030020020B9560000AD5500004A
:10233000015600006156000000000020000000006F
:1023400000000B06020000004C230100000000000A
:10235000A13401002600020200000020A93401007F
:1023600022000B11000000007569000015860000B6
:10237000E585000000000000658700005986000028
:102380009F390100FF0A0100050B0100A53901007A
:102390000400000000FF0000FFFF000000030050E9
:1023A000000000000100000000600040000000008C
:1023B000FFFFFFFF000000500000000000000000D1
:1023C000006000400000000000C00140000000006C
:1023D00000000000000000000000000000000000FD
:1023E0000000000000040000E803020101010000F9
:1023F000982C0020040000000000000000000000F5
:10240000082401000024F40000C00140142401004D
:102410000200000030240100030000002424010019
:102420000301000018800016208000170B800018A0
:1024300018000116200001170B0001180040004091
:1024400000000000000000FF00FF0000000000008E
:102450000000000101000000350D01006C240100A6
:10246000FFFFFFFF000000000000000000400040F0
:102470007824010002000000942401000300000001
:1024800088240100030100001F8000041E80000555
:102490002D8000061F0000041E0000052D00000610
:1024A000000000000000000000F0024000000000FA
:1024B0000048E801000000000000000000000000EB
:1024C000FFFFFFFF0000FF00000000000000000011
:1024D000FFFFFFFF0200000101000000870E010066
:1024E000FFFF0000F424010006000000006000402F
:1024F0000000000000F00240002501000200000082
:102500001C2501000300000010250100030100004C
:1025100011800004148000051680000611000004DC
:102520001400000516000006DC1D01000800010073
:102530000000000000A0004000000000810000003A
:102540000C000000000000000000000000A000409F
:10255000000000007C0000000C00000000000000F3
:102560003E3E01004C3E0100603E01006F3E010016
:102570007B3E0100EC1C0100EC1C0100441D01002D
:102580004C1D0100AC1D0100AC1D0100FF8FFFFFC1
:10259000FF8FFFFFFE8FFFFFFE8FFFFFFD8FFFFF0F
:1025A000FC8FFFFFFC8FFFFF6D757465785F6672AF
:1025B00065652063616C6C65642077697468204E82
:1025C000554C4C20706172616D657465720000003D
:1025D00043616E277420696E697469616C697A65FC
:1025E000206D757465782C20776173204E554C4CA6
:1025F0000D0A0000436F756C64206E6F74206C6F61
:10260000636B20706F7765722073617665206D75DE
:1026100074657800446973706C6179696E672061D4
:102620006E64207472616E736D697474696E672074
:102630006261747465727920737461747573004992
:102640006E66696E6974652070756C73652073744D
:102650006F70706564206279204C45445F4F464638
:1026600000517569636B2077616B657570206465D7
:102670007465637465642C20736C6565702074697F
:102680006D656F757420696E637265617365640052
:102690004C6F6E6720696E61637469766974792C1A
:1026A00020726573657474696E6720736C656570FC
:1026B0002074696D656F757420746F2036302073D7
:1026C00065636F6E64730057616B696E6720757028
:1026D0002064756520746F205350492061637469CC
:1026E000766974790057616B652070696E20696E38
:1026F000746572727570742074726967676572654B
:1027000064202850302E3036290043532070696EE3
:1027100020696E746572727570742074726967676F
:1027200065726564202850302E30382900545820B6
:102730002D3E20442B3A2025642C20442D3A202580
:102740006400455342207772697465207061796C2A
:102750006F6164206661696C656400535049207242
:10276000656164206661696C65642C206572723AEB
:1027700020256400496E6163746976697479206408
:10278000657465637465642E20507265706172694A
:102790006E6720746F20656E746572205379737450
:1027A000656D204F4646206D6F64652E004553428F
:1027B00020697320627573792C2077616974696E62
:1027C000672025642F25642E2E2E0045534220625B
:1027D0007573792061667465722025642072657452
:1027E000726965730053797374656D204F46462096
:1027F0006D6F646520656E74657265640043686121
:102800007267696E6720737461746520747269679A
:1028100067657265643A20566F6C74616765206401
:10282000656C7461202564206D560046756C6C20C3
:10283000636861726765207374617465207472697E
:102840006767657265643A202564206D56004144CF
:10285000432072656164206661696C656420286547
:1028600072723A2025642900496E697469616C6945
:102870007A6564204144432073657175656E6365B4
:1028800020666F72206368616E6E656C202575200E
:1028900077697468207265736F6C7574696F6E20E8
:1028A000257520616E64206F76657273616D706C42
:1028B000696E6720257500524157204144432056D8
:1028C000414C55453A2025642000566F6C74616771
:1028D00065203D202564206D560042617474657248
:1028E00079206C6576656C3A20256425252C205668
:1028F0006F6C746167653A202564206D56004C6FDB
:10290000772062617474657279207761726E696E86
:102910006720616374697661746564004553422081
:1029200054582073746172746564207375636365B1
:10293000737366756C6C79005458202D3E20566F69
:102940006C746167653A202564206D5600466169A4
:102950006C656420746F20726561642062617474B8
:10296000657279207374617475732C20736B697050
:1029700070696E67204C454420616E6420747261FA
:102980006E736D697373696F6E00537461727469ED
:102990006E6720322E3447487A20484944204B65E0
:1029A00079626F617264205472616E736D697474C0
:1029B0006572004849445F300055534220484944FD
:1029C00020646576696365206E6F7420666F756E2E
:1029D00064005553422064657669636520666F75AF
:1029E0006E6420616E642072656164792E004849CE
:1029F0004420726567697374657265642E00466170
:102A0000696C656420746F20696E69742055534247
:102A1000204849442C2065727220256400484944AE
:102A200020696E697469616C697A65642E0046611B
:102A3000696C656420746F20656E61626C652055F9
:102A400053422C2065727220256400555342206544
:102A50006E61626C6564207375636365737366751C
:102A60006C6C792E00486967682D667265717565B2
:102A70006E637920636C6F636B207374617274652D
:102A80006400526164696F20706F776572656420BD
:102A90006F6E00526164696F20706F7765722D6F81
:102AA0006E2074696D656F75742065786365656403
:102AB00065642C20657272202564004553422069AC
:102AC0006E6974206661696C65642C206572722081
:102AD0002564004661696C656420746F20736574B9
:102AE00020626173652061646472657373203000D5
:102AF0004661696C656420746F2073657420707220
:102B0000656669786573004661696C656420746FF9
:102B100020736574205246206368616E6E656C2C6C
:102B20002065727220256400455342205458206667
:102B300061696C656420746F2073746172742C20F9
:102B40006572722025640050574D20696E69746962
:102B5000616C697A65640041444320646576696309
:102B600065206E6F742072656164793A2025730068
:102B7000414443206368616E6E656C2073657475B3
:102B800070206661696C6564202849443A20257587
:102B90002C206572723A202564290057616B6520EC
:102BA0004750494F206E6F7420726561647900460A
:102BB00061696C656420746F20636F6E6669677508
:102BC00072652077616B652070696E202850302E09
:102BD0003036292C20657272202564004661696CAC
:102BE000656420746F20636F6E6669677572652017
:102BF00077616B652070696E20696E74657272759D
:102C00007074202850302E3036292C2065727220A6
:102C10002564004661696C656420746F206164649A
:102C20002077616B652070696E2063616C6C6261F6
:102C3000636B202850302E3036292C20657272208C
:102C40002564004353204750494F206E6F74207213
:102C500065616479004661696C656420746F206306
:102C60006F6E6669677572652043532070696E20C8
:102C70002850302E3038292C2065727220256400AF
:102C80004661696C656420746F20636F6E66696766
:102C90007572652043532070696E20696E74657289
:102CA00072757074202850302E3038292C206572AF
:102CB00072202564004661696C656420746F206130
:102CC00064642043532070696E2063616C6C6261A0
:102CD000636B202850302E3038292C2065727220EA
:102CE0002564004750494F2070696E7320636F6EF2
:102CF0006669677572656420666F722077616B65BF
:102D000020616E642043530053797374656D2069AC
:102D10006E697469616C697A65642C20656E74658E
:102D200072696E67206D61696E206C6F6F7000A1B3
:102D3000A2A3A4A5A6A7A80005010906A1017501E3
:102D40009508050719E029E715002501810295017D
:102D50007508810195067508150025650507190098
:102D600029658100C05452414E534D495454455237
:102D70000028756E7369676E6564292063686172E7
:102D8000202A207573656420666F722025257020C7
:102D9000617267756D656E742E2049742773207299
:102DA00065636F6D6D656E64656420746F2063612B
:102DB000737420697420746F20766F6964202A20F0
:102DC00062656361757365206974206D6179206344
:102DD00061757365206D69736265686176696F728C
:102DE00020696E206365727461696E20636F6E6620
:102DF000696775726174696F6E732E20537472699E
:102E00006E673A2225732220617267756D656E7454
:102E10003A25640063627072696E74665F70616304
:102E20006B616765006C6F6767696E67006C6F67E1
:102E3000006C6F675F6D676D74004D6573736167DC
:102E400065202822257322292064726F70706564C2
:102E500020626563617573652069742065786365B8
:102E60006564732073697A65206C696D6974617437
:102E7000696F6E2028257529004D6573736167653C
:102E80002064726F7070656420626563617573653C
:102E900020697420657863656564732073697A6559
:102EA000206C696D69746174696F6E2028257529BD
:102EB000000D0A001B5B306D00257320005B253080
:102EC000386C755D20005B253032753A25303275DF
:102ED0003A253032752E253033752C253033755D0B
:102EE000200025732F003C25733E200025733A20D7
:102EF00000253032782000202020007C002563004F
:102F0000206D657373616765732064726F7070659F
:102F100064202D2D2D0D0A1B5B306D001B5B313B9A
:102F200033316D2D2D2D20001B5B313B33316D0076
:102F30001B5B313B33336D006572720077726E003C
:102F4000696E6600646267006C6F675F6261636BE5
:102F5000656E645F75617274006C6F675F75617236
:102F60007400616374697665006F666600706D5FFA
:102F700064657669636500000101030100030130A7
:102F800031323334353637383941424344454600CF
:102F9000626F6172645F6364635F61636D5F7561DB
:102FA000727400757362776F726B7100666C617317
:102FB00068002A2A2A20426F6F74696E67206E5259
:102FC0004620436F6E6E6563742053444B20763306
:102FD0002E302E322D383962613132393461633905
:102FE00062202A2A2A0A002A2A2A205573696E6733
:102FF000205A6570687972204F532076342E302E17
:1030000039392D66373931633439663439326320C2
:103010002A2A2A0A006D757465785F696E697420C2
:1030200063616C6C65642077697468204E554C4C04
:1030300020706172616D6574657200436F756C64B8
:10304000206E6F7420616C6C6F63617465206D75A8
:10305000746578206265666F726520696E6974694F
:10306000616C697A696E670072302F61313A202095
:10307000307825303878202072312F61323A202084
:10308000307825303878202072322F61333A202072
:103090003078253038780072332F61343A20203070
:1030A0007825303878207231322F69703A202030FC
:1030B0007825303878207231342F6C723A202030E5
:1030C00078253038780020787073723A2020307874
:1030D00025303878004661756C74696E6720696EBA
:1030E000737472756374696F6E2061646472657362
:1030F0007320287231352F7063293A2030782530BB
:10310000387800556E68616E646C65642049525170
:103110006E3A202564002A2A2A2A2A204255532062
:103120004641554C54202A2A2A2A2A00202053742A
:1031300061636B696E67206572726F720020205543
:103140006E737461636B696E67206572726F720073
:103150002020507265636973652064617461206228
:103160007573206572726F720020204246415220B2
:10317000416464726573733A2030782578002020AA
:10318000496D707265636973652064617461206262
:103190007573206572726F72002020496E737472AD
:1031A000756374696F6E20627573206572726F72D9
:1031B000002020466C6F6174696E672D706F696EB8
:1031C00074206C617A792073746174652070726503
:1031D000736572766174696F6E206572726F7200CA
:1031E0002A2A2A2A2A205553414745204641554C30
:1031F00054202A2A2A2A2A002020446976697369E1
:103200006F6E206279207A65726F002020556E61A2
:103210006C69676E6564206D656D6F72792061639E
:10322000636573730020204E6F20636F70726F634D
:103230006573736F7220696E737472756374696FEE
:103240006E73002020496C6C6567616C206C6F6147
:1032500064206F66204558435F52455455524E20B6
:10326000696E746F205043002020496C6C65676163
:103270006C20757365206F66207468652045505317
:1032800052002020417474656D707420746F206545
:1032900078656375746520756E646566696E6564CE
:1032A00020696E737472756374696F6E002A2A2ABE
:1032B0002A2A204D5055204641554C54202A2A2A6E
:1032C0002A2A002020537461636B696E672065723F
:1032D000726F722028636F6E7465787420617265F6
:1032E00061206D69676874206265206E6F74207656
:1032F000616C69642900202044617461204163632A
:103300006573732056696F6C6174696F6E0020205D
:103310004D4D46415220416464726573733A2030CA
:10332000782578002020496E737472756374696F14
:103330006E204163636573732056696F6C617469B5
:103340006F6E0052657365727665642045786365BB
:103350007074696F6E20280053707572696F757391
:1033600020696E74657272757074202849525120FC
:1033700000535053454C20696E2074687265616437
:10338000206D6F646520646F6573206E6F742069B3
:103390006E64696361746520505350002A2A2A2A9A
:1033A0002A2048415244204641554C54202A2A2A7A
:1033B0002A2A002020427573206661756C74206F84
:1033C0006E20766563746F72207461626C65207222
:1033D0006561640020204465627567206576656ECE
:1033E000740020204661756C7420657363616C61A4
:1033F00074696F6E20287365652062656C6F77292C
:1034000000415243485F4558434550542077697402
:103410006820726561736F6E2025780A002A2A2A57
:103420002A2A204465627567206D6F6E69746F7219
:1034300020657863657074696F6E202A2A2A2A2AAB
:10344000002A2A2A2A2A20257320256429202A2AAC
:103450002A2A2A006D7075004661696C65642074C3
:103460006F20616C6C6F63617465206E6577204DB1
:10347000505520726567696F6E2025750A0050618E
:1034800072746974696F6E2025753A2073616E6974
:10349000747920636865636B206661696C65642E6E
:1034A00000464C4153485F30005352414D5F30005D
:1034B000000001000000736F630044657669636576
:1034C0002064617461206E6F7420666F756E642075
:1034D000666F7220656E64706F696E74202575006A
:1034E0004465766963652064617461206E6F742041
:1034F000666F756E6420666F722063666720257044
:1035000000446576696365206572726F7200446578
:10351000766963652072657365742064657465639C
:103520007465640044657669636520636F6E6E65DB
:10353000637465640044657669636520636F6E66D5
:1035400069677572656400446576696365206469BE
:1035500073636F6E6E65637465640044657669635A
:10356000652073757370656E646564004465766983
:10357000636520726573756D65640066726F6D209A
:1035800073757370656E6400556E6B6E6F776E2029
:103590006576656E74004465766963652064617460
:1035A00061206E6F7420666F756E6420666F722086
:1035B000696E7465726661636520257500556E6875
:1035C000616E646C6564207265717565737420301A
:1035D0007825303278007573625F686964007573AE
:1035E00062645F776F726B71005553424420657659
:1035F000656E7420616C6C6F636174696F6E2066B8
:1036000061696C6564210055534244206576656E9E
:1036100074206D656D6F727920636F72727570744E
:10362000656400556E6B6E6F776E20555342207047
:103630006F776572206576656E74202564006E6F05
:10364000742061747461636865642C204550203077
:103650007825303278206576656E742064726F70DC
:10366000706564006E524620555342442074726166
:103670006E73666572206572726F7220284F5554A2
:10368000293A20307825303278004661696C6564CB
:1036900020746F20616C6C6F6320657674005553E5
:1036A0004244206576656E74207175657565206687
:1036B000756C6C2100556E6B6E6F776E20555342A2
:1036C00044206576656E743A2025686400556E6501
:1036D00078706563746564206576656E7420286E05
:1036E0007266785F75736264293A2025642C2065C0
:1036F0007020307825303278005F65705F737461B8
:103700007475735F676574206661696C65642120F8
:10371000436F64653A20256400696E76616C696464
:1037200020656E64706F696E7420636F6E66696782
:1037300075726174696F6E00696E76616C69642080
:10374000656E64706F696E7420696E6465782F6150
:1037500064647265737300696E76616C6964206578
:103760006E64706F696E7420747970650069736F30
:1037700020656E64706F696E742063616E206F6E79
:103780006C792062652069736F004550206D617807
:10379000207061636B65742073697A65206D757341
:1037A00074206265206120706F776572206F6620DB
:1037B00032005354414C4C20756E737570706F72AB
:1037C000746564206F6E2049534F20656E64706F7E
:1037D000696E7400456E64706F696E742030782570
:1037E000303278206973206E6F7420656E61626C70
:1037F0006564006E524620555342442077726974C6
:1038000065206572726F723A202564000100020320
:103810007573625F6E726678000001010101016ECE
:1038200072665F757362645F636F6D6D6F6E005378
:10383000656C656374656420414443206761696E0B
:10384000206973206E6F742076616C696400536523
:103850006C656374656420414443207265666572DB
:10386000656E6365206973206E6F742076616C6984
:10387000640053656C656374656420414443206152
:1038800063717569736974696F6E2074696D652001
:103890006973206E6F742076616C696400496E767E
:1038A000616C69642073656C656374696F6E206F09
:1038B00066206368616E6E656C73004368616E6E4E
:1038C000656C202575206E6F7420636F6E66696766
:1038D0007572656400414443207265736F6C757442
:1038E000696F6E2076616C75652025642069732090
:1038F0006E6F742076616C6964004F7665727361D7
:103900006D706C696E6720697320737570706F726B
:1039100074656420666F722073696E676C652063DE
:1039200068616E6E656C206F6E6C79004F766572A3
:1039300073616D706C696E672076616C75652025AA
:1039400064206973206E6F742076616C6964005026
:10395000726F766964656420627566666572206957
:103960007320746F6F20736D616C6C202825752F28
:103970002575290061646340343030303730303091
:10398000006164635F6E7266785F73616164630097
:10399000636C6F636B4034303030303030300068EF
:1039A00066636C6B006C66636C6B00636C6F636B5F
:1039B0005F636F6E74726F6C00696E76616C6964C0
:1039C00020616464726573733A2030782530386CF6
:1039D000783A257A7500756E616C69676E6564204A
:1039E000616464726573733A2030782530386C787E
:1039F0003A257A75006E6F7420776F72642D616C52
:103A000069676E65643A2030782530386C783A25DD
:103A10007A7500666C6173682D636F6E74726F6C7B
:103A20006C657240343030316530303000666C6126
:103A300073685F6E7266006770696F403530303052
:103A400030333030006770696F403530303030309F
:103A500030300000010203040506074661696C6509
:103A60006420746F20696E697469616C697A65207D
:103A70006465766963653A20257300496E76616CEA
:103A80006964206368616E6E656C3A2025752E004E
:103A9000496E636F6D70617469626C6520706572E8
:103AA000696F642E005072657363616C6572206685
:103AB0006F7220706572696F645F6379636C6573A0
:103AC000202575206E6F7420666F756E642E0070F1
:103AD000776D4034303031633030300070776D5F57
:103AE0006E726678004661696C656420746F20614F
:103AF0006C6C6F63617465204750494F5445206377
:103B000068616E6E656C20666F722057414B450090
:103B10004661696C656420746F20636F6E666967C7
:103B20007572652057414B452070696E00435320E4
:103B30004750494F20706F72742025732070696E52
:103B4000202564206973206E6F742072656164792A
:103B500000557064617465206578636565647320E1
:103B600063757272656E7420627566666572004870
:103B7000616C662D6475706C6578206E6F7420734F
:103B80007570706F7274656400536C617665206D3A
:103B90006F6465206973206E6F7420737570706F29
:103BA00072746564206F6E202573004C6F6F7062B5
:103BB00061636B206D6F6465206973206E6F742084
:103BC000737570706F7274656400576F72642073E0
:103BD000697A6573206F74686572207468616E20FD
:103BE00038206269747320617265206E6F7420736F
:103BF0007570706F72746564004672657175656E7C
:103C000063696573206C6F776572207468616E20DC
:103C1000313235206B487A20617265206E6F7420D6
:103C2000737570706F72746564004661696C656469
:103C300020746F20696E697469616C697A65206EA1
:103C4000726678206472697665723A202530387819
:103C50000057616974696E6720666F722057414B27
:103C6000452061636B6E6F776C6564676D656E741C
:103C70002074696D6564206F75740054696D656F9B
:103C800075742077616974696E6720666F7220743D
:103C900072616E7366657220636F6D706C657465BA
:103CA000007370694034303030343030300073701D
:103CB000695F6E7266785F73706900737069403413
:103CC00030303266303030007370695F6E72667803
:103CD0005F7370696D004661696C656420746F2064
:103CE000696E697469616C697A65206E72667820A4
:103CF00074696D65722028657272202564290046FA
:103D000061696C656420746F20696E697469616CA7
:103D1000697A65204553422073797374656D207408
:103D2000696D6572004661696C656420746F206915
:103D30006E697469616C697A6520505049000100B0
:103D40000000000065736200677070695F67726FE2
:103D500075705F616C6C6F63206661696C6564206F
:103D6000776974683A2025640A00677070695F6338
:103D700068616E6E656C5F616C6C6F632066616913
:103D80006C656420776974683A2025640A00000035
:103D90000000000101000000000000203030303041
:103DA0003030303030303030303000010000010031
:103DB000000001000000000048616C74696E67201B
:103DC00073797374656D00556E6B6E6F776E2065D9
:103DD00072726F7200756E6B6E6F776E003E3E3E54
:103DE000205A455048595220464154414C20455292
:103DF000524F522025643A202573206F6E20435085
:103E000055202564004661756C7420647572696E76
:103E10006720696E746572727570742068616E6473
:103E20006C696E670A0043757272656E74207468FF
:103E3000726561643A20257020282573290043505B
:103E40005520657863657074696F6E00556E6861A2
:103E50006E646C656420696E74657272757074004E
:103E6000537461636B206F766572666C6F77004B7D
:103E700065726E656C206F6F7073004B65726E6556
:103E80006C2070616E6963006D61696E006F730014
:103E9000737973776F726B7100286E756C6C290083
:083EA0002A666C6F61742A00B0
:103EA80004000020BF1B0000C51B0000C71B00004A
:103EB800ED1B0000CB1B0000F71B0000D11B00000E
:103EC800031C0000D71B0000091C0000E31B0000B6
:103ED800E71B0000D91B0000DF1B0000F31B0000DC
:103EE800FD1B00000000000000001E000000000094
:103EF80000000000000000000000000000000000BA
:103F080000000000000000000000000000000000A9
:103F18000000000000000000000000000000000099
:103F28000000000000000000000000000000000089
:103F38000000000000000000000000000000000079
:103F48000000000000000000000000000000000069
:103F58000000000000000000000000000000000059
:103F68000000000000000000000000000000000049
:103F7800000000000000000000000000F801002020
:103F8800D801002000C20100000008000000000065
:103F98000000000000000000000000000000000019
:103FA8000000000000000000000000000000000009
:103FB800DDE9000000000000000000000000000033
:103FC8002001002020010020EF090100000000006E
:103FD80000000000000000000000000000000000D9
:103FE8004001002040010020000000000100000006
:103FF80050010020500100200000000001000000D6
:1040080000000000000000000000000000000000A8
:104018000000000000000000000000000000000098
:104028000000000000000000000000000000000088
:104038000000000000000000000000000000000078
:104048000100000000000000010200005802030007
:10405800002000000048E801010100000000000005
:10406800000000000000000007FB0000BB03010087
:10407800D82201000000000080500020000000004D
:104088000000000000000000000000000000000028
:104098000000000000040000805400200000000020
:1040A8000000000000000000000000000000000008
:1040B8000000000000040000E95200008000000039
:1040C800C54F000000000000C54F00008000000040
:1040D800880600203A0000009C0600203A000000F4
:1040E800740600203A000000B00600203A000000E4
:1040F80000000000FD0801000000000000000000B2
:10410800B56400008000000080010000000000008D
:104118001D810000000000000000000000000000F9
:10412800970C0100000000000000000000000000E3
:10413800830D0100000000000000000000000000E6
:10414800A024010000000000A8020020A80200200E
:104158000000000001000000B8020020B8020020A2
:104168000000000001000000000000000000000046
:104178000000000000000000000000000000000037
:104188000000000000000000000000006C1E01009C
:10419800000000000000000008000000000000000F
:1041A800D50E010000000000000000000000000023
:1041B8002825010001000000180300201803002032
:1041C8000000000001000000280300202803002050
:1041D80000000000010000000000000000000000D6
:1041E80000000000000000000000000000000000C7
:1041F800000000000000000000000000841E010014
:1042080000000000000000001C2D0020142D0020DC
:104218000100000000000000000000000000000095
:1042280000000000000000000000000000A00040A6
:1042380000000000000000000C000000000000006A
:10424800E7E7E7E7C2C2C2C2E7C2C3C4C5C6C7C878
:104258000805FF020000000000A000400004000064
:104268000000000000000000000000000000000046
:104278000000000000000000000000000000000036
:104288000000000000000000000000000000000026
:104298000000000000000000000000000000000016
:1042A8000000000000000000000000000000000006
:1042B80000000000000000000000000000000000F6
:1042C80000000000000000000000000000000000E6
:1042D80008000000FF0000000000000003000000CC
:1042E800000000003F000000FFFF07004C04002012
:1042F8004C0400200000000001EC0000980400209D
:1043080090040020880400200000000080040020A1
:104318001DED000069EC00009DEC0000E5EC0000DC
:10432800C42A00203A00003AC82A00203A00003A7D
:10433800CC2A00203A00003AD02A00203A00003A5D
:10434800A80400206C0400206404002060040020FD
:054358005C04002008D8
:10435D000000000000000000000000000000000050
:04436D00000000004C
:104374000000000000000000000000000000000039
:104384000000000000000000000000000000000029
:104394000000000000000000000000000000000019
:0843A400000000000000000011
:0443AC00000000000D
:1043B0000000000000000000DDE900000000000037
:1043C0000000000000000000200500202005002063
:1043D000E5200000000000000000000000000000D8
:1043E00000000000000000000000000000000000CD
:1043F000DDE90000000000000000000000000000F7
:104400005805002058050020BD27000000000000CE
:10441000000000000000000000000000000000009C
:104420000000000000000000DDE9000000000000C6
:104430000000000000000000900500209005002012
:104440000921000000000000000000000000000042
:10445000000000000000000000000000000000005C
:10446000DDE9000000000000000000000000000086
:10447000C8050020C8050020252800000000000015
:10448000000000000000000000000000000000002C
:104490000000000000000000DDE900000000000056
:1044A00000000000000000000006002000060020C0
:1044B00019260000000000000000000000000000BD
:1044C00000000000000000000000000000000000EC
:1044D000DDE9000000000000000000000000000016
:1044E000380600203806002061210000000000008E
:1044F00000000000000000000000000000000000BC
:104500005806002058060020004E00200000000041
:0C4510002000000014000000000000006B
:10451C00740600207406002000000000000000005B
:10452C000E00000088060020880600200000000015
:10453C00000000000E0000009C0600209C060020DD
:10454C0000000000000000000E000000B00600207B
:10455C00B006002000000000000000000E0000006B
:10456C00C4060020C406002000000000000000006B
:04457C000E0000002D
:10458000D8060020D806002001000000010000002D
:10459000E8060020E80600200000000001000000FE
:1045A000F8060020F80600200000000001000000CE
:1045B000000000000000000010070020100700208D
:1045C00012010002EF0201404F1B01000004010232
:1045D000030109020000000100C032080B000202C2
:1045E000020000090400000102020000052400107E
:1045F000010524010201042402020524060001072A
:1046000005800310000A09040100020A00000007E7
:104610000580024000000705000240000009040078
:104620000001030000000921110100012200000720
:10463000058003100009040309040E034D6F6E6129
:1046400072640000000000002603413454454348D2
:10465000205472616E736D6974746572000000009D
:104660000000000000000000000000000000220325
:104670003031323334353637383941424344454698
:10468000000000000000000000000000000000002A
:02469000000028
:10469400000000003B0700205B070100CD54000030
:1046A400855200000000000000000000030000002C
:1046B400180200200000000075070020070901000F
:1046C40019650000E565000000000000796600003F
:0846D40001000000600200205B
:0446DC0015E015E0F0
:0400000300005D1D7F
:00000001FF
