:020000022000DC
:10600000402700200D720200B3C40200F9710200A3
:10601000F9710200F9710200F9710200000000003C
:10602000000000000000000000000000E972020013
:10603000F971020000000000DD740200F971020035
:1060400055750200AD8E02005575020055750200AF
:106050005575020055750200557502005575020010
:106060005575020055750200B18B0200557502008E
:1060700055750200557502005575020055750200F0
:1060800055750200557502005575020055750200E0
:106090004D8F0200557502005575020055750200BE
:1060A00055750200557502005575020055750200C0
:1060B00055750200557502005575020055750200B0
:1060C00055750200557502005575020055750200A0
:1060D0005575020055750200557502005575020090
:1060E0005575020055750200557502005575020080
:1060F0005575020055750200557502005575020070
:10610000014B1B685B68184700000020014B1B68AF
:106110009B68184700000020014B1B681B6918474B
:1061200000000020014B1B685B691847000000203D
:10613000014B1B689B69184700000020014B1B683E
:10614000DB69184700000020014B1B681B6A1847D9
:1061500000000020014B1B689B6A184700000020CC
:1061600030B4044C9DF8085024680295E468A446B5
:1061700030BC6047000000209F630200A56302005E
:10618000A7630200CD630200AB630200D763020085
:10619000B1630200E1630200B7630200ED63020035
:1061A000C3630200C7630200B9630200BF63020059
:1061B000DD630200E763020030B50346114890F941
:1061C0001C209A4219DD90F924209A4217DA9A1A73
:1061D000846AA05C0C4A15569D420DD00E320029EF
:1061E00018BF01309442C0B206D129B1013BDBB2E5
:1061F000012B01D80130C0B230BD0D20FCE70020DA
:10620000FAE700BF28040020D0E5020008B5054BDE
:1062100093F91C30984203DAFFF7CEFF024B1B566E
:10622000184608BD28040020D0E5020008B5184B28
:1062300093F82C20FAB9012283F82C20154A126811
:10624000A2F10800082803D813490141C90709D55C
:10625000911F092910D9013212D04FF4DF71742037
:1062600000F034F80D4A9A62D8221A6283F824208A
:1062700008229A611A7708BD094A0A41D207ECD46C
:10628000084A9A62D8221A6283F824200422F0E78E
:1062900028040020D8050020DEFEFFFF0BE60200E8
:1062A000EEFCFFFFDEE50200BFF34F8F0549064B12
:1062B000CA6802F4E0621343CB60BFF34F8F00BFA4
:1062C000FDE700BF00ED00E00400FA051FB572B65F
:1062D000134B5D6895B9FFF7E7FF2346B2FBF6F273
:1062E0005C1C002AF9D104AEDCB256FA83F303F841
:1062F0000C2C0A2234B901A8A847ECE70246002377
:106300000A26EDE7631E04AEDCB256FA83F3B0FB57
:10631000F2F602FB1600303003F80C0C3046E9E7C9
:10632000A00500204FF08052034BD2F830111960C5
:10633000D2F834215A607047D805002053B94AB9C1
:10634000002908BF00281CBF4FF0FF314FF0FF307D
:1063500000F00CB8ADF1080C6DE904CE00F047F880
:10636000DDF804E0DDE9022304B07047704700BFA8
:1063700008B5FFF7D7FFBDE80840FFF757BF801A01
:1063800000F3070038B540B20D4659B21446FFF786
:106390003DFF002328706B70204440B238BD0023BD
:1063A000036070477047002070474FF0FF30704720
:1063B0004FF0FF30704770474FF0FF3070470020BC
:1063C0007047002070470023037070479DF800302D
:1063D0000022FFF7D4BF4FF0FF3070470020704716
:1063E0004FF0FF3070474FF0FF30704770472DE996
:1063F000F0478C468E46089E154604461946002BEB
:1064000040F0D080724547D9B2FA82F74FB1C7F158
:1064100020030EFA07FC20FA03F3BD4043EA0C0CFC
:10642000BC404FEA154EA8B2BCFBFEF8230C0EFB95
:1064300018CC08FB00F943EA0C43994528D9EB181E
:1064400008F1FF3204D2994502D9A8F102022B4487
:10645000A3EB0903A4B2B3FBFEFC0EFB1C330CFB45
:1064600000F044EA0344A04214D92C190CF1FF3384
:1064700004D2A04202D9ACF102032C44241A43EA0C
:1064800002401EB1FC40002334607360BDE8F08719
:106490004246DDE76346F1E7002A79D0B2FA82F39B
:1064A000002B3FD01946C1F1200302FA01F52EFA64
:1064B00003F20EFA01FE20FA03F343EA0E034FEA59
:1064C000154E00FA01F4B2FBFEFCAFB20EFB1C202D
:1064D0001A0C0CFB07F842EA004290455AD9AA1858
:1064E0000CF1FF3004D2904502D9ACF102002A44ED
:1064F000A2EB08029BB2B2FBFEFC0EFB1C220CFBC3
:1065000007F743EA02439F4246D9EB180CF1FF32EA
:1065100004D29F4202D9ACF102022B44DB1B42EAB7
:10652000004202E0AEEB020301224FEA154EAFB289
:10653000B3FBFEFC200C0EFB1C330CFB07F840EAFF
:10654000034398452AD9EB180CF1FF3004D2984543
:1065500002D9ACF102002B44A3EB0803A4B2B3FBB5
:10656000FEFC0EFB1C330CFB07F744EA0344A74276
:1065700016D92C190CF1FF3304D2A74202D9ACF181
:1065800002032C44E41B43EA00400F46114678E71F
:106590001F2188E76046ABE76246BFE76046DBE75E
:1065A0006346EFE7734506D916B9002108466DE743
:1065B000C6E9000EF9E7B3FA83F787B9734501D34B
:1065C000824207D8841A6EEB030301209C461EB951
:1065D00000215BE73846FAE7C6E9004CF8E7C7F167
:1065E000200CBB4022FA0CF51D4320FA0CF12EFAC8
:1065F0000CF30EFA07FE41EA0E014FEA154900FAC4
:1066000007F4B3FBF9F81FFA85FE09FB18300B0CF1
:1066100008FB0EFA43EA00439A4502FA07F240D912
:10662000EB1808F1FF3004D29A4502D9A8F1020014
:106630002B44A3EB0A0389B2B3FBF9F809FB183327
:1066400008FB0EFE41EA03418E452CD9691808F17A
:10665000FF3304D28E4502D9A8F10203294443EA4C
:106660000040A0FB0298A1EB0E014145CE464346F7
:1066700002D306D14C4504D2B9EB020E68EB0503F8
:106680000138002EA4D0B4EB0E0261EB030101FA35
:106690000CFC22FA07F34CEA0303F940C6E9003187
:1066A00096E74046C5E74346D9E700002DE9F043A9
:1066B00087B04E48DFF838814FF0FF324FF0FF339C
:1066C00004F052FE00264B480022002369466C4627
:1066D00004F0F2FC48B99DF80230012B2DD194E86A
:1066E000070006AB03E9070026E0EFF3118740231C
:1066F00083F31288BFF36F8F98F800504DB13E4A74
:10670000106851686B4603C390681860002388F8CE
:10671000003087F31188BFF36F8F75B9002E48D012
:1067200034484FF480420023214604F0C5FCB8BB36
:106730009DF80230012BD2D00126304F304D314828
:106740004FF0000904F036FEBFF35B8F57E8003FBF
:1067500047E80092002AF9D1BFF35B8F03F032F9CA
:106760000C232B70234603CB274A85F80190106039
:1067700018689060501F85F80390516003F02EF860
:1067800050B920484222002304F0EEFD20B31F48F8
:1067900005F0DBFC03F016F9642007F064FBCEE79C
:1067A00006AB13E9070084E80700194805F0CDFCA3
:1067B000C2E74FF0FF3221464FF0FF330D4804F09F
:1067C0007BFC9DF80230012B01BF94E8070006AD69
:1067D00005E907001E46B0E7BFF35B8F3B68BFF3D8
:1067E0005B8F002B7FF46FAFD6E700BF080400205B
:1067F00040100020E003002041100020B4080020D9
:106800007210002018040020771000209C0800203F
:10681000980800207FB50378012B21D0022B08D1E6
:10682000294C2A4E651D284803F082F830B304B085
:1068300070BD002BFBD1BFF35B8F254B012253E8CA
:10684000001F43E800200028F9D1BFF35B8F2148E7
:1068500005F07BFC204804B0BDE8704004F050BD5A
:106860001B4BBFF35B8F002253E8001F43E800205F
:106870000028F9D1BFF35B8F1848E9E723780C2B88
:10688000D1D12868696801AB03C3A868186063792F
:106890005A2BC8D1A379032BC5D1EFF31182402322
:1068A00083F31288BFF36F8F40F25A33ADF8043090
:1068B00001AB03CB306018687160B06082F311885F
:1068C000BFF36F8FAFE700BF4D10002074030020AF
:1068D000B4080020A408002018040020A00800200C
:1068E000F0B58FB0654807F0DAFA002800F0C280F2
:1068F000634A012313801372624BD3600C235374D9
:1069000040F201130824538210465F4B9472536087
:1069100002F05AFE002840F0AF805C4803F084F893
:10692000002840F0A9805A4803F098F8002840F069
:10693000A3805848214603F0A9F8002840F09C8025
:10694000502003F0C9F8002840F096805248534D7B
:1069500004F0D6FC494B9E68EFF31182402383F389
:106960001288BFF36F8F286869680BAB03C3A868F0
:10697000186082F31188BFF36F8F0C220BAB08AC49
:10698000CDE9044200930192012304AACDE9062334
:10699000039300230893CDF808D0C4E9013340499C
:1069A0003768364806AB02AAB8470C2803D03D48E2
:1069B00005F0CBFBD0E79DF82030A52BF7D19DF853
:1069C0002130032BF3D19DF82230013B032BEED86D
:1069D000354805F0BAFB9DF82230032B1FD19DF8F6
:1069E0002430012B0FD102F0D1FD4FF0A0422F4BEC
:1069F000D2F858170B4043F4403343F00C03C2F86D
:106A0000583705F01BFC032BA6D029480022002391
:106A1000214607F0D8FA00289ED02648C8E7042B64
:106A2000F3D19DF82430642BC1D89DF82530042B78
:106A3000BDD89DF82930DA07B9D50F2BB7D89DF806
:106A40002A309DF82B201343B1D1EFF3118240235C
:106A500083F31288BFF36F8F03CC174B1860206845
:106A600059609860154B0121197082F31188BFF3AA
:106A70006F8F71E76FF012000FB0F0BD8CE3020072
:106A800004000020C20101001568020000E90200B4
:106A9000FCE80200F4E8020008040020740300206F
:106AA00058E60200AC080020B0080020F0F8FCFF17
:106AB000E0030020A8080020411000204010002022
:106AC00080B505460E461746984604F02DFF03464E
:106AD00000F052FDDFF81890044649F800304246B5
:106AE00030463946A84754F8090000F0E1FC00BFE1
:106AF000080000002DE9F047058B044628071746DB
:106B00000CD501290CBF45F0100545F02005258363
:106B100087F31188BFF36F8FBDE8F087022905F076
:106B2000070540F09480204605F095FB052864D8C1
:106B300001A353F820F000BF116B02004F6C02005C
:106B4000FB6B0200BD6B0200D76B0200E96B020019
:106B500001F007035A1F012A1FD8002221F0070164
:106B6000062BD4F8008089B2C4E9002209D143463B
:106B700003E0628B013262831B68002BF9D141F084
:106B800002012183204605F066FB4FF00009002832
:106B90006DD041F02001218369E0042B0AD121F05E
:106BA000070189B22183204605F055FB10B141F061
:106BB000200121834FF00008C14658E02369D3F833
:106BC0000090238B23F0070343F0060323834FF049
:106BD000000846464BE02369D3F80490238B23F04A
:106BE000070343F00403F1E72369D3F80890238BEC
:106BF00023F0070343F00503E8E74FF00008C14620
:106C0000E7E7012243F00803238387F31188BFF3EA
:106C10006F8F002A3BD1B8F1000F4AD1B9F1000FB4
:106C200002D02D492046C847EFF31187402383F354
:106C30001288BFF36F8F238B23F008039BB223834B
:106C4000D9063FD523F01002228303F007056669B9
:106C5000218B002EBFF67CAF0023D4F8008021F0FA
:106C60000701C4E9003341F0010121839946238BD8
:106C700003F0070AAA4502D0A268002AC1D1B8F1E0
:106C8000000F02D1B9F1000FDAD00022BAE7A168F3
:106C90000029C0D00D680029BDD04F683346524648
:106CA0002046B8471DB12B6829461D46F3E72B4601
:106CB000FAE74146334652462046D8F8008005F0B0
:106CC000F6FAA8E79A067FF523AF23F02002228385
:106CD00003F0070527E700BFDBC20200014B03609A
:106CE0000020704774E60200014805F0CDB800BFEF
:106CF00074E6020038B5044618B90F4B0F485B68BC
:106D000098476168B1F5683F10D0B1F5680F0DD0B4
:106D10000B4DA9420AD011F46861206807D00146E2
:106D2000084807F001F900232360656038BD14228C
:106D300007F07FFAF9E700BFF402002014E902002F
:106D40002C5F5CA9B80D002008B520B34368B3F5EB
:106D5000683F10D101220368BFF35B8F53E8001F27
:106D6000002903D143E800200028F7D1BFF35B8F4F
:106D70000DD1002008BD094A93420AD000684FF0A7
:106D8000FF324FF0FF3304F0F9F90028F1D0044846
:106D9000F0E70448EEE76FF4E040EBE72C5F5CA916
:106DA000E98FFFFFEA8FFFFF08B5D8B14368B3F55D
:106DB000683F10D100220368BFF35B8F53E8001FC8
:106DC000012903D143E800200028F7D1BFF35B8FEE
:106DD0000BD1002008BD074A934208D0006804F098
:106DE0003FFAF6E76FF4E040F4E70348F2E70348C0
:106DF000F0E700BF2C5F5CA9E98FFFFFEA8FFFFF80
:106E000010B5044618B91D4B1D485B689847636868
:106E1000B3F5683F2FD0B3F5680F2CD0194A9342D1
:106E200019D1236803BB18484FF0FF324FF0FF33EE
:106E3000214604F0AFF808B923681BB90F4B13487B
:106E40005B68984720681422002107F0F2F94FF49C
:106E50006863636008E0B3F5680F0DD83A2B03D080
:106E600040F6BA629342DED1206807F0BBF863684F
:106E700043F03A03636010BD054AF3E7F4020020D3
:106E800014E902002C5F5CA9B80D00203AE9020069
:106E90003A00003A08B5064906484023142207F094
:106EA00036F8BDE808400449044805F05FB800BF63
:106EB000B8080020B80D00207CE6020090E6020031
:106EC00008B50348034A0021121A05F0E4FA08BD88
:106ED00028040020401300200748084A084908B544
:106EE000121A05F0DAFA0748074A0849BDE80840CF
:106EF000121A05F0D2BA00BF0000002028040020BA
:106F000048EA0200000000200000002048EA0200D9
:106F100030BFFFF7FDBF00BF2DE9F0410B4EDFF89A
:106F2000308006EB0807CC1B05463246094920464F
:106F300007F071F9A01942460021083C07F079F9E1
:106F40002C6707F10800BDE8F08100BF00000000D9
:106F500004000000D0E5020070B5264B15469A6A81
:106F600012F0100F9A6A14BF1124102412F0080FA7
:106F70009A6A18BF1224920706460AD5586B9A6A75
:106F8000140634D519B19A6A22F080029A62132449
:106F900001E06FF01500174B9A6A12F0010F9A6A20
:106FA00018BF142412F0200F9A6A18BF1524D206B5
:106FB00002D49B6A9B070AD50E4B5B68190506D560
:106FC000314600F02BFA10B180F309880224094BF6
:106FD0009A6A920642BF5A6A22F400525A629A6A28
:106FE00042F0FF029A6200232B70204670BD6FF0C2
:106FF0001500CCE700ED00E0134B9A6A12F0007F19
:107000009A6A14BF1E201D2012F0807F9A6A18BF52
:107010001F2012F4002F9A6A18BF212012F4802F2B
:107020009A6A18BF222012F4003F9A6A18BF2320E0
:1070300012F4803F9A6A6FEA02426FEA12429A6241
:1070400018BF2420704700BF00ED00E010B5184BBA
:107050000246986A9C6A10F4805F14BF17201620BD
:1070600014F4006F9C6A18BF1820A40508D5986A0C
:10707000000404D51AB19A6A22F400429A621920D7
:107080000B4B9A6A12F4806F9A6A18BF1A20D205C5
:107090000CD49B6A13F4005F18BF1C20044A936A47
:1070A00043F47F43936200230B7010BD1B20F5E770
:1070B00000ED00E0F0B5494B5B688BB00446C3F3CC
:1070C0000803002585F31188BFF36F8F02F07F401E
:1070D000B0F17F4F11D102F00C0008280DD010073D
:1070E0004CBF0C4601250022033B8DF80720032BE3
:1070F00005D8DFE803F024686C652C46F3E700232D
:107100009DF80720CAB902AE04F120072068616823
:10711000324603C20834BC421646F7D1099A002D04
:1071200059D0C2F3080121B96FEA52226FEA422214
:10713000099202A9184605F0B2F90BB0F0BD274B31
:10714000DA6A9107DBD4DA6A002AD8DBDA6A5200FD
:10715000D5D55A69A16942F480725A61BFF34F8F45
:10716000BFF36F8F31F8022C596921F48071596196
:10717000BFF34F8FBFF36F8F02F47F43B3F55F4FC1
:1071800004D1D2B2022A01D12368B9E7134B9A6A1B
:10719000D2B23AB10DF1070201212046FFF7DCFE21
:1071A0000346ADE79A6A12F47F4F05D00DF107014F
:1071B0000120FFF74BFFF3E79B6AB3F5803F9ED3B7
:1071C000FFF71AFFECE70DF107020021E5E70DF1EB
:1071D00007010020EDE76FF30802A9E700ED00E0EA
:1071E000044B5A6942F010025A615A6922F00802AF
:1071F0005A61704700ED00E0EFF30880EFF309817A
:1072000001B57246FFF756FF01BD00BF002080F3B5
:107210001488BFF36F8F0F4880F3088802F06CFF6B
:1072200000200D490860BFF34F8F00F02BF840207D
:1072300080F3118809484FF40461401880F30988ED
:10724000EFF314800221084380F31488BFF36F8F9B
:1072500000F0B4F84027002094ED00E080190020F1
:107260000749D1F890200023C2F307221846934221
:1072700000DB7047C1F89830C1F8A0000133F6E791
:1072800000ED00E008B572B6002383F31388FFF722
:10729000E7FF144B4FF0FF32C3F88020C3F884207F
:1072A000C3F88820C3F88C20C3F89020C3F894203A
:1072B000C3F89820C3F89C20C3F88021C3F8842128
:1072C000C3F88821C3F88C21C3F89021C3F8942116
:1072D000C3F89821C3F89C2162B6BFF34F8FBFF368
:1072E0006F8F08BD00E100E01EF0040F0CBFEFF34C
:1072F0000880EFF30980816911F8021C0229FFD090
:1073000001B5724605F0D1F801BD00BF40B20028BA
:1073100007DB044A4109012300F01F00834042F8C3
:107320002130704700E100E040B200280CDB430947
:10733000064900F01F0020330122824041F823203B
:10734000BFF34F8FBFF36F8F704700BF00E100E0C6
:10735000054B420900F01F0053F82220012303FAD5
:1073600000F01040704700BF00E100E040B2D307DA
:1073700054BF023100210028ACBF00F16040074A31
:107380004FEA4113ACBF00F5614000F00F00DBB2E3
:10739000B4BF135480F80033704700BF14ED00E011
:1073A000044B054A23F07F039360BFF34F8FBFF375
:1073B0006F8F70470060020000ED00E008B5FFF736
:1073C000EFFF074AD2F8883023F47003C2F8883000
:1073D000FFF776FDFFF780FD00F0B0F803F060FDE9
:1073E00000ED00E042F8203C009B42F81C3C0A49BA
:1073F000019B42F8183C029B42F8143C21F0010129
:107400004FF0807342F8043C42F8081C0023203AF5
:1074100002654367704700BFC16A0200094A03461C
:10742000906870B113F1160F006E05D0A0F1400204
:10743000934205D3834203D2814228BF0020704784
:1074400000207047CC0F002008B515460B4A0C4BA6
:107450009060026F1A600E4600F0A0F82C4686F38A
:1074600009880020034B9847204600210022002372
:10747000014C2047CFC40200C16A0200CC0F00209B
:10748000D40D0020014B10221A61704700ED00E07E
:10749000054B5A699B689A421FBF044A536843F0E0
:1074A00080535360704700BFCC0F002000ED00E018
:1074B000084B9B6883420BD1EFF3058343B1064B26
:1074C0005A6842F080525A605A6A22F400425A6264
:1074D00004F030BACC0F002000ED00E014498A68B7
:1074E0004FF030001044EFF3098C80E8F01F40208B
:1074F00080F31288BFF36F8F0E4F4FF000664A691A
:107500008A603E60106F0C4C2060506F0023536700
:1075100080F3118804B5104600F040F8BDE804403F
:1075200002F1300090E8F01F8CF3098870470000EA
:10753000CC0F002004ED00E0D40D0020044800230F
:107540004021C2180133302B82F80013F9D1704763
:1075500000E100E008B5EFF30583064A103B02EBBB
:10756000C30152F8330049688847BDE80840FFF777
:107570008FBF00BFACE30200014800687047000005
:10758000D40D0020024B034A0348012100F076B8D5
:107590000000042000000020A0E60200036E054A5F
:1075A000403B1360044B4021C2E901131046012106
:1075B00000F06EB8D80D002000000B15084AC2F884
:1075C00098000B6823F01F03034343F01003C2F835
:1075D0009C308B6843F00103C2F8A030704700BFB5
:1075E00000ED00E02DE9F043DFF8608085B00E4645
:1075F0001F4604464FF00009B14523DA6068D8B150
:107600003FB1411E08421BD11F2819D923681942D6
:1076100016D12368019304F07DFFA368034303930D
:10762000D8F89050C5F30725D0B2013DA84207D83D
:1076300001A9FFF7C3FF421C09F101090C34DBE784
:107640006FF01502104605B0BDE8F08300ED00E0D4
:10765000044B0522C3F89420BFF34F8FBFF36F8F05
:10766000704700BF00ED00E0BFF35F8F024B0022C8
:10767000C3F89420704700BF00ED00E010B5034C44
:1076800001232278FFF7AEFF207010BD9710002075
:1076900008B50B4A00231278FFF7A4FF10F1160F6C
:1076A00007D0084A0021D2F89030C3F3072398424C
:1076B00000DB08BDC2F89800C2F8A0100130F2E764
:1076C0009710002000ED00E02DE9F0435A4B5B4D90
:1076D000D3F890302C68C3F307239C4285B000F2A6
:1076E000A780FFF7C1FF00200C2684421AD1544E18
:1076F000DFF8449134706846FFF7F0FA514C524D70
:1077000080460027B84514D133784B490020D1F882
:107710009020C2F307229342C0F28480FFF798FFC3
:10772000002045E0696806FB0011FFF747FF0130C4
:10773000DBE7009800EB07114FEA071CCB682340FA
:10774000B3F5000F4DD00AD8B3F5001F33D0B3F511
:10775000800F3BD0B3F5801F13D00137D2E7B3F1D0
:10776000007F47D0B3F1805F4DD0B3F1807FF4D17B
:1077700050F80C3088684A6804F0CCFE40F08870FD
:1077800009E050F80C3088684A6804F0C3FE40F005
:10779000885040F43020CDE901230390D9F890308F
:1077A0003078C3F30723013B984234D96FF01500BA
:1077B00005B0BDE8F08350F80C3088684A6804F0E2
:1077C000A9FE40F0885040F40020E4E750F80C3067
:1077D00088684A6804F09EFE40F0007040F4003073
:1077E000D9E750F80C3088684A6804F093FE40F0FE
:1077F0008270D0E750F80C3088684A6804F08AFE3E
:1078000040F48020C7E750F80C3088684A6804F0DC
:1078100081FE2843BFE701A9FFF7D0FE337801338B
:1078200033709AE7C1F89830C1F8A00001336EE7D1
:107830004FF0FF30BCE700BF00ED00E0ACE6020017
:10784000971000200000F0FF0000021108B5064963
:10785000064821F00701C1F1005202F5802204F030
:10786000ACFC002008BD00BF87330020E40D0020E1
:10787000024B0122C3F840250020704700E0014080
:1078800048B1054B054A1B68B3FBF2F35843044B60
:1078900043F0010318477047E002002040420F0008
:1078A00050E6020008B5054A054B136010463F2319
:1078B000536002F027FD002008BD00BFF00D00203E
:1078C000FFFF0700084B70B5C31A0D4607499B1010
:1078D000044659430648402204F046FE2B46014622
:1078E0002046BDE8704018470C0E0020B76DDBB68F
:1078F000CCE2020073B50C4C0C4A4023041B0093ED
:107900000D460B460A49A41061430646094804F097
:1079100056FE014628B130462B4602B0BDE8704005
:10792000184702B070BD00BF0C0E00202DC602002B
:10793000B76DDBB6CCE202000022F8B501210546A6
:107940001046FFF713FD104802F00AFD0446B8B9CF
:1079500002F026FD2F690D49384604F0CBFC031ECA
:1079600009DB01263E642D69084905F11C0004F07D
:10797000C1FC031E02DA1C462046F8BDEE64FBE79C
:107980006FF00404F8E700BFB97A0200CCE6020009
:107990001FB500220123CDE902236C46074A6B463E
:1079A000CDE9004404F03BFE28B94FF480420023A7
:1079B000684603F0D9FC04B010BD00BF3FC602000A
:1079C00010B5EFF31184402383F31288BFF36F8F58
:1079D000074A136823F00201DB07116002D401207B
:1079E00005F083FB84F31188BFF36F8F10BD00BFD8
:1079F0005C0E002030B4104B0C2202FB0033014619
:107A00000020D3E90E529863EFF31180402484F3F1
:107A10001288BFF36F8F1C6C04F0C00444F00204A2
:107A20001C6480F31188BFF36F8F1DB12B46034890
:107A300030BC184730BC70470C0E0020CCE202006E
:107A400010B4EFF31180402282F31288BFF36F8FDE
:107A500017490B6843F0020413F001030C601AD0BD
:107A60004FF08043D3F80C14D3F80C3413F0010317
:107A700011D0EFF3118182F31288BFF36F8F0D4A9B
:107A8000136C03F0C00343F00203136481F3118805
:107A9000BFF36F8F012380F31188BFF36F8F1BB18A
:107AA00010BC0020FFF7A6BF10BC012005F015BBDD
:107AB0005C0E00200C0E002010B1012804D070478D
:107AC000034B1B6C5B0701D1FFF794BF704700BFEE
:107AD0000C0E0020024AC3B21C2000FB032070479A
:107AE0000C0E00202DE9F0413849BFF35B8F804632
:107AF000012251E8003F41E800200028F9D1BFF3FE
:107B00005B8F33B9324933484B60CB608A6004F0F5
:107B100004FC08F1FF33012B4BD8B8F1010F07D15A
:107B20004FF08043D3F81C3403F00303012B40D003
:107B300006F06BFA054658B1EFF31186402383F344
:107B40001288BFF36F8F0125234F4FF080441EE052
:107B5000224B1B78002BEFD04FF080430222C3F85A
:107B600008230646F0E735B3304604F0C4FCD4F8E9
:107B7000183563B9D4F804214AB1C4F80431D4F8F3
:107B800004310123C4F81835C7F88031A360D4F854
:107B90001824D4F81834D203E5D503F00303012BDD
:107BA00002D0B8F1010FDED155B186F31188BFF3D1
:107BB0006F8FBDE8F0810021212006F09AFAD6E708
:107BC0004FF080430222C3F80423F2E7080E00209E
:107BD000F80D0020280E002000E100E03E130020F8
:107BE000024B0B6001231360704700BF600E002042
:107BF00000487047E8E6020010B501221146064829
:107C0000064C06F0F6F905F086FD206005F07FFDD4
:107C10006060002010BD00BF680E0020600E0020D4
:107C20004FF08042D2F81015D2F8103501F01E0145
:107C300023F01F030B4343F00103C2F81035024B3E
:107C400000221A70704700BF981000204FF0805338
:107C5000D3F83031082B20D14FF08042D2F81015E4
:107C6000CB071AD5D2F8103501F01E0123F01F03FF
:107C70000B43C2F81035D2F808315BB1D2F8103599
:107C800023F01F030B4343F00103C2F810356FF0DC
:107C90008B007047024B01221A700020704700BF12
:107CA000981000202DE9F0410D46164605F02FFDF5
:107CB00031460746284604F0D2FC78B3B5FBF7F30B
:107CC00007FB135353BBB6FBF7F407FB14642CBB41
:107CD000B7421DD84FF0FF324FF0FF331148DFF8A5
:107CE000488003F041FB05F012FD0746FFF7AEFFA9
:107CF000044680B9284602F0EFFD98F800300BB139
:107D0000FFF78EFFF61B3D44F0D1064803F0F8FA6A
:107D10002046BDE8F0816FF08B04F6E76FF01504A4
:107D2000F6E700BF680E0020981000202DE9F84308
:107D30000E463046194617461C4604F090FC88B3A0
:107D400046EA040515F003052CD1BCB11748DFF84D
:107D500060904FF0FF324FF0FF3303F005FB24F04B
:107D60000304AC4206EB05080BD1124AD2F80034EA
:107D7000DB07FBD500240D4803F0C2FA2046BDE81E
:107D8000F883FFF763FF50B97959404602F0C0FD10
:107D900099F800300BB1FFF743FF0435E1E76FF0CE
:107DA0008B04E8E76FF01504E8E700BF680E0020D9
:107DB0009810002000E0014070B546680546B068A4
:107DC00090B105F041FC014670B9B06805F020FCA7
:107DD000044678B902460949B06805F003FC22461A
:107DE00005210620FFF7C2FA28460549BDE8704084
:107DF00004F02DBB6FF0040070BD00BF897F02004E
:107E000055C702002DE9F043476840F20636D00618
:107E10003B7C87B002EA060654BFC2F3401C4FF019
:107E2000030C01F01F05B6F5837F144645EA4315A0
:107E30008DF803C044D00DD8062E16D005D8A6B1B3
:107E4000022E3FD06FF0150037E0B6F5807FF9D1F4
:107E500001260AE040F20222964235D0B6F5407F74
:107E600034D0B6F5007FEDD10226220330D57A68F2
:107E700001238B40C2F80835B868A0BB05F01F038A
:107E80006D092DD0012D77D13E4A02EB8302C4F358
:107E90000043D2F8001783F00103C4F3404444EADE
:107EA000430421F4E16144EA8C0421F0070144EA2F
:107EB00006230B43C2F80037002007B0BDE8F0836B
:107EC0000726D2E70426D0E70526CEE70326CCE72F
:107ED000630341BF01237A688B40C2F80C35CBE7BE
:107EE0004FF0A042D1E70DF10202294605F07DFBDB
:107EF00014F4403F80460CD1B868294605F0AAFB2F
:107F0000B8F1000FD8D19DF80210B86802F0E0FB7C
:107F1000D2E74FF0000901ABCDE90199CDE9043971
:107F2000CDF80C90B86803AA294605F033FA484505
:107F3000C2DB14F4003314D0C4F300449DF80330C2
:107F40008DF80E3084F001048DF80C608DF80D4032
:107F5000B8684B4603AA294605F0CFFA0028CFDAC5
:107F6000AAE7CDE904330DF103030393B86803AA2C
:107F7000294605F00FFAF1E703F5E07350F82330D6
:107F8000FFDE00BF00030050420970B5034602D077
:107F9000012A17D070BD0D4E326951680029F9D001
:107FA00003F01F0301250C689D400029F2D08A6868
:107FB0002A4002D04B68304698472CB123682146AE
:107FC0001C46F2E7024EE7E72346F8E70CE302001F
:107FD000ECE20200F0B544681646A068227C01F08D
:107FE0001F0587B045EA421500286DD0B6F5001F81
:107FF00004D1294605F081FB002056E06268607CD0
:10800000C2F8240501AA0020B6F5800F0190506047
:1080100037D1B3F1007F14BF052304238DF804305A
:108020000023CDE904230393E36823FA01F111F05F
:1080300001010DF103073AD1B6F1A07F37D105F068
:108040001F036A0903F5E07326D0012A3FD1214AB4
:1080500052F82330DB072AD4A0683A46294605F0B7
:10806000C4FA16301BD00297A06803AA294605F06F
:1080700091F9002819DBA0680122294605F0ECFAE5
:10808000BAE7B3F1C06F05D0B3F1007F14BF01238D
:108090000223C3E70323C1E74FF0A042D8E7A0685B
:1080A000394602F01BFB0028DDDA07B0F0BDA068FE
:1080B0003A46294605F099FA0028D5D19DF80310D3
:1080C000A06802F005FBCFE76FF08500EDE751F8FF
:1080D0002330FFDE00030050036803F01F025B093A
:1080E000026004D0012B034818BF002070474FF0F6
:1080F000A0407047000300502DE9F04F00EB8109CC
:10810000594985B01546834640F2FF1AD94503D137
:10811000002005B0BDE8F08FDBF80020C2F3C728CF
:1081200018F00808C2F3C320C2F3080440F0958099
:108130004E4B120E1E5C544508BF4FF0FF34192AF7
:1081400000F28E80DFE802F00D381D2E20262E2A48
:108150002E31383B428C8C8C8C8C8C8C8C8C45805A
:108160008386C5F80C45621C6BD003A80394FFF707
:10817000B3FF039A012707FA02F2C0F80825384630
:108180003DE0C5F80845EEE7C5F808450027601C46
:108190002AD156E0C5F80C450127F8E7C5F808458F
:1081A000002705E0C5F81045FAE7C5F80C4501279A
:1081B000631C46D0002022E0C5F81445F0E7C5F85E
:1081C0000845002EECD100270626F1E7C5F80C453E
:1081D000F7E7C5F86045BBF80220671C02F0010212
:1081E0002FD0002AC1D1012703A80394FFF774FF01
:1081F000039A8446012000FA02F2CCF80C25DBF841
:108200000020019202F4004CBCF1000F08BF804630
:1082100003A818BF01270394FFF75EFF039C019A90
:1082200000EB8400C2F3412CD0F80047320242EA4E
:108230008C0242EA08020C40224342EA4702C0F89C
:1082400000270BF1040B61E7C5F86445C3E7C5F8E7
:108250006845C0E7C5F86C45BDE76FF0150058E705
:108260006FF0850055E700BFF0F8FCFFE7E902007A
:10827000036803F01F025B09026004D0012B03486E
:1082800018BF002070474FF0A04070470003005017
:1082900010B50446002201211C20FFF767F823696E
:1082A000064A6168184605F0BCFA002805DB20463E
:1082B0000349BDE8104004F0CAB810BD83C70200EE
:1082C000CDC802002DE9F04F89B09946436801936B
:1082D0008B8804699E0480460F46924600F1108107
:1082E0004FF0FF324FF0FF3304F1340003F03CF85D
:1082F0002763D8F81060D8F8043096F8892012B1B6
:10830000F26A974277D0B7F804C01CF4006F40F0CF
:1083100030811CF0090F40F029810CF4FC62B2F5A9
:10832000807F40F023813D68AD4A954240F21E8136
:108330009E46BEE80F000DF10C0BABE80F00DEF817
:108340000030CBF80030A74B9D4240F2E280A64BB4
:108350009D4240F2E180A54B9D4240F2E080A44B5B
:108360009D4240F2DF80A34B9D4240F2DE80A24B53
:108370009D422CBF4FF000454FF080451CF002019C
:1083800005950CF0040300F0D380002B0CBF0223F2
:108390000323CCF3001C8DF818308DF819C0336816
:1083A000D3F808355D1C10D003F01F0001225B09D3
:1083B000002940F0C280002B00F0BC80934240F0C6
:1083C00007818E4B8240C3F80C2596F889302BB17B
:1083D000304605F030FB002386F88930884A334662
:1083E00003A9304605F007FB002840F0B1800123C7
:1083F00086F88930F762012384F88830019B196A76
:10840000481C02D0D86904F0E0FBBAF1000F40F03C
:10841000B380C4F858A00023E36504F1700204F1AE
:108420005C0104F1580004F0A5FAE066B9F1000F10
:1084300040F0AB80C4F860900023636604F17802DA
:1084400004F1640104F1600004F094FA0023606711
:10845000E06D63651A46824240F0A0800022656E9E
:108460001146A94240F0A18093422CBFA366A266A8
:108470000023E367404604F0D9FAE36A998811F0D3
:10848000010140F09980A56E1B684FF4FA525543E4
:1084900040F2E730B5FBF3F54FF40046C8354FF432
:1084A0007A720023E5FB0601FDF748FF02460B4602
:1084B00004F14407384602F057FF48B9E36A656D96
:1084C0009B88D90701D505B9E56F15F1740F77D1F0
:1084D0004FF00009C4F88490204605F0ACFA84F807
:1084E0008990D8F810606FF07305756506F1440047
:1084F00002F006FF86F88890384602F05BFF29E01C
:10850000E36B002B7FF4ECAE236B99427FF4E8AE73
:10851000EFE64FF0007531E74FF080652EE74FF042
:1085200000652BE74FF0805528E74FF0005525E711
:108530009B082EE74FF0A04344E733B1012B4AD10B
:108540002E4B8240C3F808253FE74FF0A043F8E7E1
:108550006FF00405E36A13B19B889B0434D40023B5
:10856000236304F1340002F0CBFE2DE06FF015051B
:10857000F0E76FF08505EDE7DAF80030A365002B32
:108580003FF449AFDAF8043046E7D9F80030236603
:10859000002B3FF451AFD9F804304EE7A16D01EB49
:1085A000C201013249680B4455E7206E00EBC1005F
:1085B00001314068024454E74FF0FF32134677E739
:1085C000002DC7DB9A04C5D5284609B0BDE8F08F59
:1085D000C1F80C15FFDE0023C3F80835FAE700BF29
:1085E00047E801008FD003001FA107003F420F00A2
:1085F0007F841E00FF083D0000127A000003005037
:108600009DCA020000F01F0240090DD001280ED1C2
:108610000A4B03EB82030A4AD3F80007024042EAFE
:108620008102C3F8002770474FF0A043F1E702F53D
:10863000E072002353F82230FFDE00BF0003005039
:10864000F0F8FCFF10B403460C46DA88006819798C
:1086500002F04002224383689C6934B1044BA44673
:10866000134010BC02F0B072604710BC704700BFEE
:10867000400000062DE9F0414568046906460121E5
:10868000686A04F0CFFA2A4A33462946204605F0A4
:1086900012FB002843D12368C3F80005A86A60B91B
:1086A000236B23B9636204F1280002F029FE3046EF
:1086B0002049BDE8F04103F0CABE05F0F0FB80B3ED
:1086C000B5F82EE0A86A95F82C104EF4302242F04E
:1086D0000602D0F810C0D0F80880DCF8003001277E
:1086E0001EF0010F07FA01F714BF3B43BB43CCF860
:1086F0000030D8F800309847002810DB95F82C306F
:108700000D49012202FA03F3C4E92313A86A83681E
:10871000DB6904F188013BB198470028C0DABDE865
:10872000F0816FF01200FAE76FF05700F7E700BF33
:10873000A7CC020043CC0200BDCC020070B50123DF
:1087400083400F4ABFF35B8FDC4352E8001F01EA0E
:10875000040542E80056002EF7D1BFF35B8F4FF4BB
:10876000803282400748C0F80823BFF35F8FBFF311
:108770006F8F03EA0100003818BF012070BD00BFF1
:10878000940E00200010014070B41249D1E9003469
:10879000D01AC31844F1000422F07F46C1E9003426
:1087A000A6F50013B3F5400F09D20B4B1B681A0A4C
:1087B0001B069C19094B42F10005C3E90045EFF384
:1087C0001181402383F31288BFF36F8F70BC03F0D5
:1087D0008DBA00BFE8060020980E0020F0060020A9
:1087E00011B3BFF35B8F0123104A834052E800CFDF
:1087F0004CEA030C42E800C10029F7D1BFF35B8FBC
:108800000B4A4FF480338340C2F80433094BBFF363
:108810005B8F1B68BFF35B8FC340DB0742BF064B18
:108820004FF40032C3F80021704700BF940E0020BF
:1088300000100140900E002000E100E00D4B186890
:10884000010A0006BFF35F8F0B4BD3F804351818ED
:1088500041F10001B3F5801F0AD2084BD3E9002390
:10886000904271EB030303D210F1807041F10001DB
:10887000704700BF980E002000100140F006002055
:108880002DE9F04F85B016461F469DF840A00446DE
:10889000FFF754FF0190FFF7D1FFB04271EB0703E0
:1088A0005ED23E4B301A67EB0101984271F1000134
:1088B00009D36FF0150520460199FFF791FF28466F
:1088C00005B0BDE8F08F364B03EB0413D3E9022368
:1088D0009F4208BF964254D032494FF4803804F189
:1088E000500508FA04F8AD00C1F848832046ADB23F
:1088F00004F018FB26F07F4B05F1804504F5A873C2
:1089000005F58835DC464FF003090293029A2CF0F6
:108910007F4341F82230C1F84483D1F80435224A1C
:108920006FF00200C01A604420F07F40904228D9C6
:10893000286868B1D1F804350393A3EB0B0020F04D
:108940007F40B0F5000F1CD9204604F0EBFA039BE2
:10895000BAF1000FADD109EB030C09F10109D5E71C
:10896000BAF1000FA5D10123104ABFF35B8FA340DA
:1089700052E8000F184342E800010029F8D1BFF384
:108980005B8F07490E98230101EB0412C8500F9B1F
:108990005360C2E9026700258DE700BF0100800037
:1089A000D806002000100140FDFF7F00900E00203F
:1089B0007FB51C4C1C4BC4F80833C4F848331B4B20
:1089C00000254FF0FF304FF0FF31C4F80855C3E9E0
:1089D00002014FF48033C4F80433154B02264FF4E0
:1089E00000320121C4F804631120C3F880212A4613
:1089F000FEF7BCFC1120FEF789FC0E4A0123A360A0
:108A0000236013600C4B0D4A0093CDE90155002300
:108A10002846FFF735FF3046FFF764F8284604B0D4
:108A200070BD00BF0010014003000F00D8060020F9
:108A300000E100E0940E002089870200FFFF7F0024
:108A40002DE9F7432B4CD4F8043399070BD5D4F810
:108A5000043143B1284A0023C4F80431D4F8043166
:108A6000136801331360D4F80433DA0323D5BFF35A
:108A70005B8F224B53E8002F22F0010143E80010E6
:108A80000028F7D1BFF35B8FD30702D4D4F840316D
:108A90008BB10025C4F84051D4F84031FFF7CEFE29
:108AA000EFF3108272B6164BD3E90267B042B941B8
:108AB00004D282F3108803B0BDE8F0834FF0FF3892
:108AC0004FF0FF39C3E90289D3E900101D604FF46C
:108AD0008033C4F84833C4F84051D4F8403182F3AD
:108AE00010880029E7D0009032463B462846884748
:108AF000E1E700BF00100140980E0020900E00201A
:108B0000D806002030B5431C124C85B005D08442F5
:108B1000A8BF0446012CB8BF0124FFF78FFE0E4BFF
:108B20000C4DD3E90013401AB0F5000F10D22218F3
:108B3000AA4228BF2A4652184FF000000749009168
:108B4000CDE9010043F10003FFF79AFE05B030BD07
:108B50002A46F0E7FFFF7F00E80600208987020031
:108B600008B5FFF76BFE024B1B68C01A08BD00BFBB
:108B7000E8060020042812D8DFE800F00D03110DEC
:108B80000300084BA0221A60074B1872074BC3F86A
:108B9000100501207047034B4FF49672F3E7002055
:108BA000704700BFA00E0020900F00200010004072
:108BB000014805F038B900BFD00200201FB5114BA5
:108BC00093F90A001B7A013BDBB2032B9CBF0E4AD0
:108BD000D25C0E4BDB7C4FF0000188BF0522009178
:108BE00003F5166303A9FDF7BBFA9DF80D00FDF729
:108BF000B1FA9DF80C20064BC3F80C2505B05DF8C2
:108C000004FB00BF900F0020EFE90200B802002033
:108C10000010004038B500281349144840F20445BC
:108C200008BF4FF48065FDF777FA044648B9FDF7B1
:108C300067FA204600F098FF0D4B1B68C3F80052FE
:108C400038BD0C4BDB7C002B0B4B0CBF8122282248
:108C5000C3F848250022C3F84821D3F848214FF42F
:108C60008022C3F80423E7E758020020880200208E
:108C7000D0020020900F002000A00040B0F5A47F9B
:108C800009D1054B1A68D2F8003223F4806323F02F
:108C90000403C2F800327047D00200208378427883
:108CA0001B0443EA022302781343C27843EA0253C7
:108CB000027943EA8253427943EA0263827943EAC2
:108CC0008263C27943EA4273094AC2F81435837A4F
:108CD000417A1B0443EA0123017A0B43C17A43EA38
:108CE0000163017B43EA4163C2F81835704700BF56
:108CF000001000401FB504460D220021684605F013
:108D000098FA0A4B00930A4B5B7CE0B2013B8DF86A
:108D100008008DF809008DF80A30684601238DF8A7
:108D20000B30FFF7BBFF04B010BD00BF0001010016
:108D3000B80200201FB518490B7823B1012B07D0CA
:108D400005B05DF804FB05B05DF804EBFFF7D2BF9A
:108D50000022CDF809208DF80B30104BCDF80520FE
:108D60005B7CCDF80120013B8DF80A3020238DF883
:108D700008300B7A03228DF80220012B4FF00602F7
:108D80008DF8002001D0042B02D101238DF805308D
:108D90006846FFF783FFD3E7900F0020B80200205A
:108DA000064BBFF35B8F53E8001F014343E80012FB
:108DB000002AF8D1BFF35B8F704700BFAC0E0020D4
:108DC00008B5084804F0CDF858B10748436A0133A4
:108DD000082B28BF00234362BDE80840283004F078
:108DE000D3B808BD840F00205C0F0020F8B50646FC
:108DF000284804F0B6F807280D4649DC264B274FD3
:108E00001A78012A39D13B78C3F3050203F03F03F6
:108E1000202B3DD8224B196A53F821301A70204C70
:108E20002049236A54F8230010F8052B05F0F3F9C4
:108E3000236A54F823305E701B4B226AD3F84835FE
:108E400054F8222003F07F039370236A54F82330F0
:108E50001D71236A54F823207B78DB4303F0010360
:108E6000D370236A0133082B28BF002304F12800A4
:108E7000236204F095F80120F8BD094A116A52F8FE
:108E80002120597809B91170C9E75B7C1370C6E7D6
:108E90000020F1E7580F0020900F0020F112002071
:108EA000300F0020F312002000100040684620F030
:108EB00007018D4601B5204BD3F80423D1060BD50D
:108EC000D3F8102142B10022C3F81021D3F8103199
:108ED0001A4B1B6803B19847174BD3F804231207AA
:108EE0001ED5D3F80C21DAB1154A5278022A1DD1C9
:108EF000D3F80804134B5978C0B2C1F34101FFF70E
:108F000075FF38B10420FFF74BFF0F4B4FF4801271
:108F1000C3F80021084B0022C3F80C21D3F80C3110
:108F2000FEF7B6FABDE8014085467047034B1B6863
:108F3000002BEFD09847EDE7001000409C0E00207A
:108F4000900F0020F112002000E100E0684620F0C0
:108F500007018D4631B5144B14481B68144D82B07F
:108F6000019304F004F82B680446B3B1C10704D59B
:108F700000228DF8002068469847A20705D50123F6
:108F80008DF8003068462B689847630705D50223A3
:108F90008DF8003068462B689847FEF779FA02B0E2
:108FA000BDE8314085467047A40E0020AC0E00207D
:108FB0008C0F00202DE9F041614BDFF888815A6A5F
:108FC000614F98F8004053F82250604E3D60002CED
:108FD00045D0012C6BD001243B685D4D5A78C5F813
:108FE0002C255B78012707FA03F3DBB2C5F830358F
:108FF000584BDA7CC5F808251433BFF35B8F53E870
:10900000001F21F0010143E80012002AF7D1BFF34D
:109010005B8FFFF7D3FD504BC5F804650222C3F800
:1090200080213846FEF772F90020C5F80401D5F812
:109030000431C5F80801D5F80831C5F81001D5F894
:109040001031C5F80C012146D5F80C3100F0C8FDEF
:109050002046FFF7DFFD414B9F61BDE8F08198F8A6
:1090600011003480FFF746FE33782A79304662F3E8
:10907000010300F8023B294611F8052B05F0CBF857
:10908000334B40F21B12C3F80022C3F81041D3F84F
:1090900010211022C3F80423314BB8F80E201A60B7
:1090A000304B314A1A60314B04221A7093E7EA7848
:1090B000002333801AB198F8124084F001042B7910
:1090C000287831785B0003F00603002A08BF43F0DC
:1090D0000103727860F3050122F007021343317037
:1090E0002946737011F8052B214805F094F8184BA8
:1090F0001C491E4AA4B140F21B10C3F800021848D4
:10910000B8F80E400460184808600421117000226D
:10911000C3F81021D3F810211022C3F804235AE712
:1091200040F21310C3F800021248086003211170C6
:10913000C3F81041D3F810211022C3F804234BE7E1
:109140005C0F0020900F0020880F002013130020D8
:1091500000100040B802002000E100E000400140A3
:10916000A80E00209C0E00209192020035130020D2
:10917000151300207991020010B5FCF7D9FF124BAE
:109180001B6801241C6100F011FDFCF7BFFF0021EA
:10919000084600F091FD0D4B20461C60FFF700FED5
:1091A000FFF70EFE0A480B4B03F0DBFE4FF4801274
:1091B00020B909490C70C3F8002110BDC3F8002183
:1091C000BDE81040FFF7F6BED0020020A40E00203C
:1091D000840F002000E100E0351300200146C8079D
:1091E00008B506D5184803F0ADFE184B00BAC3F811
:1091F0001C058A0706D5164803F0A4FE134B00BAD7
:10920000C3F820054B070AD51248104903F09AFE0F
:10921000C1F82405104803F095FEC1F828054FF069
:109220008053D3F83021082A0DD1D3F8343153B903
:10923000054B0A485B7C052B18BF4FF07F40BDE80B
:10924000084000F05DBC08BDB802002000100040DE
:10925000BC020020C0020020C40200200000FFFF6A
:1092600008B5FCF765FF07490748FCF75BFF074BAC
:109270001A68D2F8003223F4806323F00403C2F8A2
:10928000003208BD58020020A0020020D0020020B9
:1092900070B501210020204C204D00F00DFD00F0A4
:1092A00085FCFFF7DDFF40F21313C4F800321C4BBE
:1092B0001C4A1B680D33C2F84035EB7C002BAB8990
:1092C0000CBF812128215B1AC2F84435164B1B685C
:1092D000002640F20222C3F80022C3F84061D3F80E
:1092E0004021C3F84461D3F8443100F095FD00F00B
:1092F0006DFDC4F80C612878D4F80C3108B9FFF77B
:10930000F9FC0A4BC4F80435094B0A4A1A600A4BA7
:1093100005221A7070BD00BF00100040900F0020A1
:10932000A00E002000A00040D0020020F11200207A
:109330009C0E0020A19302003513002010B50A4CAA
:109340000A4A2368D3F8443500208133D36000F003
:109350000BFC07490548FCF7DFFE20B9236840F203
:109360000442C3F8002210BDD00200207002002089
:109370005802002008B500F019FCFCF7D9FE0320C4
:10938000FCF7E2FE054B1A68D2F8003223F4806342
:1093900023F00403C2F8003208BD00BFD002002051
:1093A000F8B54B4E4B4C4C4D00F068FDFCF7C6FE3B
:1093B000FCF7ACFED6F80C31002B3AD0D6F80034CE
:1093C000D90736D50120FFF7EBFC2268EB899B1A01
:1093D000424A03441360FFF7F3FC2B7883B1404B00
:1093E0001A7892060CD0D6F82C05597800F00700B0
:1093F000C1F34101FFF7FAFC10B10420FFF7D0FCE4
:109400003848394B03F0ADFD00280ADD2A7C012ADB
:1094100007D04FF48012C3F80021BDE8F840FFF7F1
:10942000C9BD324A012111704FF48012C3F80021E6
:10943000F8BD23682D4E2E4F5A1E226063B93B683B
:10944000264A01241C61EB89022023441360FFF7A4
:10945000A7FC254B3470E7E71D4C0023C4F800310E
:10946000D4F8003140F21B13C4F800322B7813B942
:10947000687CFFF73FFC1F4BC4F804351E4B1F4AA6
:109480001A6004233370FFF799FBFFF757FF00F0D2
:1094900063FC3B68D3F84421BAB1D4F85035DBB251
:1094A000092BC5D0D4F80041002CC1D1FFF762FFD1
:1094B00000F08CFC0121204600F092FB0120FFF718
:1094C000A9FB0F4B01229A61B2E701221A60AFE7B4
:1094D00000100040A80E0020900F0020A40E0020D5
:1094E000F1120020840F002000E100E0351300207D
:1094F000D0020020131300209C0E00209192020045
:1095000000400140F8B51D4C23788BB32378012B24
:1095100031D01B4B1B4E00251D6000F01FFD336832
:1095200001271F61FCF70AFEFCF702FE00F03EFB7C
:109530000320FCF709FEFCF7E9FD134B4FF0FF3267
:10954000C3F80052C3F80823C3F81051D3F8102110
:109550001F61D3F81021002AFBD0336800204FF0A0
:10956000FF32C3F80002C3F8082301232370F8BDBB
:109570006FF00C00FBE76FF07700F8E73513002081
:109580009C0E0020D00200200010004010B50C4CB2
:1095900023789BB103F02CFD1420FDF7C5FE0120BC
:1095A000FDF7C2FE0A20FDF7BFFEFFF7ABFF05483F
:1095B00004F022FC00F052FD0023237010BD00BF18
:1095C00035130020D0020020F0B5054685B00028F4
:1095D00070D06E4E33780BB1FFF7D8FF03F0ECFC80
:1095E0000446002868D16A4B6A681A60694A2B46AB
:1095F00005F11007154618685968144603C4083366
:10960000BB422246F7D1186820602B7803B9AB74AF
:109610006148624F03F0ABFC00212022604804F057
:1096200008FE604B002407F128001C605C60C7E95D
:10963000084403F09CFC5C48C0E90844283003F06F
:1096400096FC5A490B460134082C47F8043B03F1B9
:109650002503F8D1564A544800230133082B40F81B
:10966000042B02F12502F8D10022524B10460132A0
:10967000082A19601871986001F1250103F10C03A3
:10968000F5D14D482022002104F0D3FDAB89B3F57C
:10969000D97F0FD9287AFFF76DFA2B78012B8CBF71
:1096A000002000F001006B7A012B34D0022B06D091
:1096B000002B39D06FF01504204605B0F0BD3F4AAD
:1096C0004FF6FF71C2F83C15C2F834353C4BC2F876
:1096D00038350028EED0394F687CFFF72BFB4FF070
:1096E000E733C7F81C354FF04333C7F82035354B07
:1096F000C7F82435344BC7F828350023CDE90233A9
:10970000324A334B3348019301A904F061FB88B11D
:109710006FF00D04D0E7294AFF21C2F83C15C2F8CA
:10972000343540F20713D2E7244AC2F83C35C2F878
:109730003435CCE700F0C8FB04460028BCD100F06B
:1097400009FC254B5860D7F85026EB7C22F001022B
:109750001343C7F8503601252246022114203570E4
:10976000FDF704FE224621462846FDF7FFFD22466E
:1097700002210A20FDF7FAFD1420FDF7C7FD284657
:10978000FDF7C4FD0A20FDF7C1FD95E73513002064
:109790008C0F0020900F0020AC0E00205C0F0020EA
:1097A00020100020E9120020300F0020C1110020FD
:1097B00099100020D00E0020B00E002000100040B4
:1097C00021100100E743C323A363E3137D8C020050
:1097D00040420F00D002002058020020F8B54D4E44
:1097E00033780446002B00F08B804B4D6B78022BB6
:1097F00002D14FF0FF30F8BD10B96FF01500FAE755
:1098000003785A1E1F2A7ED82A7812B96A7C9A4297
:1098100079D3424803F0A5FB072877DC6378072B50
:10982000EBD86A782B78002A34D11BB96A7C23786C
:109830009A42E2D13A4B196A53F82110224604F1B8
:10984000240052F8047B41F8047B8242F9D112785B
:109850000A70607833490A5C013202F003020A544C
:109860001A6A607853F82220095C11711A6A2B4831
:109870000132082A28BF00221A6203F091FB6B789C
:109880002A7C134304D13378012B01D1FFF792FBDB
:109890000020B0E7002BACD0234A002311461079FA
:1098A00010BB0C225343CF180122CB583A71B86039
:1098B000224604F1240152F8040B43F8040B8A42B7
:1098C000F9D112781A700120FDF72EFD6178174A40
:1098D00052F8213073B942F82170104803F060FB50
:1098E0000120FDF713FDCAE70133082B02F10C023A
:1098F000D5D1C4E71A469B68002BFBD19760ECE7F3
:109900006FF00C0077E76FF0790074E76FF00B00F1
:1099100071E700BF35130020900F0020840F002056
:109920005C0F0020E9120020D00E0020B00E0020B5
:1099300010B5214A12780346002A34D0002835D0C9
:109940001E4803F00EFB002833D01D4C626A54F809
:10995000222012781A70616A54F8211049785970DF
:10996000616A54F8211091F902109970616A54F8F3
:10997000211009791971616A54F82110C978D970D8
:10998000616A54F82110581D053104F044FC636AE3
:109990000133082B28BF002304F12800636203F081
:1099A000F3FA002010BD6FF00C00FBE76FF015001C
:1099B000F8E76FF03C00F5E735130020580F002062
:1099C000300F002008B5134B1A78E2B11B78012B39
:1099D0001CD1114803F0C5FA08B9002008BD0E4893
:1099E00003F0C5FA0D4B0022C3E908220C4B0821F5
:1099F00001391A719A6003F10C03F9D12022094848
:109A000004F017FCE9E76FF00C00E7E76FF00F00D8
:109A1000E4E700BF35130020840F00205C0F002016
:109A2000D00E0020B00E002008B50A4A1278012A94
:109A30000346D0B207D14BB11A68074B1A60FFF743
:109A4000CDFB002008BD6FF00F00FBE76FF01500A5
:109A5000F8E700BF35130020B802002008B5094B15
:109A60001B78012B08D150B1074B02685A600220C5
:109A7000FFF7B4FB002008BD6FF00F00FBE76FF0AD
:109A80001500F8E735130020B802002010B50F4B81
:109A90001B78012B0C4613D1A8B1082913D80A460C
:109AA00001460B4804F0B7FB0A4AFF231474C4F1C3
:109AB0000804234104209374FFF790FB002010BD9D
:109AC0006FF00F00FBE76FF01500F8E7351300208B
:109AD000C0020020B8020020642807D8064B1B787B
:109AE000012B06D1054BD874002070476FF015008C
:109AF00070476FF00F00704735130020B802002048
:109B0000184BD3F81C15D3F820254A40024228D11F
:109B1000D3F82415D3F82825C1F30720CBB283420C
:109B200014D0C1F30740834210D0B3EB116F0DD0B6
:109B3000D1B28B420AD0C2F307218B4206D0C2F3C6
:109B400007418B4202D0B3EB126F0AD1054AD2F81B
:109B5000743723F0807323F0010343F08073C2F85D
:109B600074377047001000400C4B0D491A78D30031
:109B700003F1804303F5F833C3F810150949C3F81E
:109B8000141501F5A83120B102F51173064841F80A
:109B9000230001239340C1F8043570473813002097
:109BA0001841014000A0004044A000400A4B0B486F
:109BB0001A7801239340C0F80835D30003F180439D
:109BC00003F5F83302F511720021C3F81015C3F83C
:109BD000141540F8221070473813002000F001409F
:109BE000F0B52B4B2B4C1B782B4FDA0014442B4A2F
:109BF0000025C2F81851D2F81821294A157880009A
:109C0000EA00C0B202F1804202F5F83200F1804071
:109C100000F58050C2F81075C2F81405214A05F508
:109C2000117042F82040204A20481678F20002F1D4
:109C3000804202F5F8320124C2F8100500F5973091
:109C400000F58470C2F8140504FA06F604FA05F06B
:109C5000304369B1164A174E1178CA0002F18042AA
:109C600002F5F8328C40C2F810752043C2F8146532
:109C70009B0003F1804303F5F8330122D3F8001869
:109C8000AA400A43C3F80028064BC3F80405F0BDF8
:109C90003613002004F0014018410140004001400B
:109CA0003913002000F0014037130020101100404C
:109CB0003813002000A0004030B5224B1C78224B06
:109CC0001B78012000FA04F200FA03F52A4319B1C7
:109CD0001E4D2D78A8400243E0001D4D00F180404C
:109CE00000F5F830DB00C5F8082503F180430022B9
:109CF000C0F8102503F5F833C0F8142504F51170E9
:109D000045F82020C3F81025C3F8142551B10F4B96
:109D10001B78DB0003F1804303F5F833C3F810250B
:109D2000C3F814250B4B1B789B0003F1804303F50C
:109D3000F8330121D3F80028A14022EA0102C3F838
:109D4000002830BD391300203713002038130020BD
:109D500000F0014036130020154B1649164800222A
:109D6000C3F81821D3F81831144B1B78DA0002F12C
:109D7000804202F5F832C2F8101501F5973101F56D
:109D80008471C2F814150E4A1178CA0002F180429B
:109D900002F5F832C2F810050A48C2F8140501228B
:109DA00002FA03F38A401343074AC2F804357047A6
:109DB000004001401011004044A100403713002032
:109DC0003A1300200010004000F001400F4B1A78B9
:109DD0000F4B1B78012101FA02F09940D200DB0001
:109DE000014302F180420B4803F1804302F5F8324F
:109DF00003F5F833C0F808150021C2F81015C2F8B1
:109E00001415C3F81015C3F8141570473713002044
:109E10003A13002000F00140134B14491B781448FA
:109E2000DA0002F1804202F5F832C2F8101501F5AD
:109E30000F410C31C2F814150E4A1178CA0002F114
:109E4000804202F5F832C2F81005A0F51140303812
:109E5000C2F81405012202FA03F38A401343064AAA
:109E6000C2F80435704700BF3C13002004110040C5
:109E700040A100403B13002000F001400F4B1A7836
:109E80000F4B1B78012101FA02F09940D200DB0050
:109E9000014302F180420B4803F1804302F5F8329E
:109EA00003F5F833C0F808150021C2F81015C2F800
:109EB0001415C3F81015C3F8141570473C1300208F
:109EC0003B13002000F0014008B5002000F020FA0C
:109ED000002802DA6FF0120008BD174B187000203E
:109EE00000F016FA0028F5DB144B1870002000F083
:109EF0000FFA0028EEDB124B1870002000F008FA71
:109F00000028E7DB0F4B1870002000F001FA002852
:109F1000E0DB0D4B1870002000F0FAF90028D9DBC7
:109F20000A4B1870002000F0FFF90028A2BF084B70
:109F300018700020D0E700BF39130020371300202D
:109F4000381300203C1300203B1300203A1300205C
:109F5000361300200048704710110040F0B5374B11
:109F60001F78374B1C78374B1D78374B1978374B98
:109F700001261A7806FA07F006FA04F306FA05FC39
:109F8000034343EA0C0306FA01FC43EA0C0306FA16
:109F900002FC43EA0C03DFF8B8C09CF800C0E40000
:109FA00006FA0CF64FEAC70C33430CF1804C294EED
:109FB00004F1804404F5F8340CF5F83C07F511770A
:109FC000C6F808350023CCF81035C900CCF8143594
:109FD000D20046F82730C4F81035C4F81435EC0028
:109FE00004F1804401F1804102F1804202F5F8322F
:109FF00004F5F83401F5F83105F51175C4F810359C
:10A00000C4F8143546F82530C1F81035C1F81435B8
:10A01000C2F81035C2F81435C6F81035C6F8143534
:10A020000D4B1B789B0003F1804303F5F833D3F805
:10A03000002822EA0002C3F80028F0BD39130020EE
:10A0400037130020381300203C1300203B1300205E
:10A050003A13002000F001403613002008B5124BDF
:10A060000020197800F05AF9104B0020197800F000
:10A0700055F90F4B0020197800F050F90D4B0020D6
:10A08000197800F04BF90C4B0020197800F046F9D4
:10A090000A4B0020197800F041F9094B002019788B
:10A0A000BDE8084000F048B93913002037130020FC
:10A0B000381300203C1300203B1300203A130020EB
:10A0C00036130020BFF34F8F0549064BCA6802F4D0
:10A0D000E0621343CB60BFF34F8F00BFFDE700BFCB
:10A0E00000ED00E00400FA05024AD2F80034002B2B
:10A0F000FBD0704700E0014010B54FF08053D3F81B
:10A100003021082A4ED14FF080420021C2F80C11B4
:10A11000C2F81011C2F8381502F54042D3F8041401
:10A12000C2F82015D3F80814C2F82415D3F80C147B
:10A13000C2F82815D3F81014C2F82C15D3F814144B
:10A14000C2F83015D3F81814C2F83415D3F81C141B
:10A15000C2F84015D3F82014C2F84415D3F82414DB
:10A16000C2F84815D3F82814C2F84C15D3F82C14AB
:10A17000C2F85015D3F83014C2F85415D3F834147B
:10A18000C2F86015D3F83814C2F86415D3F83C143B
:10A19000C2F86815D3F84014C2F86C15D3F84434EB
:10A1A000C2F8703502F041FF18B13C4B3C4AC3F88D
:10A1B0008C2602F03AFF18B13A4BFB22C3F818255F
:10A1C00002F033FF58B14FF080424FF08051D2F887
:10A1D000E43ED1F8581261F30303C2F8E43E02F002
:10A1E00024FF20B1304B4FF40072C3F840264FF0EB
:10A1F0008053D3F83031082B17D14FF08043D3F878
:10A200000024D20744BF6FF00102C3F800244FF0CE
:10A210008053D3F83431042B81BF4FF01023D3F88F
:10A2200008224FF08043C3F858254FF01021D1F891
:10A230000C32DB0714D51D480123C0F80435FFF7A5
:10A2400053FFD1F80C3223F00103C1F80C32FFF7B1
:10A250004BFF0023C0F80435FFF746FFFFF732FF3E
:10A26000D1F80032002B03DBD1F80432002B14DAD2
:10A270000E4901234FF01020C1F804351224FFF7D6
:10A2800033FFC0F80042FFF72FFFC0F80442FFF78A
:10A290002BFF0023C1F80435DEE710BD005000405D
:10A2A0004881030000F000400090024000E00140BF
:10A2B0002DE9F04700F160404C1E0444DFF8348083
:10A2C0001F461646050B240BFF234FF0010AA5423B
:10A2D00001D9BDE8F08718F80510994201F00F0088
:10A2E000894604D0090932460AFA01F1B847013516
:10A2F0004B46ECE7F3E90200014BFFF7D9BF00BF83
:10A30000C5D00200014B1860704700BFA40F0020A9
:10A31000014B186802F09BBEA40F0020014B186887
:10A3200002F0B3BEA40F0020024B1868043002F004
:10A330008EBE00BFA40F0020024B1868043002F04C
:10A34000A4BE00BFA40F0020014B00201B681847CB
:10A35000A80F0020014B1B68184700BFA80F002062
:10A3600010B50C4C237993B9012323710A4B20605B
:10A37000002818BF184600F04BF850B9236807486A
:10A38000002BBDE8104008BF184600F091B86FF0F0
:10A39000770010BDA80F002049A3020055A30200BA
:10A3A00008B5064B1B682BB10020FCF7D1FF08B99C
:10A3B000FCF7ACFF024B01221A7008BDA80F002069
:10A3C0003D13002038B54FF080440123C4F8083312
:10A3D00063600023C4F80031D4F8003142F21075F4
:10A3E000D4F80C24D4F80C34D20307D5DB0705D5F8
:10A3F000012002F02AFE013DF2D138BD02F084FEB8
:10A400000028FAD0014B00225A71F6E7B00F002065
:10A4100010B508490C794CB9012308600B7102F0A2
:10A4200073FE08B9002010BD4C71FBE76FF0770098
:10A43000F9E700BFB00F00204FF080430022C3F8BF
:10A440000021D3F80021094901221A60096811B1DD
:10A45000C3F804237047D3F80021002AFBD0002260
:10A46000C3F80021D3F80031704700BFB00F0020BF
:10A4700010B54FF08043D3F80423D20715D5D3F895
:10A48000002192B10022C3F800210121D3F800215C
:10A49000C3F8081302F038FE044B10B15A7922B900
:10A4A0005971BDE810401B68184710BDB00F00205F
:10A4B000074A137943B90121106011714FF08042AE
:10A4C0001846C2F8183570476FF07700704700BF24
:10A4D000B80F002010B54FF080431D4CD3F818146E
:10A4E000D3F8182411F4803F1AD002F00302012A95
:10A4F00001D092B900224FF08043C3F81825002202
:10A50000C3F80421D3F8042101229A6022688AB991
:10A51000D3F80421002AFBD014E002F006FEE9E79C
:10A52000D3F81424D107E5D5D3F81C249207F4D42A
:10A5300022681AB10222C3F8042310BDD3F8042103
:10A54000002AFBD00022C3F80421D3F80431F4E739
:10A55000B80F0020F8B54FF08043194FD3F80443EB
:10A56000012504F01A04002604B9F8BDB4FA84F0F9
:10A57000C0F11F00830003F580739BB203F1804399
:10A5800005FA00F2196892B224EA02040029EBD01D
:10A590001E601B684FF08043022AC3F808230BD1CA
:10A5A000D3F81814D3F81814890705D1C3F818552F
:10A5B000C3F804239D60D7E73B68C0B29847D3E750
:10A5C000B80F0020036803F01F025B09026004D08B
:10A5D000012B034818BF002070474FF0A040704780
:10A5E00000030050034A430900F01F00D35C1844E5
:10A5F000C0B2704733EA0200024611F0010030B5E4
:10A6000015D18B07C1F3400022D51249D1F820059E
:10A6100050604FF08052C1F82005D2F83021082A4E
:10A6200008BFD1F82025003818BF012010E04FF0F6
:10A63000A0444FF08055D4F820351360C4F820357D
:10A64000D5F83051082D08BFD4F82045002BD8D0BC
:10A6500030BD00BF00030050F7B504460846FFF7C1
:10A66000C1FF04EB40060D46B38ADB072AD520461E
:10A6700002F06EFE2946204602F0CAFD50B1204687
:10A6800002F0DCFD276807EB80000023C0F81035DE
:10A69000C0F810352946204602F0F9FD0021B182AC
:10A6A00001A80195FFF78EFF019B00EB8300074B8C
:10A6B000D0F80027134043F00203C0F800370846E3
:10A6C00003B0F0BD6FF01500FAE700BFF0F8FCFF33
:10A6D000014802F0DABC00BFE402002010B50448D3
:10A6E0000C4602F0B4FC0028A4BF2070002010BD6E
:10A6F000E40200202DE9F04F074689B057F8049B8B
:10A70000D9F80413C9B28346082241F000414846F3
:10A7100002F0F6FD051E2FDA0023032106A8CDE97D
:10A720000633FFF769FF634B01930DF118084FF0F3
:10A73000000A019A604912F8013B0192DA0803F01D
:10A7400007038A5C22FA03F3DB071CD40AF1010336
:10A75000022B08F104084FF0010AEAD14FF0004142
:10A760000022484602F0CCFD032106A8FFF744FF73
:10A770000028D8D125F000450124002D40F0848028
:10A7800009B0BDE8F08F4D4B53440293D8F80060F8
:10A79000002EDBD0029B96FAA6F61C78B6FA86F657
:10A7A00046EA44142046FFF71DFF0BEB4000F20879
:10A7B000818A18F802000594C1F382030393009381
:10A7C00006F00706012303FA06F620EA060008F859
:10A7D000020005A8FFF7F6FE059A039B02F5E0725A
:10A7E00011F0100F50F82260C6F3014633D0009AE2
:10A7F0003846214602F02CFD05A80594FFF7E2FE3D
:10A80000059B03F5E073F6B250F82330C3F3014320
:10A810009E4207D10021204602F0EBFC3146204643
:10A8200002F0E7FC05A80594FFF7CCFE059B01228A
:10A8300002FA03F3C0F820354FF08053D3F83031DB
:10A84000082B01BFD0F82035D0F82035D0F82035BE
:10A85000D0F820359AE7022E14BF022103212046AA
:10A86000039302F0C6FC039B032B03D0022E07D1F7
:10A87000012BD7D1009A2146384602F0E9FCD1E7F6
:10A88000032ECFD1022BF4E795FAA5F3B3FA83F3A5
:10A8900004FA03F225EA020503F5A2720BEB430367
:10A8A00059F82220B3F87C10C2F30142384602F076
:10A8B000CFFC62E743EA020050E8020043EA0200EC
:10A8C000044AD2F80034DB07FBD50160BFF35F8F89
:10A8D000704700BF00E001404FF080531A69B0FBA1
:10A8E000F2F302FB13036BB9084B0222C3F80425F1
:10A8F000C3F80805D3F80024D207FBD50020C3F81D
:10A90000040570476FF00C00704700BF00E0014085
:10A9100010B5054C0123C4F80435FFF7D1FF00231F
:10A92000C4F8043510BD00BF00E0014010B54FF081
:10A930008043D3F80443620707D54FF4847002F0D4
:10A94000EEFE10B11E4B1B689847A30608D54FF4C6
:10A950008A7002F0E4FE18B11A4B00201B68984779
:10A96000600608D54FF48C7002F0D9FE18B1154B73
:10A9700001201B689847210608D54FF48E7002F01D
:10A98000CEFE18B1104B00201B689847E20508D591
:10A990004FF4907002F0C3FE18B10B4B01201B68FE
:10A9A0009847A3050AD54FF4927002F0B8FE28B17B
:10A9B000054BBDE810401B680220184710BD00BFC2
:10A9C000C80F0020C40F0020C00F0020036803F050
:10A9D0001F025B09026004D0012B034818BF00204E
:10A9E00070474FF0A0407047000300502DE9F34737
:10A9F0000B7F044663BB354D0E1F01F1100701F1BB
:10AA00000C094FF0010856F804AFBAF1FF3F1BD014
:10AA10003B78CDF804A001A8002B4FD0FFF7D6FF5C
:10AA2000019B08FA03F3C0F8083501A8CDF804A08B
:10AA3000FFF7CCFF019B00EB8300D0F800372B40E1
:10AA400043F00303C0F80037B14507F10107DAD13D
:10AA500091F81DC00D8B4F7D8E7D8A7EC87E236848
:10AA6000BCF1000F0BD1D1E9008ED1E902C1C3F8CE
:10AA70006085C3F864E5C3F868C5C3F86C1542EA9D
:10AA80000022C3F80C75C3F80465C3F80855C3F871
:10AA9000102520680023C0F81031D0F81021C0F82C
:10AAA0000831D0F80821C0F80C31D0F80C3140F34F
:10AAB000073002B0BDE8F047FCF728BCFFF786FF7F
:10AAC000019B08FA03F3C0F80C35AEE7F0F8FCFF81
:10AAD000036803F01F025B09026004D0012B0348E6
:10AAE00018BF002070474FF0A0407047000300508F
:10AAF00007B5019001A8FFF7EBFF019B00EB830076
:10AB0000054BD0F80027134043F00303C0F800378B
:10AB100003B05DF804FB00BFF0F8FCFFCB7B37B55A
:10AB20000446002B38D10B7B0878012B6ED802F03D
:10AB300021FF0B78019301A8FFF7CAFF019B00EBEF
:10AB40008300384BD0F80027134043F00103C0F8CE
:10AB500000374878FF2804D002F00CFF4878FFF750
:10AB6000C7FF8B78FF2B0FD001A88D7B0193FFF7D8
:10AB7000AFFF019B00EB83002A4BD0F80027134066
:10AB800043EA8503C0F80037C878FF2804D002F0F4
:10AB9000E4FEC878FFF7ACFFCB7884F822300B7C5A
:10ABA0009BB94B7820680D78FF2B18BF1A468B781D
:10ABB000C0F8085508BF4FF0FF32FF2B08BF4FF019
:10ABC000FF33C0F80C25C0F8103523688A68C3F835
:10ABD00024254B7B0A7B2068003B18BF0123022AF7
:10ABE00017D0032A18D0012A01D143F00203C0F87C
:10ABF00054354B7984F82330636883B1206840F37F
:10AC0000073003B0BDE83040FCF780BB02F0A5FE82
:10AC10008FE743F00403EAE743F00603E7E703B0F6
:10AC200030BD00BFF0F8FCFF07B5019001A8FFF7A9
:10AC30004FFF019B00EB8300054BD0F8002713402A
:10AC400043F00203C0F8003703B05DF804FB00BF17
:10AC5000F0F8FCFF30B500F01F04400911D00128C6
:10AC600012D10C4800EB84001B02D0F800570A4CAC
:10AC700043EA82022C4042EA41012143C0F8001716
:10AC800030BD4FF0A040EDE704F5E074002353F829
:10AC90002430FFDE00030050F0F8FCFFF8B51B4A3B
:10ACA0000C68B2FBF4F304FB132565BB94422AD86D
:10ACB0005A1E12EA030526D1B3F5007F23D8026895
:10ACC0000F79D2F804454E7967F30104C2F80445C0
:10ACD000D2F8081593FAA3F3B3FA83F366F30101EC
:10ACE000C2F80815C2F810350068402300F58072DC
:10ACF000D550D1580433582BFAD140F30730FCF724
:10AD000005FB0020F8BD6FF01500FBE70024F40000
:10AD100038B5EFF31185402383F31288BFF36F8FAB
:10AD2000064B9C6803F0CEF885F31188BFF36F8F54
:10AD30002046BDE83840FCF7BBBB00BFCC0F00206D
:10AD400038B50A4B53F82040013053F82050A54243
:10AD500000D838BD606830B1037EDB0701D403F052
:10AD600086F80834F3E723689847FAE754E80200C6
:10AD700070B52A4B2A4C2B4D86B0012203201A7045
:10AD8000FFF7DEFF03F03EFA0420FFF7D9FF264667
:10AD9000AE4204F130040FD300F002FD204CAC426F
:10ADA00026D300F011FDFBF79BFD1F4A938923F08A
:10ADB0000103938106B070BD54F80C3C059354F820
:10ADC000103C049354F8143C039354F8183C029339
:10ADD00054F81C3C019354F8203C009354E90A2396
:10ADE00054E90C0100F01CFB54F8303C5E65CEE7E2
:10ADF000D4E90A23B3F1FF3F08BFB2F1FF3F05D00A
:10AE000052EA0301206803D103F08CF93034C6E71D
:10AE10000649183000F0DAFEF8E700BF3E130020C4
:10AE200030E5020060E5020078070020CDE0020076
:10AE300070B5002386B00122CDE90423134E144DD2
:10AE400001930F22CDE902321249142303FB00556E
:10AE500006EBC01604464FF4C07000FB04110E4B05
:10AE600000954FF4A072304600F0DAFA337C0B4ABA
:10AE7000EE6023F0040333744FF4046304FB0333E4
:10AE800013442C746B6006B070BD00BFF806002040
:10AE9000CC0F0020C021002097DF02008019002085
:10AEA0007FB50020FFF74CFF284B83F30888284C20
:10AEB000636943F400736361E02384F82230002562
:10AEC0002023E37725766576A57684F82050636A9B
:10AED00043F4E023636284F82350FCF781F9FCF724
:10AEE000D1FA4FF0FF33A362E362FCF7EDFBFCF70E
:10AEF00049FB1848184C00F0DFFA0120FFF720FF4B
:10AF00000220FFF71DFF00F089FC144B14495C611F
:10AF1000144B059301234FF48062CDE90353CDE92F
:10AF20000155114B0095204600F07AFA237C064625
:10AF300023F004032046237403F0A5F82846FFF706
:10AF400077FF094A31462046FCF77EFAC0210020EF
:10AF500000ED00E0F807002078070020CC0F00206B
:10AF600040230020E2E9020071AD020038B5074C31
:10AF7000074DAC4201D3002038BD204602F0A5FFAA
:10AF800008B91C34F5E76FF01500F5E790030020D1
:10AF90009003002073B50C46EFF31181402585F333
:10AFA0001288BFF36F8FC5685DB125602B68C360E1
:10AFB000836901338361002081F31188BFF36F8FB0
:10AFC00011E052EA030603D125606FF00B00F3E7AE
:10AFD000CDE900230246083000F054FB18B9034BBA
:10AFE0009B685B69236002B070BD00BFCC0F00207E
:10AFF000F7B50D4604469DF82010EFF31187402069
:10B0000080F31288BFF36F8F266AE06886423FD2D2
:10B010002668B44219D0C6B1304602F0C7FF06F127
:10B02000180003F0B6F854F8082F70692946002577
:10B0300003F0F1F83046B56703F025F820463946AD
:10B0400003F054F8284603B0F0BDA268A9B1E06946
:10B05000294603F0E0F8E369A26813446269E361FA
:10B06000934201D12369E361236A01332362002003
:10B0700087F31188BFF36F8FE5E7A06923699842D2
:10B0800008BF6069801AA061294603F0C4F8EBE7A5
:10B0900052EA03010BD00749896804F108004D61A9
:10B0A000CDE900233946224600F0ECFACBE76FF0F9
:10B0B0002200DDE7CC0F0020F7B504460846EFF389
:10B0C0001186402181F31288BFF36F8F216A002916
:10B0D0003AD0A268A16903F09EF8A369A268256826
:10B0E00013446269A361934204BF2369A361236A85
:10B0F000AC4203F1FF33236235D02846002D33D014
:10B1000002F054FF05F1180003F043F86969A268E2
:10B11000E06903F080F8E369A26813446269E361BF
:10B12000934204BF2369E361236A0027013323624A
:10B130002846AF6702F0A7FF04F10800314602F08D
:10B14000D5FF384603B0F0BD52EA030111D00A49D9
:10B1500089684861CDE900233146224604F10800A0
:10B1600000F090FAEEE7002086F31188BFF36F8FAE
:10B17000E8E76FF02200F7E7CC0F00202DE9F3415C
:10B18000044617461E46EFF31188402383F31288C6
:10B19000BFF36F8F304BC2689B6872B18068984272
:10B1A00017D057EA060216D188F31188BFF36F8FC4
:10B1B0006FF00F0002B0BDE8F08193F90E1021612D
:10B1C0000132C4E9023288F31188BFF36F8F002087
:10B1D000F0E72169F3E793F90E1090F90E309942E8
:10B1E00030DA9942A8BF194602F0F4FE0546CDE9CF
:10B1F00000761A482246414600F044FA0028E6D07C
:10B20000EFF31186402383F31288BFF36F8FA0689A
:10B21000D0B1236821699C420AD04BB193F90E301A
:10B220009942A8BF19466FF07F039942B8BF1946EB
:10B2300002F0D0FE40B10948314602F057FF6FF0EE
:10B240000A00B7E70025D2E7002DF4D186F3118874
:10B25000BFF36F8FF3E700BFCC0F00203F13002038
:10B26000F8B583680546002B3FD0234A9268934285
:10B270003ED1C368012B03D9013BC3600020F8BD58
:10B28000EFF31187402383F31288BFF36F8F0169B7
:10B29000806802F09FFE2C68A54207D10023C5E913
:10B2A000023387F31188BFF36F8FE7E7002CF5D0E7
:10B2B000D4E9003213605A60237C002623F0020395
:10B2C0002374C4E90066A66004F1180002F061FF6F
:10B2D000AC6094F90E302B612046A66702F0D3FED5
:10B2E0000648394602F002FFC8E76FF01500C6E7CE
:10B2F0004FF0FF30C3E700BFCC0F00203F1300200A
:10B3000070B5EFF31186402383F31288BFF36F8F7C
:10B310000468A0421AD0CCB1D4E9003213605A605C
:10B32000237C002523F002032374C4E90055A560A3
:10B3300004F1180002F02DFF2046A56702F0A3FEDD
:10B3400031460848BDE8704002F0D0BED0E9023274
:10B350009A4218BF0133836086F31188BFF36F8F61
:10B3600070BD00BF3F13002013B5EFF311814024DF
:10B3700084F31288BFF36F8F846844B1013C84600A
:10B3800081F31188BFF36F8F002002B010BD52EA25
:10B39000030406D181F31188BFF36F8F6FF00F00A4
:10B3A000F3E7CDE900230246014800F06BF9ECE732
:10B3B0003F13002070B50546EFF31186402383F359
:10B3C0001288BFF36F8F00232C68A54218D0BCB140
:10B3D000D4E9003213605A60227C002322F002027A
:10B3E000C4E900332274A36004F1180002F0D1FE16
:10B3F0006FF00A03A367204602F045FE0123E3E74E
:10B400000022AA6023B986F31188BFF36F8F70BD45
:10B4100031460248BDE8704002F068BE3F1300208C
:10B420002DE9F043073285B022F007020E461F4691
:10B430001099818100F158037F32C0E91633044628
:10B44000002322F03F020421836001743F2A0F98F9
:10B45000A073C4E90633E37306F14009A2F1400882
:10B4600005D883F31188BFF36F8F084602DFB51844
:10B4700029462046FBF750FD07300E9B20F00700C1
:10B48000A066C4E9189802930D9B01932D1A0C9B9A
:10B4900000932A463B4631462046FBF7A3FF002394
:10B4A0006365044B9B6803B1DB6EE366284605B019
:10B4B000BDE8F083CC0F00200123037483810023B7
:10B4C000C0E91833C366014B98607047CC0F002069
:10B4D000094A93686FF00A019967084958674B68F1
:10B4E00043F080534B60002383F31188BFF36F8FC9
:10B4F0009368986F704700BFCC0F002000ED00E00C
:10B5000070B590F91020037C002A2FDBD9062DD1CD
:10B510001A4C63F07F032246037452F8183FE16926
:10B52000934207D1C0E900210860E0610FE0994231
:10B53000F8D01B68002BF5D093F90E6090F90E50EF
:10B54000AE42F4DD5968C0E9003108605860A56971
:10B55000954200D005B9E568A3681A7CD20606D1E9
:10B56000DA897F2A03D9AA690AB9636170BDAB423F
:10B5700002D0284600F0ACFA6561F7E7CC0F002056
:10B5800038B590F91020037C002A014604DA03F054
:10B590007F03037402F03FFD0D4D2A46AB6852F85D
:10B5A000184F944200D004B9EC688B4207D01A7C43
:10B5B000D20604D1DA897F2A01D9A2692AB1A3422D
:10B5C00002D0204600F084FA23466B6138BD00BFEC
:10B5D000CC0F0020B3F1FF3F08BFB2F1FF3F03D013
:10B5E0000249183000F0F2BA704700BFCDE0020007
:10B5F000034648B9EFF3058232B9064A51699268A9
:10B60000914201D0FFF764BF83F31188BFF36F8FBE
:10B61000704700BFCC0F002038B5184CA168E06916
:10B620000B68814214BF1A46002249680B605960BA
:10B63000A368E1692AB9124AC3E900210B60E361FA
:10B640000AE092F90E5093F90E00854212DD51681E
:10B65000C3E900210B605360A569094B9D4200D0EE
:10B6600005B9E568A3689D4202D0284600F030FA8B
:10B67000656138BD8A42DED01268DBE7CC0F00205E
:10B68000E40F0020F8B50E4B0C4611460D4A9868A1
:10B690001060DDE90667EFF31182402282F3128821
:10B6A000BFF36F8F9D68284602F0C7FC28463246DC
:10B6B0003B46FFF78FFF2046BDE8F840FFF708BF85
:10B6C000CC0F0020EC0F0020F8B50446EFF31187F3
:10B6D000402383F31288BFF36F8F037C03F01F02B4
:10B6E000002A0CBF0126002649B235D103F07F03A2
:10B6F000037402F090FC294D037C817363F07F0397
:10B700002A46037452F8183FE869934207D1C4E906
:10B7100000200460EC610DE09842F8D01B68002B1B
:10B72000F5D093F90EC08C45F6DD5968C4E90031B7
:10B730000C605C60AC69944200D004B9EC68AB6802
:10B740009C4202D0204600F0C3F96C6187F3118857
:10B75000BFF36F8F3046F8BD9B071CD5856802F09C
:10B760005AFC81732B689D4209D16B68C4E9005370
:10B770001C606C60EAE76A689A42F6D01B68002B8E
:10B78000F3D093F90E208A42F5DD5A68C4E90032FD
:10B7900014605C60DAE78173D8E700BFCC0F00204B
:10B7A000EFF31181402383F31288BFF36F8F054BB2
:10B7B0009A68D37B013BD37381F31188BFF36F8FFA
:10B7C000704700BFCC0F002070B5EFF31186402307
:10B7D00083F31288BFF36F8F0F4DAB68DA7B0132B2
:10B7E000DA732A4652F8184F944200D004B9EC6834
:10B7F0001A7CD20604D1DA897F2A01D9A2692AB13A
:10B800009C4202D0204600F063F923466B6130462B
:10B81000BDE87040FFF7ECBECC0F0020024B03F1F7
:10B820001802C3E906227047CC0F002070B5EFF371
:10B830001186402383F31288BFF36F8F1A4CA168DF
:10B84000E0690B68814214BF1A46002249680B6008
:10B850005960A368E1692AB9144AC3E900210B6061
:10B86000E3610AE092F90E5093F90E00854216DD6D
:10B870005168C3E900210B605360A5690B4B9D42E1
:10B8800000D005B9E568A3689D4202D0284600F0C3
:10B890001FF965613046BDE87040FFF719BE8A4266
:10B8A000DAD01268D7E700BFCC0F0020E40F0020E9
:10B8B000F8B550EA010306460C4603D1FFF7B6FF80
:10B8C0000020F8BDEFF31187402383F31288BFF304
:10B8D0006F8F124D124BA8681860FFF751FEA868D1
:10B8E000104923463246183000F070F9AA68137CDC
:10B8F00043F00403137404463846FFF7E9FDAB68D0
:10B90000D3E90A23B3F1004F08BF002AD8D102F0CF
:10B9100075FC201A20EAE070D3E700BFCC0F0020AE
:10B92000EC0F0020CDE00200014B9868704700BF8B
:10B93000CC0F00202DE9F84304468789EFF31186E8
:10B94000402383F31288BFF36F8F037C190705D55B
:10B9500086F31188BFF36F8FBDE8F883D90943F0F0
:10B9600008026FD10274A36813B1204602F05BFB9A
:10B9700004F1180002F00DFCA56D04F15808A8456B
:10B9800011D04FF0000975B1284602F04CFB05F1CB
:10B99000180002F0FEFBC5F878902846FFF7B0FDCE
:10B9A000A56DA845EFD1DFF8BC80D8F808309C42DF
:10B9B00050D1EFF30589B9F1000918BF4FF0010923
:10B9C000D8F81850284A954200D00DB9D8F80C5034
:10B9D000AB4202D0284600F07BF82046C8F814504D
:10B9E00000F072FDB9F1000F02D02048FFF764FDAE
:10B9F000D8F808309C4230D1EFF305836BBBA289A5
:10BA0000D20711D586F31188BFF36F8F83F31188A6
:10BA1000BFF36F8F0423184602DFEFF31186402334
:10BA200083F31288BFF36F8F3046FFF751FDFB079A
:10BA300092D5002383F31188BFF36F8F0423184638
:10BA400002DF89E703F07F0343F00803037402F089
:10BA5000E2FA88E74FF00009B2E786F31188BFF3F6
:10BA60006F8FE4E7CC0F0020E40F0020F8070020E0
:10BA7000027C12F01F02034610D10A4988420DD001
:10BA80000949086868B1D9897F2909D893F90E2036
:10BA9000064B1B689A42B8BF0020704700207047D1
:10BAA00010467047F8060020E8020020F00F002042
:10BAB000044BC01A044BC0105843044B01221A54C3
:10BAC000704700BF78080020ABAAAAAA3F13002045
:10BAD00070B50C4B0C4D1E7CFFF7CAFF182303FBFF
:10BAE00006550446284602F054FB084B00229A559E
:10BAF0003CB1621E28460649BDE87040D31700F0ED
:10BB000065B870BDCC0F0020780800203F130020DE
:10BB1000B1BA020038B5EFF31185402383F31288E0
:10BB2000BFF36F8F0F4B104A9C681068A04206D17C
:10BB3000FFF7CEFF85F31188BFF36F8F38BD00216B
:10BB40001B7C1160094AD35C002BF3D02046FFF721
:10BB50008FFF0028EED0237CDB0601D1FFF75CFDD0
:10BB60002046E5E7CC0F0020EC0F00203F1300201B
:10BB7000024B1868984208BF00207047EC02002072
:10BB8000034B1B680BB9FCF7EBBF0020704700BFED
:10BB9000F40F002030B570B10B4B5B6898420AD0AF
:10BBA000036843B1D3E90421D0E90445121941EBFC
:10BBB0000501C3E90421D0E9003213605A60002373
:10BBC000C0E9003330BD00BFEC020020B3F1FF3FFD
:10BBD00008BFB2F1FF3F2DE9F84F044699461546DC
:10BBE0001F467AD08160EFF31188402383F31288D7
:10BBF000BFF36F8FB9F1000FDFF8E4A020DBFFF790
:10BC0000BFFFDAE90027013549F100092D1849EB9A
:10BC1000E073C4E90453AD18064643EB07074FF041
:10BC20000109FFF7A5FFDFF8BCE0DEF804A003463A
:10BC3000EBB9C4E900EACAF80040CEF8044028E0B5
:10BC4000DAE900126FF001035B1A4FF0FF3161EB8C
:10BC500002025B1B62EB0902012B72F10001BCBF07
:10BC600001230022C0E904324FF00009D9E7D3E9EB
:10BC7000041CD4E904208A4270EB0C0B24DA891AE4
:10BC80005A686CEB0000C3E90410C4E90032146088
:10BC90005C60FFF76DFF84420ED1134B1B685BB9EC
:10BCA000B9F1000F02D1FFF76BFF0646304602F0F4
:10BCB00059FA0021FCF726FF88F31188BFF36F8F34
:10BCC00028463946BDE8F88F521A60EB0C00534500
:10BCD000C4E90420ADD01B68AAE700252F46EFE792
:10BCE00090080020EC020020F40F00202DE9F0471E
:10BCF000DFF8A890DFF8A880C9F800000246FFF737
:10BD000037FF0D4600260027D8E900134FEAE27EF0
:10BD100050B1D0E9044CA2427EEB0C0A1BDAA41A03
:10BD20006CEB0E06C0E9044652184FF0000443EBDA
:10BD30000E032046C8E90023C9F8004002F012FAB9
:10BD40002146FCF7DFFE85F31188BFF36F8FBDE856
:10BD5000F047FFF7DFBE611843EBE473C0E9046707
:10BD6000C8E90013FFF716FF01224FF00043C0E9B6
:10BD7000042385F31188BFF36F8F83689847EFF32F
:10BD80001185402383F31288BFF36F8FD9F8002009
:10BD9000121BC9F80020FFF7EBFEB5E7F40F0020F7
:10BDA0009008002010B5EFF31184402383F312882C
:10BDB000BFF36F8FFFF7E4FE054A0346D2E90001A7
:10BDC000181841EBE37184F31188BFF36F8F10BD36
:10BDD0009008002038B5064C064DAC4201D3002037
:10BDE00038BDD4E90112204602F00DFA1434F4E70C
:10BDF000900300209003002010B50A4C23681BB16B
:10BE000001232360002010BD00F0F0F80028F7D0D7
:10BE10000138062803D8044B53F8200010BD03480E
:10BE200010BD00BFF80F00206CE80200FE8FFFFF7E
:10BE3000BFF34F8F0549064BCA6802F4E062134313
:10BE4000CB60BFF34F8F00BFFDE700BF00ED00E008
:10BE50000400FA0510B4094B09490A4C4FF0FE32B0
:10BE6000C3F800244968C3F80424C3F80824C3F8BD
:10BE70000C240023C4F8003510BC084700B0025061
:10BE8000F402002000A00250D0E90012014BC3E9E7
:10BE900000127047F402002010B5044650B16368E8
:10BEA00013F0685F05D0064A934202D00023236056
:10BEB000626010BD034B04485B689847EFE700BF22
:10BEC0002C5F5CA9F402002088E80200C8B1436836
:10BED0000D4A934213D013F0685F0ED0012350E84F
:10BEE000002F194640E8001C9CF0000FF7D1012AF2
:10BEF000F5D0BFF35F8F00207047044870470448B7
:10BF000070476FF4E04070472C5F5CA9E98FFFFF3A
:10BF1000EA8FFFFF80B14368094A93420AD013F0C9
:10BF2000685F05D0BFF35F8F00230360184670473A
:10BF300004487047044870476FF4E040704700BF02
:10BF40002C5F5CA9E98FFFFFEA8FFFFF10B5044665
:10BF500020B1044B63600022226010BD0248FFF74D
:10BF600079FFF6E73A00003AB0E8020010B5D0E9F0
:10BF70000023194C6360D0E90230C4E9023022602A
:10BF8000164BD1F800C0C3F800C0D1F804C0C3F804
:10BF900004C01348D1F808C0C3F808C0D1F80CC0D9
:10BFA0000969C3F80CC01961436813F0685F04D0D5
:10BFB0000C490023C0E9003190470B48436813F057
:10BFC000685F07D0074923680022C0E90021BDE867
:10BFD0001040184710BD00BF10030020FC020020D5
:10BFE000300300202C5F5CA92803002008B500F076
:10BFF00013F830B900F014F828B9064AC2F80C0A50
:10C0000008BD032008BD00F009F800F043F8042043
:10C0100008BD00BF00B002500020704700207047EC
:10C0200010B5154800F05EF800B110BD134800F0DF
:10C0300059F80028F9D1124C204600F053F8002896
:10C04000F3D1104B10481C6000F04CF80028ECD1E4
:10C050000E4800F047F80028E7D10D4800F042F8FC
:10C0600001460028E1D100F039F8044608B900F093
:10C070004DF8204610BD00BF700300206C03002067
:10C080006803002060030020640300205C0300209C
:10C090005803002008B50B4800F02EF80A4800F0BD
:10C0A0002BF80A4800F028F8094800F025F809485C
:10C0B00000F022F8084800F01FF8BDE8084000F042
:10C0C0000FB800BF700300206C030020680300203D
:10C0D000640300205C030020580300200020704708
:10C0E000704700BF08B5034B02681B68106898478B
:10C0F000002008BD1003002008B5034B02685B68F0
:10C1000010689847002008BD1003002070B5094C46
:10C11000094D2069AB68984718B1084B08485B681F
:10C120009847084AEB68206900211160BDE870401B
:10C13000184700BFFC02002010030020F40200207A
:10C14000D4E80200141000207047BFF35B8F50E862
:10C15000003F013340E80032002AF8D1BFF35B8F83
:10C16000704700EBC100408840087047F8B50346AF
:10C17000FFF7F7FFB0FA80F0C0F11F0003EB800C6F
:10C18000CA00DCF81060171D0C4606328DB256B995
:10C19000012101FA00F0D9680143D960CCF81040C0
:10C1A000DD539D52F8BDF1000431585AD85303EBCA
:10C1B000C0009E52C5805D52F4E7043A2DE9F84371
:10C1C000CC1D114424F0070421F00706A6EB040857
:10C1D0004FEAD807B7FA87F2C2F12405AD004FF055
:10C1E00000090735C2F12002ED0804604946A76046
:10C1F000C4F80C90920004F1100002F01AF8AAB2F0
:10C20000530043F0010363807B1B9BB204EBC50129
:10C210005800A4F80090488024F83520A6F8029031
:10C2200024F8083004EBC70329465A8842F001027B
:10C230005A802046BDE8F843FFF798BF08B5EFF3F2
:10C240001183402383F31288BFF36F8FEFF31083C2
:10C2500072B600F06FF9038B13F0070306D1036881
:10C26000002B18BF032008BF00207047022B05D108
:10C27000408BB0FA80F0400980007047012B04D158
:10C280000368002B18BF0520EDE70020704710B5AC
:10C290000C4600B111B96FF0150010BD081D00F07B
:10C2A000ABF80028F9D1A368032BF6D9F3E72DE901
:10C2B000F0410D4607461946281D90461E4600F0DF
:10C2C000ACF8044638B13346424629463846A446BF
:10C2D000BDE8F0416047BDE8F08110B4EFF3118292
:10C2E000402484F31288BFF36F8F416110BC012199
:10C2F000FAF700BC38B50C46054658B151B10B6889
:10C3000043B14B6833B11C22002101F092FF2C6134
:10C31000002038BD6FF01500FBE7F8B504460E4667
:10C32000FFF7B5FF051E3BDBEFF31182402383F3DC
:10C330001288BFF36F8F638B278B4FF6FF718B4291
:10C3400007F007072ED0062F2FD8DFE807F0182EAA
:10C35000082E180418006FF08505002303E0013350
:10C3600063830225012382F31188BFF36F8FBBB172
:10C3700000233A4631462046FFF799FF10E000239C
:10C380003360636823B9C4E9006627B13D46E4E73A
:10C390001E606660F9E702212046FAF7ABFB3D46D6
:10C3A0002846F8BD6FF00A05D7E76FF00405D4E71B
:10C3B00010B5EFF31182402383F31288BFF36F8F20
:10C3C000048B04F00704022C0AD0012C0CBF6FF080
:10C3D00004006FF0850082F31188BFF36F8F08E0CF
:10C3E000438B013B9BB2438323B92146FAF782FB7F
:10C3F000204610BD2046EEE7034658B1426802F0E1
:10C400000302012A03D0032A04D1026812B10020DA
:10C41000986070476FF0150070474268816002F0C5
:10C420000302032A4FF0000203460CBF00681046C7
:10C430005A6070477047C3693BB1DB682BB1DB6959
:10C440001879B0FA80F0400970470120704770B544
:10C45000C56904460E460DB103232B712046FFF734
:10C46000EAFFA8B103212046B047002802DA10F104
:10C47000860F0ED1012125B920463346BDE8704014
:10C48000184729712046B047002802DB00232B7192
:10C49000002070BDFEE701F0CCBE01F0BCBE01285B
:10C4A00001D1EFF30583FEF733BC01460068FFF7C7
:10C4B000F6BF08B5FAF72CFDBDE80840FAF7E8BF6B
:10C4C00000210120FFF7EBBF6FF08500704761B6D8
:10C4D00062B680F31188BFF36F8F704772B6002386
:10C4E00083F31188BFF36F8FBFF34F8F30BF62B6F6
:10C4F000BFF36F8F704772B6002383F31188BFF3C9
:10C500006F8FBFF34F8F20BF80F31188BFF36F8F02
:10C5100062B67047202809D9B0F1004F08D8013819
:10C52000B0FA80F0C0F11F0040007047082070474B
:10C530003E20704708B500224FF480214FF0005094
:10C54000FDF7DAFE4FF080430122C3F80025BFF368
:10C550004F8F20BFFDE70369C9B20C2202FB0133F4
:10C56000186C00F00700704770B50346C9B2006947
:10C57000EFF31186402484F31288BFF36F8F0C25EC
:10C5800005FB0104246C14F0C00401D0A24210D1B8
:10C5900005FB010001220264002086F31188BFF32D
:10C5A0006F8F28B95B6803EBC1035B689847002075
:10C5B00070BD4FF0FF30F0E78022FFF7D5BFF8B530
:10C5C000069F04690546C9B2EFF3118C402080F341
:10C5D0001288BFF36F8F0C2606FB0146306C00F00B
:10C5E000070EBEF1010F11D1376400268CF31188BC
:10C5F000BFF36F8F46B90C2000FB0144C4E90E2342
:10C600006B6853F8313098473046F8BD00F0C000F1
:10C6100087420CBF6FF077064FF0FF36E6E713B5A1
:10C6200080240094FFF7CBFF02B010BD10B4006966
:10C63000CBB21C2404FB0300002110BC10471046A1
:10C64000FEF75EBE00F08ABDFDF744BF10B50C4694
:10C6500001F057F80023C4E90003184610BD38B5AF
:10C6600005460C4601F04DF8002D07DBA84205D920
:10C67000401B84428CBF0020012038BD0020FCE715
:10C6800070B50D462846194616461C46FFF7E7FFCB
:10C6900038B124B122462946304601F0BCFD0020C5
:10C6A00070BD6FF01500FBE743685B68D3F8103589
:10C6B0000B600020704743685B6802EA010021EAD2
:10C6C0000201C3F80805C3F80C1500207047436841
:10C6D0005B680020C3F80815704743685B6800205A
:10C6E000C3F80C15704743685B68D3F8042521EA4A
:10C6F00002001140C3F80805C3F80C15002070476C
:10C7000030B50369586800B30024884219D108681D
:10C710008CB99C685860A14200D1986000200860E4
:10C720002AB15A680A609A68596002B99960002073
:10C730000FE02846E9E720609868814208BF9C60C6
:10C74000ECE705680446002DF3D1002AE9D16FF02B
:10C75000150030BD00207047FDF7CCBF30B54368F1
:10C760001360057A446804EBC504A34202D36FF05A
:10C77000010030BD5C798C4203F10803F0D1002048
:10C78000F7E7704743685B6B0020C2E900307047F1
:10C790002DE9F341BDF820C0476804690329064626
:10C7A0000CF0010C5BD8B87D01284FF0010504BFE7
:10C7B0005B0852088D40002B54D0934255D2A0699B
:10C7C000824211D0207FA84349D19646BEF5004F42
:10C7D00040D2A2616077226897F81680C2F80C05F3
:10C7E000C2F80485C2F808E5627F23FA02F292B229
:10C7F0004FF0010E70688CF00108006A42EAC832FE
:10C8000020F81120EDB2BEF1000F3BD1226801F5F6
:10C81000AC7152F82120002A0DDB003B18BF012328
:10C820006345019201A825D1FBF722FD019A01235E
:10C830009340C0F80C35217F21EA0501217729B307
:10C84000A37F63BB1023012207F12001204600F0E3
:10C85000FAFF20E0013008284FEA5E0EB6D16FF0F3
:10C86000150019E09E461A46C4E74FF0000E47F641
:10C87000FF72BFE7FBF7FCFC019A01239340C0F86D
:10C880000835D8E7237F1D432577D9E7306901F0C4
:10C8900013F80123A377002002B0BDE8F081002344
:10C8A000A377204601F022F80028FAD0CAE713B592
:10C8B00001AA0446FFF752FF002805DB019B22680E
:10C8C00019791868FBF718FC02B010BD012973B57F
:10C8D000044633D143680569186B0021FFF7E7FF71
:10C8E00000210E462B6806F5AC7253F82230002B5F
:10C8F0000EDB01A80193FBF7BBFC019AD0F80435CD
:10C90000D34013F001031CBF0123B3400B43D9B242
:10C910000136042EE6D1002201256368186A05FA63
:10C9200002F30B40B3FA83F35B09DB0320F8123008
:10C930000132042AF1D1002002B070BD91B904691E
:10C940004568204600F0B8FF204600F0CFFF0028E1
:10C95000FAD00023A361A383A377286B0121FFF7FB
:10C96000A6FFE8E76FF08500E6E70022012123201B
:10C97000FAF7FCBC10B50B6813B91360184605E054
:10C9800003685C681CB114600368186810BD083344
:10C9900003600B68013B0B60EDE713B501AA044689
:10C9A000FFF7DCFE002805DB019B22681979186877
:10C9B000FBF7A2FB02B010BD70B50C46466839B15A
:10C9C000012910D10021B069BDE87040FFF7E5BF33
:10C9D000056995F8893023B1284601F02CF885F8CF
:10C9E00089400121EFE76FF0850070BD38B54468DC
:10C9F0000569A0690021FFF7D0FF002815DB216A37
:10CA00004A1C0AD163699847EB6B23B92B6305F184
:10CA10003400FEF775FC002007E0E06900F0ADF897
:10CA200010F1130F01D0431DECD138BD30B50446D1
:10CA30000069056F836F85B05DB94BBB2469636581
:10CA400004F14400FEF75CFC002384F8883005B054
:10CA500030BDFBB1AB421A4628BF2A46C16EC0F8B2
:10CA60008420009119B1002D14BF114600210191BD
:10CA7000416F029181B1002B08BF002203926946E9
:10CA8000002201F004F80028E1D06FF00403D5E79C
:10CA90001A46E3E72A46E1E70A46EFE738B50378A6
:10CAA0000C4673B9D1F8845065B9D1F880301C694F
:10CAB0006FF07303636504F14400FEF721FC84F812
:10CAC000885038BD0B6F9BB19D4211D85B1B0B6723
:10CAD000002B30D18B6D08338B65CB6D013BCB6563
:10CAE00001F1700204F158005C31FFF743FFE0668A
:10CAF000E36A9B88DB0742BFE36F5B19E367A36FC1
:10CB00009BB19D4211D85B1BA367D3B9236E083339
:10CB10002366636E013B636604F1780204F16401ED
:10CB200004F16000FFF726FF6067D4F88000BDE8DD
:10CB30003840FFF77BBFCB6E002BD9D02B44CB66A0
:10CB4000D6E7636F002BF0D02B446367EDE708B5A1
:10CB50000069C36A8B420AD190F8883053B9C36B1D
:10CB60001BB903633430FEF7CBFB002008BD6FF028
:10CB70001500FBE76FF00F00F8E7F0B587B0012371
:10CB80008DF8023002238DF804306B4403930E4677
:10CB900001AB0DF1030100270546029104930597AF
:10CBA000FDF79CFD041E0BDB03AA3146284600F06E
:10CBB000F1FB041E07DA9DF803102846FDF788FDF7
:10CBC000204607B0F0BD3C46FAE7F8B50C460546EE
:10CBD00000F095FD002221460646284600F03CFD67
:10CBE00003212046FBF70EFD00F0A8F907462B684D
:10CBF0009B5953B100262146284600F07EFD204671
:10CC00000121FBF7FFFC3046F8BD00F097F9C01B8F
:10CC10000628ECD96FF07306EDE70022012104200D
:10CC2000FAF7A4BB13B501AA0446FFF797FD002845
:10CC300005DB019B226819791868FBF75DFA02B0E1
:10CC400010BD38B521B101290FD06FF0850038BD76
:10CC500043689A6A1AB901690968C1F80025586AD7
:10CC60000121FFF7DFFF0020F1E744680569606AF2
:10CC70000021FFF7D7FFA36A002BF4D12B68022213
:10CC8000C3F80025EFE708B50069036A8B4207D1B6
:10CC9000036B1BB943622830FEF732FB002008BD4E
:10CCA0006FF01500FBE70378012B06D10B69426892
:10CCB0009A6403F13800FEF723BB704710B551F8B2
:10CCC000143C58680C4628304FF40011FBF7BAFCAE
:10CCD000A4F11000BDE81040FEF712BB2DE9F04FA3
:10CCE00080460469466885B08B46994692465AB399
:10CCF0001568B9F1000F29D0D9F80070BBF80430DD
:10CD0000980425D44FF0FF324FF0FF3304F1280090
:10CD1000FEF72AFBC4F824B0D8F81020136A9B450C
:10CD20004AD0BBF80430190519D56FF08505236A80
:10CD30001BB19B889B0400F1D8800023636204F13F
:10CD40002800FEF7DDFAD0E01546D2E74F46D5E7DA
:10CD5000236B002BD6D1636A9B45D3D1DCE7D80780
:10CD600040F1DD80190700F1DA8003F4FC63B3F5CC
:10CD7000807F40F0D4809BF81430002B40F0CF80AF
:10CD8000C2F820B0BBF804101268880701F0040351
:10CD900040F1AF80002B0CBF02230323022BC1F311
:10CDA000001100F0A880032B00F0A880012B01D116
:10CDB00041F00201C2F85415BAF1000F03D0DAF8BD
:10CDC0000430012BB1D8B9F1000F03D0D9F80430E9
:10CDD000012BAAD83DB16B682BB12B6803F06043DF
:10CDE000B3F1005FA1D1B06AF0B196F82C908368DE
:10CDF00003A95B68984798B9039A012303FA09F3DA
:10CE000013420DD14FF0886106F12800FBF71AFCA0
:10CE10004FF0FF324FF0FF3304F17800FEF7A4FA31
:10CE200023680222C3F80025002D6AD0D5E90052FC
:10CE3000002F68D0D7E90073D8F80410D8F8100094
:10CE4000098C8A4265D88B4263D88766294600934D
:10CE50003B4600F058FF0546002837D1B06A78B14C
:10CE600096F82C10012505FA01F183681B69984793
:10CE700096F82C30B06A05FA03F18368DB689847AE
:10CE8000236A998811F001013FD1E56D1B684FF4C9
:10CE9000FA52554340F2E730B5FBF3F54FF4004743
:10CEA000C8354FF47A720023E5FB0701F9F746FA1B
:10CEB00002460B4604F13800FEF756FA60BB236ABF
:10CEC000A56C9B88D90701D505B9256FB36A1BB13D
:10CED00023680022C3F80025002DFFF628AF236A3F
:10CEE0001BB19B889A047FF522AF284605B0BDE8A8
:10CEF000F08F9B0852E741F004015BE741F0060127
:10CF000058E72A4694E73B4696E74FF0FF32134630
:10CF1000D0E76FF01505D9E76FF07305D6E76FF02E
:10CF2000150504E700F150039B009BB203F1804319
:10CF300003F5883300221A601B68704708B5FBF7B9
:10CF40007DFC08BD036893FAA3F318061A0A40EAA9
:10CF5000136002F47F421B02104303F47F03184363
:10CF60007047BFF35B8F0068BFF35B8F704703466A
:10CF70000022BFF35B8F53E8000F43E80021002934
:10CF8000F9D1BFF35B8F7047BFF35B8F50E8003F71
:10CF9000013B40E80032002AF8D1BFF35B8F7047B5
:10CFA000BFF35B8F50E8003F013340E80032002AB6
:10CFB000F8D1BFF35B8F70471FB50020FAF78AFDE9
:10CFC00098B1002301930393694601230293FFF76D
:10CFD000A4F9002806DB029B9B0702D0FEF726FC83
:10CFE000F9E7039805B05DF804FB6FF01200F9E76C
:10CFF00008B50020FAF76EFD20B1FFF7D9F900EA75
:10D00000E07008BD6FF01200FBE708B5F9F7B0F962
:10D01000002008BDFEF7F0BE08B5F9F765FEF9F788
:10D0200039FFBDE80840FEF7E7BE4FF08053D3F864
:10D030003021082A03BFD3F83401B0FA80F0400948
:10D040000020704703460020184700F00CBF10B5C1
:10D0500002461168B1B1BFF35B8FB1FA81F3C3F13E
:10D060001F000123834021EA030352E8004F8C4252
:10D0700004D142E8003CBCF1000FF6D1BFF35B8F56
:10D08000E7D110BD6FF00B00FBE710B50368CB4094
:10D09000DB0714D401238B400268BFF35B8F43EAA4
:10D0A000020150E8004F944204D140E8001CBCF15A
:10D0B000000FF6D1BFF35B8FEED1002010BD6FF0F3
:10D0C0001500FBE70001090400F1804012B1C0F82F
:10D0D00004197047C0F80819704710B1012802D030
:10D0E0007047FDF7F7B9FDF7A7B918B1012803D1CB
:10D0F00000F019B800F032B8704708B5FDF7B8F97C
:10D10000BDE80840FDF726BA4FF08053D3F8302130
:10D11000082A06D1D3F8340102288CBF0020012050
:10D12000704700207047FDF74DB938B54FF0804487
:10D130000223C4F808330123E3600023C4F8043158
:10D14000D4F8043142F21075D4F81834DB0304D556
:10D150000120FFF77AFF013DF6D138BDFFF7E5BFAB
:10D16000F7B5019001A8DDE9084716461D46FDF711
:10D1700029FA019BB6F1000C18BF4FF0010C00EB2F
:10D1800083000B1E18BF0123002D43EA4C030CBF84
:10D190004FF0000C4FF00C0C002C43EA0C030CBFBA
:10D1A0004FF0000C4FF4E06C002F43EA0C03D0F872
:10D1B00000270CBF4FF0000C4FF4403C43EA0C0337
:10D1C00022EA030301B109780EB1367876001943DB
:10D1D0000DB12D78AD0031430CB1247824022943E0
:10D1E0000FB13F783F040C433C43C0F8004703B005
:10D1F000F0BD1FB50DF10F03019300238DF80F1043
:10D2000000931A461946FFF7ABFF05B05DF804FB23
:10D2100010B504460846FDF7E5F904EB4004207D0F
:10D22000C0F3401010BD10B504460846FDF7DAF90A
:10D2300004EB4004207DC0F3400010BD10B504464F
:10D240000846FDF7CFF904EB4004A08A400B10BD5F
:10D2500070B5044608461646FDF7C4F908300D4679
:10D2600034F81030DA0509D5C3F3432304EBC302C5
:10D27000314654F83330526828469847A3682BB19A
:10D28000E26831462846BDE87040184770BD10B5C9
:10D2900004460846FDF7A6F904EB4000838ADA0548
:10D2A0001DD5C3F3432123F4F853838204F1120202
:10D2B00004F1720032F8023F13F4807F03D0C3F30D
:10D2C000432399420BD08242F4D104EBC1030022E4
:10D2D0005A6004F17800BDE81040FFF7D6BE10BDDB
:10D2E00010B50446FFF794FF38B12046FFF7A6FFBC
:10D2F000800000F5807080B210BD4FF4BE70FBE777
:10D30000F0B5034600F580740020054601278446E9
:10D3100095420AD1D3F87C2132B10022C3F87C2196
:10D32000D3F87C3140F00040F0BD25F0404607FACC
:10D3300006F6314209D0D4F800E0BEF1000F04D067
:10D34000C4F800C0D4F800E0304301350434DFE70E
:10D3500038B504460D46FFF75BFFA8B12046FFF73E
:10D3600062FF88B92046FFF769FF226801238340E6
:10D37000C2F80833236803EB8000D0F8103523F09F
:10D380000303C0F8103538BD28460021BDE83840F9
:10D39000FFF72FBF2DE9F043174685B00446084636
:10D3A000FDF720F9D7F800800E460546B8F1000FCA
:10D3B0001ED02046FFF737FF18B12046FFF728FFA1
:10D3C00020BB0023CDE900338DF80E308DF80F30EF
:10D3D0000DF10F0243460DF10E013046FFF7C0FE7E
:10D3E00004EB4502938A23F0020343F00103938286
:10D3F0007B689BB33146204693F80080D3F80490B5
:10D40000FFF711FF28B1B9F1000F1FD06FF0150021
:10D4100027E004EB4500838A23F4604323F02003D4
:10D420008382B9F1000F11D0B8F1030FEED87B68F9
:10D4300021685B6893F800C04FEA8C031944B8F187
:10D44000000F11D1C1F81085C1F8108504EB450219
:10D45000938A23F01C0343EA88039382BB6843BB8F
:10D46000002005B0BDE8F083D1F8102522F00302BA
:10D47000C1F8102522681344D3F8102522F44F3246
:10D4800022F44072C3F810253202D3F8101502F4CA
:10D490007C5242EA08420A43C3F8102504EB4C03CD
:10D4A000A3F87C60838A43EA4C3343F020038382F1
:10D4B000CCE7D3E9007831462046FFF7E8FE002F9D
:10D4C000CED063689F4206D004F17800FFF7BFFD1D
:10D4D000002804DAC5E7A3689845F5D1002004EBDD
:10D4E000C003C3E9017804EB4505C0B2AB8A43EA47
:10D4F000402343F48073AB82B2E72DE9F043054645
:10D5000085B0084616461F46FDF76CF80C46804667
:10D5100026B32846FFF787FE18B92846FFF778FE9E
:10D5200018BB05EB4809B9F8143003F01C0313B11C
:10D530007378012B19D001238DF80F300023CDE92A
:10D540000063721CB31C0DF10F012046FFF708FEAB
:10D55000B9F8143043F00303A9F81430002F3FD07A
:10D5600021462846FFF75FFE20B96FF0150005B091
:10D57000BDE8F0833E782B6803EB86030022C3F8F6
:10D580001025C3F8102505EB48024FEA860C938A54
:10D5900023F4604323F020039382787800B3296852
:10D5A000BF7861440004D1F8103523F4991323F4B3
:10D5B000F853C1F81035230200F4403003F47C53D3
:10D5C00003433805D1F8105500F4801003432B4372
:10D5D000C1F81035938A43EA463343F0200393821F
:10D5E0000020C4E7C0E90312704770B50446154631
:10D5F000FFF70EFE48B10846FCF7F4FF04EB4004C9
:10D600000020A38A5B0B2B7070BD6FF01500FBE749
:10D6100038B590F88C4005469CB9602221461430FC
:10D6200000F007FE2868C0F87C41D0F87C3140F358
:10D630000730F9F76BFE012385F88C30AB67204685
:10D6400038BD6FF07700FBE790F88C00003818BF0A
:10D6500001207047FDF700B82DE9F3410446174655
:10D66000FFF7D6FD0D462668F0B12046FFF7DBFD3B
:10D670008046C8B92046FFF7E1FD820002F58073BD
:10D6800046F80380F35823681344D3F8102542F07A
:10D690000102C3F8102527B1226801238340C2F894
:10D6A000043302B0BDE8F081D6F80433002BA4BFE8
:10D6B0004FF00043C6F804332846FCF793FF04EB11
:10D6C0004004A38AC3F38203042B12D0052B12D08B
:10D6D00001A80195FCF776FF019BD0F81015D94001
:10D6E00001F001010231284602B0BDE8F041FFF728
:10D6F00080BD0321F7E70221F5E7FFF729BEFFF719
:10D70000EFBD4FF080531A695869504370474FF08E
:10D710008053186970474FF080535869704700F183
:10D7200080431A68002A1FBF00221A601B6801206C
:10D7300008BF0020704708B5FDF7F8F8BDE80840BD
:10D74000FFF7DBBC30B502240C72CA600468012507
:10D75000C4F80055096879B112F0040F14BF922182
:10D760008221150748BF41F02001D406046848BF54
:10D7700021F08001C4F800139B000168083312F007
:10D78000800006BF0122CA50C81830BD30B59508C8
:10D79000403D0124AC400C4208D0815831B10021F9
:10D7A0008150825813B11A6822431A6030BD13B5F4
:10D7B00000230C4601934FF4887201ABFFF7E6FF9C
:10D7C00021464FF48A72FFF7E1FF21464FF48E7233
:10D7D000FFF7DCFF21464FF48272FFF7D7FF2146A7
:10D7E0004FF48472FFF7D2FF21464FF48672FFF7A1
:10D7F000CDFF4FF48C722146FFF7C8FF019802B0AD
:10D8000010BD10B54368044633B900680221FFF724
:10D81000CEFF08B101232373207B023818BF0120FB
:10D8200010BD70B5067B044656B9C0E9012319B195
:10D830000B7F0375FDF7DAF801232373002070BD19
:10D840006FF07700FBE770B40C46014615461A46A8
:10D8500051F8043B2668C3F82065A688C3F8246500
:10D86000A668C3F82865E668C3F82C6503682668CF
:10D87000C3F84065A688C3F84465A668C3F8486540
:10D88000E468C3F84C45066805F00104234604EB40
:10D890005504C6F81445D4070CD412F0020403D082
:10D8A000002B0CBF042408240568C5F8004270BC96
:10D8B000FFF748BF1024F7E710B503680022C3F84C
:10D8C00000220368012204465A6051B12046FFF746
:10D8D00098FF0028FAD023680022C3F8002501230E
:10D8E00023732046BDE81040FFF78BBFFFF789BFC9
:10D8F00070B5B22104460068FFF759FFC30605461C
:10D9000007D523695E0704D5636813B1A1680120B8
:10D910009847A80607D52369190704D5636813B18A
:10D92000A168022098472A0607D5206910F0100048
:10D9300003D163680BB1A1689847AB070CD5236886
:10D940000022C3F8002501232373636823B1A16873
:10D950000320BDE87040184770BD07B5019001A8CD
:10D96000FDF7B6F8019A01239340C0F8083503B0DB
:10D970005DF804FB07B5019001A8FDF7A9F8019A2D
:10D9800001239340C0F80C3503B05DF804FB37B5B4
:10D99000D0F818358A69DBB28DF807300B6A9342EC
:10D9A0003EBF4A699DF80740D4540B6A91F8244061
:10D9B0005A1C0A6202333CB10C69A3428C6938BF1D
:10D9C0000B619C4288BF8B610C699C4206D9CA6876
:10D9D000D35CC0F81C35012003B030BD8D699D4279
:10D9E00001D9CB7FF5E7AC4238BF2C46A2422CBF11
:10D9F00000200120F0E770B590F820600446BEB921
:10DA0000C0E9012351B1CB7B80F82930CB7880F875
:10DA100022304B7980F82330FDF780F8226801230B
:10DA20000020C2F8003584F8210084F8203070BD51
:10DA30006FF07700FBE738B5D0E90053044633B107
:10DA400045F30730F9F770FC0423C5F808330023C9
:10DA5000C5F8003594F82930ABB9D5F80805FDF7BD
:10DA6000E3F8D5F81005421C01D0FDF7DDF8D5F834
:10DA70000C05431C01D0FDF7D7F894F82200FF28CD
:10DA800001D0FDF7D1F8002384F8203038BDF8B577
:10DA900090F8213004460E461746002B55D14368B6
:10DAA00013B1012380F8213096E80F0004F110052E
:10DAB00085E80F0094F822000023FF2884F828301E
:10DAC00001D0FFF757FF2FB1002384F821306FF00A
:10DAD0008500F8BD256867620423C5F80833C5F8DA
:10DAE0000871D5F8083173688BB133681B78C5F8B5
:10DAF0001C357368012B0DD933685B78C5F81C356C
:10DB000066686EB10423C5F804330020E1E794F899
:10DB10002330ECE7F368012BF2D994F82330EDE7DA
:10DB2000211DD5F80831002BFBD0C5F80861284627
:10DB3000D5F80831FFF72BFF0028F2D194F8220026
:10DB4000FF28E2D0FFF709FFDFE76FF00F00C0E723
:10DB500070B50146044651F8040B0025C0F8085181
:10DB6000D0F80831FFF713FF78B994F82200FF28A6
:10DB700001D0FFF7F2FE204684F8215000F80C5F38
:10DB8000D4E90131BDE87040184770BD00B5437F4E
:10DB9000022B89B0DAB208D0032A03680FD0012A19
:10DBA00000D15A6209B05DF804FB0023CDE90233CD
:10DBB0008DF80430C368816901A89847F2E7012213
:10DBC0008DF80420D3F83C250292D3F84C2503921B
:10DBD000D3F844250492D3F848250692D3F8342587
:10DBE000D3F8383505920793E4E7F8B50B7C032B9F
:10DBF00007460C465DD8CE7D0568DEB9A068324682
:10DC000033463146FDF726F86068421C04D033469F
:10DC100032463146FDF71EF82068431C04D000222E
:10DC2000E37C1146FDF716F80023A27CE068194654
:10DC3000FDF710F8237E5BB9D4E901102268E36890
:10DC4000C5F80805C5F81015C5F80C25C5F8143534
:10DC5000637C227C003B18BF0123022A23D0032AC5
:10DC600024D0012A01D143F00203C5F85435237DA5
:10DC7000C5F85C35637DC5F8C0350023C5F80431AF
:10DC8000D5F80421C5F82831D5F82831D5F8003267
:10DC900043F00403C5F80032386840F30730F9F761
:10DCA00035FB0120F8BD43F00403DEE743F0060333
:10DCB000DBE70020F6E7F8B5077F05680446FFB903
:10DCC000C260836199B9002040F20243C5F834056F
:10DCD000C5F83805C5F84405C5F848056077C5F8A6
:10DCE0000433012323770223C5F80035F8BDCB7D2B
:10DCF0008377FFF77AFF0028E5D16FF01500F5E78D
:10DD00006FF07700F2E738B521B101F06044B4F16B
:10DD1000005F18D123B103F06044B4F1005F12D169
:10DD2000457F012DECB211D002D9023C012C10D854
:10DD3000C0E90413049B4260836001234377FFF72B
:10DD400025FF002038BD6FF00C00FBE76FF0760078
:10DD5000F8E76FF08B00F5E737B50568D5F80431C3
:10DD6000044693B1437FDBB28DF807300023C5F83A
:10DD70000431D5F8043103234377FFF707FF9DF8FB
:10DD80000730DAB2012B08BF6277D5F82831EBB142
:10DD90000023C5F82831D5F82831637F012BDAB28A
:10DDA00014D163682169C5F84415C5F84835A368DE
:10DDB0006169C5F834152046C5F838350223AA62D2
:10DDC000637703B0BDE83040FFF7E0BE03B030BD7D
:10DDD00038B5057B044665B9426041B18B68836004
:10DDE000FCF75CFFB0FA80F35B09237338BD08468B
:10DDF000F8E76FF07700F9E710B50446006840F3E4
:10DE00000730F9F791FA2268D2F800320023C2F8FD
:10DE1000003222684FF0FF31C2F808132268012156
:10DE20001161237310BDF8B50368D3F80453044699
:10DE30000126002705B9F8BD95FAA5F3B3FA83F3D7
:10DE4000980006FA03F300F5807025EA03052368BD
:10DE50001A58002AEED01F501B586368002BE9D0D7
:10DE6000A1689847E6E708B1F9F70ABD704710B511
:10DE7000436904463BB90020E268537843F001034C
:10DE80005370404210BD98470028F4D00028B8BF16
:10DE90004042E368FF28A8BFFF201870ECE740B1BC
:10DEA000C368587810F001001EBF1878B0FA80F0EF
:10DEB00040097047EFF31183402383F31288BFF3C7
:10DEC0006F8FFEE708B5FFF7F5FF10B542696AB13D
:10DED000836842EA0301890708D10169A2FB0114A2
:10DEE00024B95B182CBF0121002102D36FF015006B
:10DEF00005E0C1609B1A02698A4201D8002010BD6A
:10DF0000C2681A604269C36001319B1AF3E710B519
:10DF1000C0E904320023816083610446FFF7D5FF26
:10DF200008B9C4E9004410BD2DE9F04105460F468B
:10DF3000EFF31188402383F31288BFF36F8FC66815
:10DF4000F6B90468A0421BD0D4B1D4E90032136002
:10DF50005A60237CA66023F002032374C4E90066A0
:10DF600004F1180000F015F92046A667676100F07B
:10DF70008AF8414605F10800BDE8F04100F0B6B866
:10DF80003E60AB69EF60013BAB6188F31188BFF382
:10DF90006F8FBDE8F08108B54024EFF3118384F35F
:10DFA0001288BFF36F8FFEF799FAF6E7D0E90032D7
:10DFB00013605A60027C002322F00202C0E90033A1
:10DFC00002748360704713B501240094FDF710F8C4
:10DFD00002B010BD90F90E308B4201D0FDF774BB3A
:10DFE0000020704703460020C3E90200C3E9003364
:10DFF00070473AB18A4205D3C0E90212C0E9000075
:10E00000002070476FF015007047EFF3058000386F
:10E0100018BF01207047D0E9003213605A60002316
:10E02000C0E90033704708B5FFF7F5FF037C23F024
:10E03000020303740023836008BD38B504460D460F
:10E04000FDF79EFA237C43F002032374D5B1A5604B
:10E050002B689D4209D16B68C4E900531C606C6059
:10E0600010E06A689A42F6D01B68002BF3D093F94F
:10E070000E1094F90E209142F3DD5A68C4E9003283
:10E0800014605C6038BD10B5EFF31184402383F356
:10E090001288BFF36F8FFDF733FA84F31188BFF353
:10E0A0006F8F10BD08B5037C13F0280F01460CD10B
:10E0B00083680BB1FFF7B7FF0B7C23F004030B74ED
:10E0C0000846BDE80840FDF71BBA08BD10B5EFF3E0
:10E0D0001184402383F31288BFF36F8F1838FFF742
:10E0E000E1FF84F31188BFF36F8F10BD0846FDF781
:10E0F0007FBA38B50C460546FDF7DAFBB4F1FF3FB1
:10E1000008BFB5F1FF3F1FBF47F6FF7300224FF472
:10E110007A71E0FB01321ABFD80B40EA42404FF05F
:10E12000FF3038BD38B50446EFF31185402383F343
:10E130001288BFF36F8F037C5B070ED5183000F099
:10E1400028F8237C23F0040320462374FDF7D8F934
:10E150002846BDE83840FDF74BBA85F31188BFF378
:10E160006F8F38BD08B50246FDF702FD70B1D0E9EA
:10E1700004319B1A61EBE272B3F1004F72F10001BE
:10E1800004DA002AACBF1846002008BD6FF000403A
:10E19000FBE738B50246EFF31185402383F312887D
:10E1A000BFF36F8F0368D3B1FDF7E2FC044610465E
:10E1B000FDF7F0FC00224FF000438442C0E9042345
:10E1C00005D0002085F31188BFF36F8F38BDFDF7B0
:10E1D000D7FCFFF7C7FF0021FAF794FCF1E7D0E97D
:10E1E0000413B3F1004F08BF012904D100204FF000
:10E1F0000041C2E904016FF01500E3E708B5FDF73F
:10E20000D1FD08BD704710B400F10C04C0E903440F
:10E2100010BCFDF7D2BF0A44914200F1FF3300D198
:10E22000704710B511F8014B03F8014F9142F9D135
:10E2300010BD02440346934200D1704703F8011B0E
:04E24000F9E70000FA
:08E24400AA81FF7F0100000028
:10E24C00A5780200000000007178020000000000B8
:10E25C0000000000CCE202006DAF020000000000E4
:10E26C00D5BD020000000000000000000CE302001D
:10E27C0000000000ECE202000BD0020000000000E5
:10E28C0015D0020000000000B1890200000000005F
:10E29C004D7802000000000019D0020000000000C0
:10E2AC00000000004CE30200000000008CE30200C0
:10E2BC00000000006CE30200000000002CE30200F0
:10E2CC0076E90200D8E60200B4E5020080030020E3
:10E2DC000C0E002039790200000000000000000044
:10E2EC009FE90200F0E6020078E5020084030020BA
:10E2FC00780E0020B97D020000000000C80000204C
:10E30C00ADE9020004E7020078E502008603002074
:10E31C00840E0020B97D020000000000D80000200F
:10E32C0085E902000000000060E502008203002085
:10E33C0000000000F97B020000000000000000005B
:10E34C00BBE9020018E702009CE5020088030020EC
:10E35C00F80000209182020000000000E80000207C
:10E36C00C8E9020084E70200A4E502008A03002049
:10E37C0028010020EDC90200000000001801002057
:10E38C00D5E90200DCE70200ACE502008C030020BA
:10E39C00C40100207586020000000000B4010020BA
:10E3AC0037D7020045D0020000000000C1C40200B3
:10E3BC0000000000C1C4020000000000C1C4020043
:10E3CC00C401002059DD020000000000C1C402009D
:10E3DC003800002059C7020000000000C1C4020030
:10E3EC0000000000C1C4020000000000C1C4020013
:10E3FC0000000000C1C4020000000000C1C4020003
:10E40C0000000000C1C4020000000000C1C40200F2
:10E41C0000000000C1C4020000000000C1C40200E2
:10E42C0000000000C1C4020000000000418A02008C
:10E43C0000000000C1C4020000000000C1C40200C2
:10E44C0000000000C1C4020000000000C1C40200B2
:10E45C0000000000C1C4020000000000C1C40200A2
:10E46C0000000000C1C4020000000000C1C4020092
:10E47C0000000000C1C4020000000000C1C4020082
:10E48C00F8000020F1D8020000000000C1C4020016
:10E49C0000000000C1C4020000000000C1C4020062
:10E4AC0000000000C1C4020000000000C1C4020052
:10E4BC0000000000C1C402002801002051DB020052
:10E4CC0000000000C1C4020000000000C1C4020032
:10E4DC0000000000C1C4020000000000C1C4020022
:10E4EC0000000000C1C4020000000000C1C4020012
:10E4FC0000000000C1C4020000000000C1C4020002
:10E50C0000000000C1C4020000000000C1C40200F1
:10E51C0000000000C1C4020000000000C1C40200E1
:10E53000580600204013002000060000AD660200CF
:10E5400000000000000000000000000005000000C6
:10E550000000000004E902000000000000000000CC
:10E5600081C602002D7D0200A57C0200F17B020025
:08E570004DC60200E17B020030
:10E57800057E0200A9C60200B7C60200CFC6020087
:10E58800DBC60200E7C60200D57F020001C7020011
:04E59800000000007F
:08E59C0091C7020085C70200CF
:10E5A400C58202004FCB0200DDCC020087CC020002
:10E5B40091790200B9C502001FC6020000000000E4
:0CE5C40057C5020000000000000000002D
:10E5D000D8ECF0F4F8FC000203040506070800007C
:10E5E000000000000000000000000000000000002B
:10E5F00000000101010102020202030303030404FB
:10E6000004040505050506060608090000000000CB
:10E6100000000000000000000000000000000001F9
:10E6200001010102020202030303030404040405BE
:10E6300005050506060708090A0B0C0D0010020067
:10E64000FA000000000000000000000000000000D0
:10E650000338FDD87047000000127A000101000065
:10E6600000000000000000000000000000000000AA
:10E67000000000000000000095C4020030000020EF
:10E6800028000020200000200000000018000020CA
:10E69000016E0200F56C0200496D0200A96D0200D6
:10E6A000000000200000000000000B060200000037
:10E6B000B4E602000000000067E902002600020242
:10E6C000000000206FE9020022000B11F578020023
:10E6D000C578020000000000417A0200C179020002
:10E6E00049C6020045C602000400000000FF000009
:10E6F000FFFF000000030050380000200000000071
:10E7000001000000FFFFFFFF000000503800002064
:10E7100000000000000000000000000000000000F9
:10E7200000000000000000000000000000040000E5
:10E73000E80302010101000018100020040000009D
:10E74000000000000000000050E702000024F40078
:10E7500000C001405CE702000200000078E7020010
:10E76000030000006CE7020003010000188000169F
:10E77000208000170B8000181800001620000017DA
:10E780000B000018000000FF00FF00000000000068
:10E7900000000001010000006BC90200A8E70200B0
:10E7A00000000000FFFFFFFF00300240B4E702005E
:10E7B00002000000D0E7020003000000C4E70200EE
:10E7C000030100002180000422800005278000064C
:10E7D00021000004220000052700000600000000C0
:10E7E0000000000000000000000000000000000029
:10E7F00000FF0001010000001BCC0200FFFF000031
:10E8000010E802000000000000000000000000000E
:10E81000004000401CE80200020000003CE802004A
:10E82000040000002CE80200040100001180000731
:10E8300014800008088000091680000A11000007F3
:10E8400014000008080000091600000A0800000073
:10E85000030000004CE2020054E2020094E20200D5
:10E860009CE20200CCE20200CCE20200FF8FFFFF3C
:10E87000FF8FFFFFFE8FFFFFFE8FFFFFFD8FFFFF6C
:10E88000FC8FFFFFFC8FFFFF6D757465785F66720C
:10E8900065652063616C6C65642077697468204EDF
:10E8A000554C4C20706172616D657465720000009A
:10E8B00043616E277420696E697469616C697A6559
:10E8C000206D757465782C20776173204E554C4C03
:10E8D0000D0A0000436F756C64206E6F74206C6FBE
:10E8E000636B20706F7765722073617665206D753C
:10E8F00074657800E7C2C3C4C5C6C7C8C2C2C2C275
:10E90000E7E7E7E7726164696F5F74687265616485
:10E910005F6964006D757465785F696E6974206302
:10E92000616C6C65642077697468204E554C4C208E
:10E93000706172616D6574657200436F756C6420FF
:10E940006E6F7420616C6C6F63617465206D75749B
:10E950006578206265666F726520696E69746961A9
:10E960006C697A696E6700464C4153485F300053CA
:10E9700052414D5F3000636C6F636B403430303018
:10E980003030303000666C6173682D636F6E747266
:10E990006F6C6C65724034303031653030300067F8
:10E9A00070696F4035303030303330300067706917
:10E9B0006F4035303030303030300070776D40345B
:10E9C0003030316330303000737069403430303271
:10E9D0003330303000737069403430303034303090
:10E9E00030006D61696E0000010203040506070630
:10E9F000050001001001110212031304140515068D
:10EA0000160717080808080808080818181818181A
:10EA10001818182828282828282828383838383856
:10EA20003838384848484848484848585858585846
:10EA3000585858002030303030303030303030309E
:08EA400030303000010000003D
:10EA480078610200010000000000000001020000DF
:10EA58005802030000200000A40300203A00000030
:10EA6800B80300203A000000900300203A0000009C
:10EA7800CC0300203A0000000060004000000000C5
:10EA8800000000000000000000000000000000007E
:10EA9800000000000000000000000000000000006E
:10EAA800000000000000000000000000000000005E
:10EAB800000000000000000000000000000000004E
:10EAC800000000000000000000000000000000003E
:10EAD800000000000000000000000000000000002E
:10EAE800000000000000000000000000000000001E
:10EAF800000000000000000000000000000000000E
:10EB080000000000000000000000000000000000FD
:10EB180055C70200000000000000000000000000CF
:10EB280055C70200000000000000000000000000BF
:10EB3800CDC802000000000000C001400000000035
:10EB480000000000000000000000000000000000BD
:10EB580000000000000000000000000000000000AD
:10EB6800B9C90200000000000030024000000000A7
:10EB7800000000000000000000000000000000008D
:10EB8800000000000000000000000000000000007D
:10EB98000000000000000000000000005C010020F0
:10EBA8005C01002000000000010000006C01002052
:10EBB8006C010020000000000100000000000000BF
:10EBC800000000000000000000000000000000003D
:10EBD800000000000000000000000000000000002D
:10EBE80000000000000000006CE3020000000000CC
:10EBF80000000000000100000000000043CC0200FB
:10EC0800000000000040004000000000000000007C
:10EC180000000000000000000000000000000000EC
:10EC2800000000000000000000000000EC010020CF
:10EC3800EC0100200000000001000000FC010020A1
:10EC4800FC0100200000000001000000000000009E
:10EC580000000000000000000000000000000000AC
:10EC6800000000000000000000000000000000009C
:10EC780000000000000000008CE302003C020020BD
:10EC88003C0200200000000001000000000000001D
:10EC9800000000000000000001000000000000006B
:10ECA800000000000000000000000000000000005C
:10ECB8000000000000A0004000000000000000006C
:10ECC80004000000000000000000000000A0004058
:10ECD80000000000810000000400000000000000A7
:10ECE8000000000000A00040000000007C000000C0
:10ECF8000400000000000000E7E7E7E7C2C2C2C264
:10ED0800E7C2C3C4C5C6C7C80805FF0200000000A3
:10ED180000A000400000000000000000000000000B
:10ED28000090D003FF00000090020000EC020020D9
:10ED3800EC0200200000000031BE02005003002059
:10ED48004803002040030020000000003803002092
:10ED58004DBF020099BE0200CDBE020015BF0200E1
:10ED68002803002030030020FC0F00203A00003A5E
:10ED7800001000203A00003A041000203A00003A3F
:10ED8800081000203A00003A0C1000203A00003A1F
:10ED9800101000203A00003A20030020240300202D
:10EDA800680300200C030020040300200003002057
:10EDB800FC0200205A0300000000000000000000D0
:10EDC800000000000000000000000000000000003B
:10EDD80090030020900300200000000000000000C5
:10EDE8000E000000A4030020A4030020000000007F
:10EDF800000000000E000000B8030020B803002047
:10EE080000000000000000000E000000CC030020FD
:10EE1800CC03002000000000000000000E000000ED
:10EE2800E0030020E00300200C00000000010000C7
:10EE380080270020803300208027002080270020A2
:08EE48000000000000000000C2
:10EE50000804002008040020000000000100000059
:10EE60001804002018040020000000000100000029
:04EE700015E015E0B4
:040000032000720D5A
:00000001FF
